{
  "nfp": 2,
  "ncoils": 4,
  "order": 2,
  "nphi": 32,
  "ntheta": 32,
  "R0": 1.0,
  "R1": 0.5,
  "UUID_init": null,
  "length_target": 5.0,
  "length_weight": 0.001,
  "max_\u03ba_threshold": 12.0,
  "max_\u03ba_weight": 1e-08,
  "msc_threshold": 5.0,
  "msc_weight": 0.0001,
  "cc_threshold": 0.083,
  "cc_weight": 1000.0,
  "cs_threshold": 0.166,
  "cs_weight": 1000.0,
  "force_threshold": 20000.0,
  "force_weight": 1e-10,
  "arclength_weight": 0.01,
  "JF": 1.9742524903790532e-07,
  "Jf": 1.9551293821904068e-07,
  "gradient_norm": 4.7261742754747186e-05,
  "linking_number": 0.6429248782007305,
  "lengths": [
    4.634801998153978,
    4.562142060469657,
    4.025018142810278,
    3.6062166839051897
  ],
  "max_length": 4.634801998153978,
  "max_\u03ba": [
    1.3562257689346882,
    1.3780664541089103,
    1.5619993788321056,
    1.7428023974069926
  ],
  "max_max_\u03ba": 1.7428023974069926,
  "MSCs": [
    1.8380417734726444,
    1.8974384522013437,
    2.437250840410027,
    3.0357752532349727
  ],
  "max_MSC": 3.0357752532349727,
  "max_forces": [
    16854.992271155712,
    16279.062198594766,
    6485.782908379607,
    78.25627352671258
  ],
  "max_max_force": 16854.992271155712,
  "arclength_variances": [
    4.932998157576748e-08,
    4.195843319614779e-08,
    6.614610642587975e-08,
    3.379656068867006e-08
  ],
  "max_arclength_variance": 6.614610642587975e-08,
  "BdotN": 0.00018800607045220297,
  "coil_coil_distance": 0.0830226988366417,
  "coil_surface_distance": 0.25835372330331113,
  "message": "STOP: TOTAL NO. of ITERATIONS REACHED LIMIT",
  "success": false,
  "iterations": 400,
  "function_evaluations": 847,
  "coil_currents": [
    100000.0,
    -65223.44374826958,
    -30679.653832359738,
    -4756.836858640567
  ],
  "UUID": "9e4a00ba0c124b27a55888bbfcc57f9a",
  "eval_time": 338.073726723
}