{
  "nfp": 2,
  "ncoils": 4,
  "order": 4,
  "nphi": 32,
  "ntheta": 32,
  "R0": 1.0,
  "R1": 0.6562505850061566,
  "UUID_init": null,
  "length_target": 4.85428907145038,
  "length_weight": 0.003107909160307234,
  "max_\u03ba_threshold": 5.837243767618065,
  "max_\u03ba_weight": 1.326023659157008e-07,
  "msc_threshold": 5.721126184615322,
  "msc_weight": 0.00010547788266005428,
  "cc_threshold": 0.09785245003916691,
  "cc_weight": 11574.639385824205,
  "cs_threshold": 0.21838855861136608,
  "cs_weight": 650.5292761714736,
  "force_threshold": 7659.811589344446,
  "force_weight": 6.879486078171815e-10,
  "arclength_weight": 0.01,
  "JF": 0.002437279183655553,
  "Jf": 4.494254114794936e-06,
  "gradient_norm": 0.0045135919334277,
  "linking_number": 9.000822124095741e-06,
  "lengths": [
    4.643101946801377,
    2.1569620183695597,
    4.596679660732206,
    4.8555569827961875
  ],
  "max_length": 4.8555569827961875,
  "max_\u03ba": [
    1.9715596139420284,
    5.198684269732986,
    3.216524611126556,
    2.9700054665190607
  ],
  "max_max_\u03ba": 5.198684269732986,
  "MSCs": [
    2.846918204486538,
    8.172786625066527,
    5.627521767342431,
    4.784201964818384
  ],
  "max_MSC": 8.172786625066527,
  "max_forces": [
    7167.613853701128,
    3336.099682400008,
    121.55801816506944,
    282.53895544316373
  ],
  "max_max_force": 7167.613853701128,
  "arclength_variances": [
    2.077667900333768e-05,
    0.2115164914652382,
    3.395411382330868e-05,
    7.547571541783697e-06
  ],
  "max_arclength_variance": 0.2115164914652382,
  "BdotN": 0.0007504716951464243,
  "coil_coil_distance": 0.1645057204265708,
  "coil_surface_distance": 0.37369482909759555,
  "message": "STOP: TOTAL NO. of ITERATIONS REACHED LIMIT",
  "success": false,
  "iterations": 400,
  "function_evaluations": 414,
  "coil_currents": [
    100000.0,
    27253.544657483842,
    6899.591867406852,
    14355.676822116557
  ],
  "UUID": "d73956d179e54814a3a20dce3fad53e0",
  "eval_time": 684.4453618059997
}