{
  "nfp": 2,
  "ncoils": 4,
  "order": 10,
  "nphi": 32,
  "ntheta": 32,
  "R0": 1.0,
  "R1": 0.32940791722234486,
  "UUID_init": null,
  "length_target": 4.754207779394736,
  "length_weight": 0.000704168938661368,
  "max_\u03ba_threshold": 5.82388625034336,
  "max_\u03ba_weight": 3.3194999526793546e-07,
  "msc_threshold": 4.022039752737445,
  "msc_weight": 0.0009284416956848102,
  "cc_threshold": 0.11393141498333419,
  "cc_weight": 13699.919188360594,
  "cs_threshold": 0.26594614457255733,
  "cs_weight": 2666.990119205178,
  "force_threshold": 14665.665214751261,
  "force_weight": 2.8947435888682913e-11,
  "arclength_weight": 0.01,
  "JF": 0.0013757735553437257,
  "Jf": 0.0002373708756430251,
  "gradient_norm": 0.013449618023772762,
  "linking_number": 1.3428354430704044e-07,
  "lengths": [
    5.879677481949144,
    5.81690935325853,
    4.329869206245855,
    4.172729026147114
  ],
  "max_length": 5.879677481949144,
  "max_\u03ba": [
    3.9427400262500316,
    4.183748187297897,
    4.017461540001753,
    3.23628498295112
  ],
  "max_max_\u03ba": 4.183748187297897,
  "MSCs": [
    4.534614457921431,
    4.611644911743347,
    4.018475450143677,
    3.82718729661598
  ],
  "max_MSC": 4.611644911743347,
  "max_forces": [
    14559.780836659567,
    2379.778262878961,
    2738.880405781204,
    2167.112640498032
  ],
  "max_max_force": 14559.780836659567,
  "arclength_variances": [
    9.838979238157742e-05,
    0.000458645216225065,
    0.0002504853784116277,
    0.00013111278228562087
  ],
  "max_arclength_variance": 0.000458645216225065,
  "BdotN": 0.005648108289459002,
  "coil_coil_distance": 0.11396944912908052,
  "coil_surface_distance": 0.26432225114897084,
  "message": "STOP: TOTAL NO. of ITERATIONS REACHED LIMIT",
  "success": false,
  "iterations": 400,
  "function_evaluations": 533,
  "coil_currents": [
    100000.0,
    -12039.09500843544,
    26310.798969696807,
    29764.53308698847
  ],
  "UUID": "bb4d8655ddd24ca2a9a255c6dc04d649",
  "eval_time": 1753.6727145
}