{
  "nfp": 2,
  "ncoils": 4,
  "order": 9,
  "nphi": 32,
  "ntheta": 32,
  "R0": 1.0,
  "R1": 0.44888216703859996,
  "UUID_init": null,
  "length_target": 4.951952472492565,
  "length_weight": 0.0010927101406382003,
  "max_\u03ba_threshold": 8.464486284746231,
  "max_\u03ba_weight": 2.204511188554434e-06,
  "msc_threshold": 4.188366762242943,
  "msc_weight": 4.140927643152706e-07,
  "cc_threshold": 0.09469079139774811,
  "cc_weight": 90481.70897306822,
  "cs_threshold": 0.26943281804408103,
  "cs_weight": 5999.835412187274,
  "force_threshold": 21012.655881649676,
  "force_weight": 2.3384085145505874e-13,
  "arclength_weight": 0.01,
  "JF": 9.693077743480761e-06,
  "Jf": 4.35244623192606e-06,
  "gradient_norm": 0.00047784150290658574,
  "linking_number": 1.454257200286533e-06,
  "lengths": [
    4.82538874278284,
    4.953031802338951,
    4.202767868373546,
    4.561222076198283
  ],
  "max_length": 4.953031802338951,
  "max_\u03ba": [
    3.882661905040992,
    6.0614085592493705,
    4.345733970571491,
    4.12097072381928
  ],
  "max_max_\u03ba": 6.0614085592493705,
  "MSCs": [
    4.399975140754773,
    8.992520410888917,
    4.714174304409719,
    4.625773587685721
  ],
  "max_MSC": 8.992520410888917,
  "max_forces": [
    21231.172146055003,
    18198.57434028093,
    17210.473473474005,
    15824.245359002722
  ],
  "max_max_force": 21231.172146055003,
  "arclength_variances": [
    8.359611653981154e-06,
    8.199264759454734e-06,
    8.589553045635382e-06,
    2.533898428463219e-06
  ],
  "max_arclength_variance": 8.589553045635382e-06,
  "BdotN": 0.0008285952172605081,
  "coil_coil_distance": 0.0949106902960332,
  "coil_surface_distance": 0.26945944620883505,
  "message": "STOP: TOTAL NO. of ITERATIONS REACHED LIMIT",
  "success": false,
  "iterations": 400,
  "function_evaluations": 649,
  "coil_currents": [
    100000.0,
    76419.88570988133,
    76284.91619928322,
    72493.25219042617
  ],
  "UUID": "6be533bf28bc4495ae7a181379c22662",
  "eval_time": 2685.367289035
}