{
  "nfp": 2,
  "ncoils": 4,
  "order": 6,
  "nphi": 32,
  "ntheta": 32,
  "R0": 1.0,
  "R1": 0.4469507710393896,
  "UUID_init": null,
  "length_target": 4.949274818970181,
  "length_weight": 0.00022275308969608228,
  "max_\u03ba_threshold": 5.531257961117944,
  "max_\u03ba_weight": 8.487718536299814e-08,
  "msc_threshold": 5.307451902309531,
  "msc_weight": 0.0006966612870403348,
  "cc_threshold": 0.10897912964094274,
  "cc_weight": 2925.5508074036243,
  "cs_threshold": 0.21677709045260157,
  "cs_weight": 728.4203001281348,
  "force_threshold": 8201.615718048,
  "force_weight": 1.4751056845952604e-13,
  "arclength_weight": 0.01,
  "JF": 4.4355052362891514e-05,
  "Jf": 3.165375293288689e-05,
  "gradient_norm": 0.00021497901891804903,
  "linking_number": 10.00002528261539,
  "lengths": [
    5.15217741858581,
    4.459102775787799,
    4.784394816875106,
    4.731765521252833
  ],
  "max_length": 5.15217741858581,
  "max_\u03ba": [
    2.1321313509506843,
    3.2322363149550055,
    4.05571499256466,
    3.9118373463091087
  ],
  "max_max_\u03ba": 4.05571499256466,
  "MSCs": [
    2.5227345172818225,
    5.270183352519213,
    5.308747399909499,
    4.927818947579065
  ],
  "max_MSC": 5.308747399909499,
  "max_forces": [
    9523.755329604537,
    732.6451610944017,
    2786.1748055466687,
    2774.360498530827
  ],
  "max_max_force": 9523.755329604537,
  "arclength_variances": [
    8.728158747278994e-06,
    5.080524294528577e-06,
    7.541505397400573e-06,
    4.407963498579589e-06
  ],
  "max_arclength_variance": 8.728158747278994e-06,
  "BdotN": 0.001980612450889541,
  "coil_coil_distance": 0.10911558732974655,
  "coil_surface_distance": 0.21674980640652028,
  "message": "STOP: TOTAL NO. of ITERATIONS REACHED LIMIT",
  "success": false,
  "iterations": 400,
  "function_evaluations": 574,
  "coil_currents": [
    100000.0,
    4675.375461011163,
    25597.0168173279,
    28049.94885347567
  ],
  "UUID": "3fb9e24292874c0d91086d4145da3dfd",
  "eval_time": 1621.4847173489998
}