{
  "nfp": 2,
  "ncoils": 4,
  "order": 4,
  "nphi": 32,
  "ntheta": 32,
  "R0": 1.0,
  "R1": 0.36323280363869914,
  "UUID_init": null,
  "length_target": 5.1182771396824815,
  "length_weight": 0.00021917135783007364,
  "max_\u03ba_threshold": 7.271200772485901,
  "max_\u03ba_weight": 1.5871394361286244e-07,
  "msc_threshold": 5.901466304624154,
  "msc_weight": 1.326179548753348e-05,
  "cc_threshold": 0.10118578901296121,
  "cc_weight": 58937.970312734775,
  "cs_threshold": 0.2338299280438598,
  "cs_weight": 7234.03378546135,
  "force_threshold": 4105.855518869144,
  "force_weight": 1.646870967214605e-11,
  "arclength_weight": 0.01,
  "JF": 0.0005372274396501336,
  "Jf": 0.00017389651231680385,
  "gradient_norm": 0.000917348893995932,
  "linking_number": 0.006668569294889893,
  "lengths": [
    6.638508237604422,
    4.985884667507535,
    5.538054392023798,
    4.522652007481078
  ],
  "max_length": 6.638508237604422,
  "max_\u03ba": [
    1.123352314158875,
    1.9768663142582046,
    1.6312736261738763,
    2.111944288760292
  ],
  "max_max_\u03ba": 2.111944288760292,
  "MSCs": [
    0.9391366812342604,
    2.6308572305132105,
    1.4189371164178408,
    2.227361648806957
  ],
  "max_MSC": 2.6308572305132105,
  "max_forces": [
    4426.672302484664,
    2297.833508983196,
    3579.501832100412,
    70.95321655829953
  ],
  "max_max_force": 4426.672302484664,
  "arclength_variances": [
    0.00030541785435292445,
    8.157515066875267e-05,
    6.885548259605893e-06,
    5.506370015714432e-05
  ],
  "max_arclength_variance": 0.00030541785435292445,
  "BdotN": 0.005590999363770128,
  "coil_coil_distance": 0.10122716527507257,
  "coil_surface_distance": 0.29989738310603953,
  "message": "ABNORMAL_TERMINATION_IN_LNSRCH",
  "success": false,
  "iterations": 354,
  "function_evaluations": 1391,
  "coil_currents": [
    100000.0,
    -10079.27664393429,
    -42656.43895252173,
    -5047.665221037448
  ],
  "UUID": "59c0e909ac9546119c82f9f2050d48ee",
  "eval_time": 1469.200194137
}