{
  "nfp": 2,
  "ncoils": 4,
  "order": 6,
  "nphi": 32,
  "ntheta": 32,
  "R0": 1.0,
  "R1": 0.7466748992755382,
  "UUID_init": null,
  "length_target": 4.865007492051987,
  "length_weight": 0.004691475126847993,
  "max_\u03ba_threshold": 8.371850538362697,
  "max_\u03ba_weight": 5.349252632485018e-08,
  "msc_threshold": 4.3478462726886455,
  "msc_weight": 3.9256494638026344e-05,
  "cc_threshold": 0.09923528317020838,
  "cc_weight": 34422.333030571914,
  "cs_threshold": 0.27349901069607196,
  "cs_weight": 4.318062304257722,
  "force_threshold": 29181.136288361555,
  "force_weight": 8.897973620284918e-14,
  "arclength_weight": 0.01,
  "JF": 9.931869870193979e-07,
  "Jf": 9.147850961669486e-07,
  "gradient_norm": 5.4541067848977045e-05,
  "linking_number": 5.900377681089406e-06,
  "lengths": [
    4.865453552256703,
    4.86419312414222,
    4.852286701917752,
    4.735438025068472
  ],
  "max_length": 4.865453552256703,
  "max_\u03ba": [
    2.8440747785597207,
    3.088762911982176,
    2.770241086355439,
    2.522404890026694
  ],
  "max_max_\u03ba": 3.088762911982176,
  "MSCs": [
    3.1423266343639904,
    3.7065309854088175,
    3.396903834152341,
    3.2690736207930544
  ],
  "max_MSC": 3.7065309854088175,
  "max_forces": [
    29201.94570462046,
    26511.857748026254,
    23846.86157802438,
    22493.273350272495
  ],
  "max_max_force": 29201.94570462046,
  "arclength_variances": [
    1.6735456422548166e-06,
    5.285757206395223e-06,
    5.340363242467365e-07,
    2.907997455830283e-07
  ],
  "max_arclength_variance": 5.285757206395223e-06,
  "BdotN": 0.0003740618051116148,
  "coil_coil_distance": 0.10189507817208801,
  "coil_surface_distance": 0.29885531636843327,
  "message": "STOP: TOTAL NO. of ITERATIONS REACHED LIMIT",
  "success": false,
  "iterations": 400,
  "function_evaluations": 592,
  "coil_currents": [
    100000.0,
    83732.94936643851,
    87026.34262582938,
    89550.78815864824
  ],
  "UUID": "7938fe0139884143ac1e312a9e7b7a4a",
  "eval_time": 1313.3954831740011
}