{
  "nfp": 2,
  "ncoils": 4,
  "order": 5,
  "nphi": 32,
  "ntheta": 32,
  "R0": 1.0,
  "R1": 0.6933081610994831,
  "UUID_init": null,
  "length_target": 5.71048591676136,
  "length_weight": 0.008841707559710449,
  "max_\u03ba_threshold": 8.564994783229707,
  "max_\u03ba_weight": 1.1186442530432036e-08,
  "msc_threshold": 5.54471188852869,
  "msc_weight": 4.431563340431686e-06,
  "cc_threshold": 0.1167528164435574,
  "cc_weight": 3606.466315132171,
  "cs_threshold": 0.2233395802559494,
  "cs_weight": 0.5612545371469182,
  "force_threshold": 15916.49018448406,
  "force_weight": 5.290707125166688e-12,
  "arclength_weight": 0.01,
  "JF": 0.007282537487361594,
  "Jf": 0.00016200906001366603,
  "gradient_norm": 0.019298584782456912,
  "linking_number": 4.6618193013134975e-06,
  "lengths": [
    5.722148756015248,
    2.6763328512843247,
    2.164016182356766,
    4.691480822722217
  ],
  "max_length": 5.722148756015248,
  "max_\u03ba": [
    2.6546445045288514,
    7.5023843269607156,
    8.211959906892114,
    3.952195457660543
  ],
  "max_max_\u03ba": 8.211959906892114,
  "MSCs": [
    2.5351254157711454,
    14.449197649025713,
    20.901175248647256,
    5.903115089672116
  ],
  "max_MSC": 20.901175248647256,
  "max_forces": [
    9715.281077401054,
    82.38005980929584,
    329.09424088191275,
    613.1900526021019
  ],
  "max_max_force": 9715.281077401054,
  "arclength_variances": [
    0.00017315802109611137,
    0.20283646338201985,
    0.1591306418373282,
    0.00046478810901872986
  ],
  "max_arclength_variance": 0.20283646338201985,
  "BdotN": 0.004702000994827859,
  "coil_coil_distance": 0.1358725850814558,
  "coil_surface_distance": 0.01803002841105417,
  "message": "STOP: TOTAL NO. of ITERATIONS REACHED LIMIT",
  "success": false,
  "iterations": 400,
  "function_evaluations": 481,
  "coil_currents": [
    100000.0,
    -1158.0485932813085,
    6095.227798299938,
    13430.368979057677
  ],
  "UUID": "978c7ceb22244ab2a096976b6251495c",
  "eval_time": 941.0553935950002
}