{
  "nfp": 2,
  "ncoils": 4,
  "order": 4,
  "nphi": 32,
  "ntheta": 32,
  "R0": 1.0,
  "R1": 0.6582310678088144,
  "UUID_init": null,
  "length_target": 5.121321241701888,
  "length_weight": 0.0013145749072292188,
  "max_\u03ba_threshold": 5.148585954959318,
  "max_\u03ba_weight": 4.796745175434812e-06,
  "msc_threshold": 5.380002763105187,
  "msc_weight": 3.875908564737276e-06,
  "cc_threshold": 0.11833825873445061,
  "cc_weight": 66415.34483733005,
  "cs_threshold": 0.2560671913750033,
  "cs_weight": 1564.9655918566484,
  "force_threshold": 26266.61592401006,
  "force_weight": 3.149430203685809e-11,
  "arclength_weight": 0.01,
  "JF": 2.540161684723358e-06,
  "Jf": 2.3640805354446933e-06,
  "gradient_norm": 4.923553660992152e-05,
  "linking_number": 1.489718067916064e-05,
  "lengths": [
    5.123289938720986,
    4.877463474478662,
    5.011927882463284,
    4.873346975831697
  ],
  "max_length": 5.123289938720986,
  "max_\u03ba": [
    2.2798951955028577,
    2.548133893346136,
    2.5119926046801573,
    2.9061568541644087
  ],
  "max_max_\u03ba": 2.9061568541644087,
  "MSCs": [
    2.57689717207521,
    3.2294799020155716,
    3.0774568430730818,
    3.6112664192112707
  ],
  "max_MSC": 3.6112664192112707,
  "max_forces": [
    23560.1419346599,
    18123.967036541464,
    16472.054054907505,
    14861.763114931055
  ],
  "max_max_force": 23560.1419346599,
  "arclength_variances": [
    3.909651765324091e-06,
    2.0637650176793205e-06,
    4.266459910524146e-06,
    7.112617351277664e-06
  ],
  "max_arclength_variance": 7.112617351277664e-06,
  "BdotN": 0.0006467529037188208,
  "coil_coil_distance": 0.14278109378436457,
  "coil_surface_distance": 0.25606488106147357,
  "message": "STOP: TOTAL NO. of ITERATIONS REACHED LIMIT",
  "success": false,
  "iterations": 400,
  "function_evaluations": 590,
  "coil_currents": [
    100000.0,
    70832.46753028088,
    76445.6504283999,
    78749.27931582213
  ],
  "UUID": "a8b96e38eead452ea8cdd5a57989667f",
  "eval_time": 957.8146215870001
}