{
  "nfp": 2,
  "ncoils": 4,
  "order": 7,
  "nphi": 32,
  "ntheta": 32,
  "R0": 1.0,
  "R1": 0.5423552564873949,
  "UUID_init": null,
  "length_target": 5.809908912849408,
  "length_weight": 0.00022377200715532832,
  "max_\u03ba_threshold": 10.69951320162267,
  "max_\u03ba_weight": 8.264803800787204e-07,
  "msc_threshold": 5.089020828607733,
  "msc_weight": 5.823375821808608e-05,
  "cc_threshold": 0.0942368503774479,
  "cc_weight": 33715.24957707508,
  "cs_threshold": 0.22580952154602962,
  "cs_weight": 45.3748963460868,
  "force_threshold": 46665.8543154952,
  "force_weight": 2.1660052173519348e-11,
  "arclength_weight": 0.01,
  "JF": 3.170394658245441e-07,
  "Jf": 2.767119090740056e-07,
  "gradient_norm": 0.000218477049150218,
  "linking_number": 7.938044858269921e-06,
  "lengths": [
    5.467682035104582,
    5.135406195441941,
    4.831620846338271,
    4.611151241795939
  ],
  "max_length": 5.467682035104582,
  "max_\u03ba": [
    2.51695036023653,
    2.9702167219163456,
    3.0242387413645715,
    2.688258698108379
  ],
  "max_max_\u03ba": 3.0242387413645715,
  "MSCs": [
    2.7825859983944046,
    3.7090464243781938,
    3.8360441140567385,
    3.7138833218830363
  ],
  "max_MSC": 3.8360441140567385,
  "max_forces": [
    32490.973215176975,
    29303.3607684688,
    27080.56779610006,
    22958.371796749983
  ],
  "max_max_force": 32490.973215176975,
  "arclength_variances": [
    1.117577354787904e-06,
    1.1208693781311053e-06,
    9.705629386866588e-07,
    8.228889488869412e-07
  ],
  "max_arclength_variance": 1.1208693781311053e-06,
  "BdotN": 0.000208391486427702,
  "coil_coil_distance": 0.09423653450739351,
  "coil_surface_distance": 0.30943625662895313,
  "message": "STOP: TOTAL NO. of ITERATIONS REACHED LIMIT",
  "success": false,
  "iterations": 400,
  "function_evaluations": 577,
  "coil_currents": [
    100000.0,
    87695.24157916271,
    90020.10210343612,
    91734.84087960569
  ],
  "UUID": "cf1d6c789a6e4c2b89fa2db9b0651ed0",
  "eval_time": 1478.264758621
}