{
  "nfp": 2,
  "ncoils": 4,
  "order": 4,
  "nphi": 32,
  "ntheta": 32,
  "R0": 1.0,
  "R1": 0.46307959759348694,
  "UUID_init": null,
  "length_target": 5.231144921179998,
  "length_weight": 0.006852524999498541,
  "max_\u03ba_threshold": 11.460230034026193,
  "max_\u03ba_weight": 2.1834504271973094e-07,
  "msc_threshold": 4.853487326373744,
  "msc_weight": 1.3280765693504705e-06,
  "cc_threshold": 0.11846396613298221,
  "cc_weight": 5477.004999683522,
  "cs_threshold": 0.2150095486477416,
  "cs_weight": 2.079259081851687,
  "force_threshold": 25782.529066862597,
  "force_weight": 3.020196658449165e-14,
  "arclength_weight": 0.01,
  "JF": 2.5701818652292814e-06,
  "Jf": 2.27179066232727e-06,
  "gradient_norm": 5.9018309277377623e-05,
  "linking_number": 0.00017136132467384746,
  "lengths": [
    5.231549630005216,
    4.891789740430907,
    4.476038902604775,
    4.3688039483574865
  ],
  "max_length": 5.231549630005216,
  "max_\u03ba": [
    2.616903604879443,
    2.6090803588182654,
    2.6604130650656668,
    2.4400268455847285
  ],
  "max_max_\u03ba": 2.6604130650656668,
  "MSCs": [
    2.878291308554556,
    3.485761782366016,
    3.926315461834788,
    3.8770653261669237
  ],
  "max_MSC": 3.926315461834788,
  "max_forces": [
    25869.669887140943,
    21245.25770323079,
    19152.479425976257,
    17355.126932474865
  ],
  "max_max_force": 25869.669887140943,
  "arclength_variances": [
    7.290463582500729e-06,
    2.4036456032816292e-06,
    9.852350179849085e-06,
    1.0171774748478567e-05
  ],
  "max_arclength_variance": 1.0171774748478567e-05,
  "BdotN": 0.0006081005740313557,
  "coil_coil_distance": 0.11920085456172878,
  "coil_surface_distance": 0.28157269235084803,
  "message": "STOP: TOTAL NO. of ITERATIONS REACHED LIMIT",
  "success": false,
  "iterations": 400,
  "function_evaluations": 601,
  "coil_currents": [
    100000.0,
    77558.37326507292,
    78733.80129143044,
    83863.68812437067
  ],
  "UUID": "a4504e6005824c44b759dcfc1b6662c6",
  "eval_time": 1066.5347472149997
}