{
  "nfp": 2,
  "ncoils": 4,
  "order": 5,
  "nphi": 32,
  "ntheta": 32,
  "R0": 1.0,
  "R1": 0.630475803343828,
  "UUID_init": null,
  "length_target": 4.54479198810853,
  "length_weight": 0.0004039862744896583,
  "max_\u03ba_threshold": 7.088012600603313,
  "max_\u03ba_weight": 6.416121722982548e-06,
  "msc_threshold": 5.683483822454002,
  "msc_weight": 2.5839473739748315e-05,
  "cc_threshold": 0.11102144140032569,
  "cc_weight": 122.81692103930412,
  "cs_threshold": 0.20908072772686784,
  "cs_weight": 0.8568813648618537,
  "force_threshold": 6248.719238892681,
  "force_weight": 1.697772103380773e-11,
  "arclength_weight": 0.01,
  "JF": 0.00018526214576055784,
  "Jf": 0.00014800060774292914,
  "gradient_norm": 0.0004743588394228329,
  "linking_number": 6.21401233566482e-06,
  "lengths": [
    4.831825028322647,
    3.85184130869201,
    4.7426667869097905,
    4.466238579243746
  ],
  "max_length": 4.831825028322647,
  "max_\u03ba": [
    2.628525785597812,
    3.5555550422900515,
    3.829016502247925,
    3.524783389272911
  ],
  "max_max_\u03ba": 3.829016502247925,
  "MSCs": [
    3.1819845525869925,
    5.764861692555014,
    6.18673559120855,
    5.707443825836943
  ],
  "max_MSC": 6.18673559120855,
  "max_forces": [
    6380.275778796855,
    4815.72055800124,
    6249.917975269056,
    3854.139187847523
  ],
  "max_max_force": 6380.275778796855,
  "arclength_variances": [
    0.00029968364402015965,
    8.069741159063398e-06,
    7.378851742842947e-05,
    6.117904789227334e-06
  ],
  "max_arclength_variance": 0.00029968364402015965,
  "BdotN": 0.005112098719050954,
  "coil_coil_distance": 0.11096501970003755,
  "coil_surface_distance": 0.20144094961881964,
  "message": "STOP: TOTAL NO. of ITERATIONS REACHED LIMIT",
  "success": false,
  "iterations": 400,
  "function_evaluations": 447,
  "coil_currents": [
    100000.0,
    -46717.95298409336,
    -80993.95711619264,
    -43882.63855966286
  ],
  "UUID": "0d39d266bca64537a50ea3e8df75d494",
  "eval_time": 1012.134545581
}