{
  "nfp": 2,
  "ncoils": 4,
  "order": 7,
  "nphi": 32,
  "ntheta": 32,
  "R0": 1.0,
  "R1": 0.5790392963843958,
  "UUID_init": null,
  "length_target": 4.907376500480327,
  "length_weight": 0.0009838340061069097,
  "max_\u03ba_threshold": 7.724988283542595,
  "max_\u03ba_weight": 2.1856675767307651e-07,
  "msc_threshold": 4.657702892560232,
  "msc_weight": 1.306499763913543e-06,
  "cc_threshold": 0.09450349488437736,
  "cc_weight": 2050.0535716020677,
  "cs_threshold": 0.22989127818355276,
  "cs_weight": 0.1411662328734363,
  "force_threshold": 144.83457347230222,
  "force_weight": 4.781417822149773e-13,
  "arclength_weight": 0.01,
  "JF": 0.005982789028947117,
  "Jf": 0.0010849644355347386,
  "gradient_norm": 0.02336504023696601,
  "linking_number": 3.111841088749717e-07,
  "lengths": [
    3.7396784577160127,
    4.344517640960049,
    3.8966791570975374,
    3.0601226438582545
  ],
  "max_length": 4.344517640960049,
  "max_\u03ba": [
    11.029476128249861,
    7.090705327890308,
    4.307017552872601,
    3.821026505765417
  ],
  "max_max_\u03ba": 11.029476128249861,
  "MSCs": [
    29.691485135362708,
    13.188850170721905,
    6.698480508031811,
    5.310393086004971
  ],
  "max_MSC": 29.691485135362708,
  "max_forces": [
    8011.827039040813,
    4271.079415707484,
    450.13664911342977,
    718.110692603157
  ],
  "max_max_force": 8011.827039040813,
  "arclength_variances": [
    0.03348582603077303,
    0.01864130915008247,
    0.0009148225115172184,
    0.00011973638258093937
  ],
  "max_arclength_variance": 0.03348582603077303,
  "BdotN": 0.010025386838335693,
  "coil_coil_distance": 0.09423907606830832,
  "coil_surface_distance": 0.0053736094957863535,
  "message": "STOP: TOTAL NO. of ITERATIONS REACHED LIMIT",
  "success": false,
  "iterations": 400,
  "function_evaluations": 512,
  "coil_currents": [
    100000.0,
    -31446.93330662018,
    -19506.18965082991,
    -22490.94895141397
  ],
  "UUID": "380e0d92265848e4b8da9ab0b150b3ea",
  "eval_time": 1347.228063313
}