{
  "nfp": 2,
  "ncoils": 4,
  "order": 5,
  "nphi": 32,
  "ntheta": 32,
  "R0": 1.0,
  "R1": 0.6936130441847497,
  "UUID_init": null,
  "length_target": 5.330671070851986,
  "length_weight": 0.0020263358558043117,
  "max_\u03ba_threshold": 8.632928256333745,
  "max_\u03ba_weight": 3.822093497085338e-09,
  "msc_threshold": 4.381274311685291,
  "msc_weight": 3.5326473762270054e-06,
  "cc_threshold": 0.11526228585421985,
  "cc_weight": 2162.8908896003904,
  "cs_threshold": 0.21268170263214192,
  "cs_weight": 7287.302699216907,
  "force_threshold": 11611.425480582006,
  "force_weight": 2.7030589590877895e-11,
  "arclength_weight": 0.01,
  "JF": 7.447572060829187e-06,
  "Jf": 7.049271183214823e-06,
  "gradient_norm": 6.0139779252698116e-05,
  "linking_number": 7.752063119633808e-09,
  "lengths": [
    5.335205461869019,
    4.294920964409027,
    4.131931854327627,
    4.32277735316393
  ],
  "max_length": 5.335205461869019,
  "max_\u03ba": [
    2.6565487962196688,
    3.5020286725883367,
    3.258278773095728,
    2.9465078464634384
  ],
  "max_max_\u03ba": 3.5020286725883367,
  "MSCs": [
    2.6091639334896057,
    4.438970201901744,
    4.44158555010106,
    4.282199401683899
  ],
  "max_MSC": 4.44158555010106,
  "max_forces": [
    11624.388814934438,
    4474.42447439299,
    4977.082577307207,
    5361.197556778507
  ],
  "max_max_force": 11624.388814934438,
  "arclength_variances": [
    1.1189022111118792e-05,
    1.9908493365862046e-05,
    7.40158065805767e-07,
    3.2485341287251932e-06
  ],
  "max_arclength_variance": 1.9908493365862046e-05,
  "BdotN": 0.0009517026494151768,
  "coil_coil_distance": 0.17010699874088062,
  "coil_surface_distance": 0.2135823942635714,
  "message": "STOP: TOTAL NO. of ITERATIONS REACHED LIMIT",
  "success": false,
  "iterations": 400,
  "function_evaluations": 435,
  "coil_currents": [
    100000.0,
    26877.049019426307,
    37424.41448951574,
    47508.6042198816
  ],
  "UUID": "b6bff89442ae40b08b778f5ec31dbe96",
  "eval_time": 841.50924693
}