{
  "nfp": 2,
  "ncoils": 4,
  "order": 5,
  "nphi": 32,
  "ntheta": 32,
  "R0": 1.0,
  "R1": 0.7173750599194157,
  "UUID_init": null,
  "length_target": 4.785083473139463,
  "length_weight": 0.0037960937974436493,
  "max_\u03ba_threshold": 11.95490590122532,
  "max_\u03ba_weight": 3.434069858234703e-06,
  "msc_threshold": 4.551522815159245,
  "msc_weight": 4.854103876101154e-07,
  "cc_threshold": 0.08795199736677459,
  "cc_weight": 5576.59391160108,
  "cs_threshold": 0.184992026452512,
  "cs_weight": 13.815185434493028,
  "force_threshold": 29355.287809264337,
  "force_weight": 1.0729550752011825e-12,
  "arclength_weight": 0.01,
  "JF": 1.2628607553657008e-06,
  "Jf": 1.1785665689149602e-06,
  "gradient_norm": 7.552452978332836e-05,
  "linking_number": 0.00026025945499195437,
  "lengths": [
    4.785812295216917,
    4.7246358558231005,
    4.785334942759208,
    4.734010534652783
  ],
  "max_length": 4.785812295216917,
  "max_\u03ba": [
    2.6571581053334965,
    2.7250359339198065,
    2.580371242665483,
    2.5505276189952415
  ],
  "max_max_\u03ba": 2.7250359339198065,
  "MSCs": [
    3.21535746579453,
    3.572782215479699,
    3.3553369384280964,
    3.486115892132053
  ],
  "max_MSC": 3.572782215479699,
  "max_forces": [
    29363.267199735594,
    26917.80147309712,
    24096.05954737599,
    20179.34802185905
  ],
  "max_max_force": 29363.267199735594,
  "arclength_variances": [
    1.0775319495394389e-06,
    4.59779752949775e-06,
    7.549958781453356e-07,
    1.869926627412406e-06
  ],
  "max_arclength_variance": 4.59779752949775e-06,
  "BdotN": 0.000405288624284635,
  "coil_coil_distance": 0.08875319468381833,
  "coil_surface_distance": 0.3046304881657317,
  "message": "STOP: TOTAL NO. of ITERATIONS REACHED LIMIT",
  "success": false,
  "iterations": 400,
  "function_evaluations": 570,
  "coil_currents": [
    100000.0,
    78348.27902509767,
    85649.00239002748,
    88811.77847023819
  ],
  "UUID": "b063d338848942cf91b0b60d2b5ff197",
  "eval_time": 1011.4387879580008
}