{
  "nfp": 2,
  "ncoils": 4,
  "order": 10,
  "nphi": 32,
  "ntheta": 32,
  "R0": 1.0,
  "R1": 0.7125395235635115,
  "UUID_init": null,
  "length_target": 4.914232409488369,
  "length_weight": 0.00010169115210755019,
  "max_\u03ba_threshold": 9.493820725829249,
  "max_\u03ba_weight": 1.7781903545549372e-09,
  "msc_threshold": 5.292153242698312,
  "msc_weight": 0.0001864126469421722,
  "cc_threshold": 0.11937188788370819,
  "cc_weight": 355.3514992498643,
  "cs_threshold": 0.27319598215066954,
  "cs_weight": 3.5870191508682874,
  "force_threshold": 36662.04790881001,
  "force_weight": 1.3319947987214625e-14,
  "arclength_weight": 0.01,
  "JF": 6.97193531750466e-07,
  "Jf": 6.581644267963594e-07,
  "gradient_norm": 0.00020671320725794887,
  "linking_number": 3.6940785239172445e-10,
  "lengths": [
    4.923628464772868,
    4.925176788223074,
    4.914796622820962,
    4.89230204419948
  ],
  "max_length": 4.925176788223074,
  "max_\u03ba": [
    4.1409970226462995,
    4.255631233752371,
    4.180939540238003,
    3.650918971046453
  ],
  "max_max_\u03ba": 4.255631233752371,
  "MSCs": [
    3.925189517080435,
    5.209703618278813,
    5.168025621048261,
    4.563068555632844
  ],
  "max_MSC": 5.209703618278813,
  "max_forces": [
    26868.723177020853,
    24881.89418072114,
    24388.55300579199,
    23134.397416276235
  ],
  "max_max_force": 26868.723177020853,
  "arclength_variances": [
    3.4266634241587576e-07,
    8.614053331429698e-07,
    1.0751491348668751e-06,
    5.641511778771321e-07
  ],
  "max_arclength_variance": 1.0751491348668751e-06,
  "BdotN": 0.00029250197784316595,
  "coil_coil_distance": 0.12125472115763236,
  "coil_surface_distance": 0.27542213455433284,
  "message": "STOP: TOTAL NO. of ITERATIONS REACHED LIMIT",
  "success": false,
  "iterations": 400,
  "function_evaluations": 421,
  "coil_currents": [
    100000.0,
    87981.98045509645,
    89866.42566426202,
    90690.97369384453
  ],
  "UUID": "4f498270eab94a2eb318c1f36cc28e95",
  "eval_time": 3576.467768138
}