{
  "nfp": 2,
  "ncoils": 4,
  "order": 5,
  "nphi": 32,
  "ntheta": 32,
  "R0": 1.0,
  "R1": 0.35049492374146085,
  "UUID_init": null,
  "length_target": 5.087601515498394,
  "length_weight": 0.004416737970736242,
  "max_\u03ba_threshold": 7.217798390178072,
  "max_\u03ba_weight": 1.9867258574896342e-09,
  "msc_threshold": 5.127827012376275,
  "msc_weight": 2.9495605577649873e-05,
  "cc_threshold": 0.08372221256115671,
  "cc_weight": 1798.7955599376307,
  "cs_threshold": 0.23907768130597523,
  "cs_weight": 951.9125655488715,
  "force_threshold": 36317.08356298487,
  "force_weight": 2.9292052831913396e-11,
  "arclength_weight": 0.01,
  "JF": 6.812245259320846e-07,
  "Jf": 5.502237175770642e-07,
  "gradient_norm": 4.437225808491696e-05,
  "linking_number": 0.0014836116668490047,
  "lengths": [
    5.08781599232985,
    4.876378744785799,
    4.738492224151358,
    4.823255683395539
  ],
  "max_length": 5.08781599232985,
  "max_\u03ba": [
    2.5700136716796034,
    2.572019839597764,
    2.4574686273066715,
    2.5548510497929455
  ],
  "max_max_\u03ba": 2.572019839597764,
  "MSCs": [
    2.9153943322281286,
    3.4830050719892567,
    3.7174276489237346,
    3.905806299026679
  ],
  "max_MSC": 3.905806299026679,
  "max_forces": [
    35889.69825598535,
    31895.32689425265,
    30607.421897720855,
    25029.85176951738
  ],
  "max_max_force": 35889.69825598535,
  "arclength_variances": [
    6.837033867979945e-06,
    5.1281690240833325e-06,
    4.0340490739428853e-07,
    7.21314469980348e-07
  ],
  "max_arclength_variance": 6.837033867979945e-06,
  "BdotN": 0.0002967245138313529,
  "coil_coil_distance": 0.08468854788404603,
  "coil_surface_distance": 0.31298108992178025,
  "message": "STOP: TOTAL NO. of ITERATIONS REACHED LIMIT",
  "success": false,
  "iterations": 400,
  "function_evaluations": 527,
  "coil_currents": [
    100000.0,
    89720.12269170633,
    88373.03364935503,
    88613.06445803438
  ],
  "UUID": "58f7ad50bbb347f7b7b8efe0debea71e",
  "eval_time": 1123.931568227
}