{
  "nfp": 2,
  "ncoils": 4,
  "order": 6,
  "nphi": 32,
  "ntheta": 32,
  "R0": 1.0,
  "R1": 0.3334584712989255,
  "UUID_init": null,
  "length_target": 4.528629028342832,
  "length_weight": 0.003275546711934456,
  "max_\u03ba_threshold": 10.51779294010249,
  "max_\u03ba_weight": 1.834149601719843e-08,
  "msc_threshold": 4.559846026617505,
  "msc_weight": 0.00024290144495409122,
  "cc_threshold": 0.11084334103236763,
  "cc_weight": 144.56935751233743,
  "cs_threshold": 0.20142926098089492,
  "cs_weight": 5673.599713319233,
  "force_threshold": 11369.745482754222,
  "force_weight": 5.632953540054422e-14,
  "arclength_weight": 0.01,
  "JF": 12.652066518016206,
  "Jf": 0.0007202641260391999,
  "gradient_norm": 0.03419775100552219,
  "linking_number": 4.001981722837389,
  "lengths": [
    6.116964566637807,
    6.343949624811684,
    3.1657730087115015,
    3.366103798217083
  ],
  "max_length": 6.343949624811684,
  "max_\u03ba": [
    5.435019734347363,
    4.38264336009072,
    3.6571164550012556,
    3.1618742607151114
  ],
  "max_max_\u03ba": 5.435019734347363,
  "MSCs": [
    6.041911266977965,
    4.892472984297476,
    5.639900071635112,
    4.588246450941266
  ],
  "max_MSC": 6.041911266977965,
  "max_forces": [
    22474.554092929146,
    16157.976703771637,
    11198.527231463986,
    11416.086274615918
  ],
  "max_max_force": 22474.554092929146,
  "arclength_variances": [
    0.5172411528595655,
    0.6444279889258533,
    0.28965740250139294,
    0.00012426945888446484
  ],
  "max_arclength_variance": 0.6444279889258533,
  "BdotN": 0.009537290801114678,
  "coil_coil_distance": 0.09878963121234761,
  "coil_surface_distance": 0.04388250648128643,
  "message": "STOP: TOTAL NO. of ITERATIONS REACHED LIMIT",
  "success": false,
  "iterations": 400,
  "function_evaluations": 425,
  "coil_currents": [
    100000.0,
    70717.64721503509,
    69111.00010374049,
    79626.32049598594
  ],
  "UUID": "e3375f0eb5634b2698c37a26438055f2",
  "eval_time": 1368.305734794
}