{
  "nfp": 2,
  "ncoils": 4,
  "order": 7,
  "nphi": 32,
  "ntheta": 32,
  "R0": 1.0,
  "R1": 0.34233605610042933,
  "UUID_init": null,
  "length_target": 5.416383008905413,
  "length_weight": 0.00012386745793302524,
  "max_\u03ba_threshold": 9.366898945738715,
  "max_\u03ba_weight": 1.277296508904203e-07,
  "msc_threshold": 4.236268764327452,
  "msc_weight": 1.864529332643965e-05,
  "cc_threshold": 0.11613000320737776,
  "cc_weight": 121.2570094711935,
  "cs_threshold": 0.24560198604523448,
  "cs_weight": 0.15489321951172283,
  "force_threshold": 47763.3099042319,
  "force_weight": 1.0220792694935375e-11,
  "arclength_weight": 0.01,
  "JF": 0.002441184974325724,
  "Jf": 2.5563958141936538e-05,
  "gradient_norm": 0.0030332240937814814,
  "linking_number": 3.630396315605615e-06,
  "lengths": [
    5.964042517200717,
    5.490230123553515,
    5.195103831010515,
    5.085634849964884
  ],
  "max_length": 5.964042517200717,
  "max_\u03ba": [
    4.379258175239104,
    3.437896163107981,
    3.2669101871674004,
    3.3152930124185875
  ],
  "max_max_\u03ba": 4.379258175239104,
  "MSCs": [
    5.882074755381463,
    4.375557495000513,
    3.479560682793971,
    3.363400666025494
  ],
  "max_MSC": 5.882074755381463,
  "max_forces": [
    22566.25585954816,
    3314.375183039846,
    483.23440738370476,
    232.19342738420994
  ],
  "max_max_force": 22566.25585954816,
  "arclength_variances": [
    0.0007592385227144117,
    2.683368433013482e-05,
    5.522524302837998e-05,
    1.9231170251341287e-05
  ],
  "max_arclength_variance": 0.0007592385227144117,
  "BdotN": 0.0018663314372087266,
  "coil_coil_distance": 0.11604843984604812,
  "coil_surface_distance": 0.011861130576239698,
  "message": "STOP: TOTAL NO. of ITERATIONS REACHED LIMIT",
  "success": false,
  "iterations": 400,
  "function_evaluations": 483,
  "coil_currents": [
    100000.0,
    19496.931960535356,
    9428.845525432385,
    7288.421607534426
  ],
  "UUID": "ef0fb62bbbe04ef4b2e785c330d2b6ab",
  "eval_time": 2545.3790636209997
}