{
  "nfp": 2,
  "ncoils": 4,
  "order": 7,
  "nphi": 32,
  "ntheta": 32,
  "R0": 1.0,
  "R1": 0.6687919924833265,
  "UUID_init": null,
  "length_target": 5.384378061189371,
  "length_weight": 0.0026915274470552843,
  "max_\u03ba_threshold": 8.358326971675726,
  "max_\u03ba_weight": 2.3774310573801684e-07,
  "msc_threshold": 5.496462252267315,
  "msc_weight": 1.966257440119725e-06,
  "cc_threshold": 0.08805509604526214,
  "cc_weight": 7550.996263513636,
  "cs_threshold": 0.282637435520368,
  "cs_weight": 9192.952894417394,
  "force_threshold": 17494.5367999928,
  "force_weight": 5.915633182230465e-14,
  "arclength_weight": 0.01,
  "JF": 9.545394935756022e-07,
  "Jf": 9.108065230691189e-07,
  "gradient_norm": 5.1261351852268684e-05,
  "linking_number": 1.9052703729519042e-09,
  "lengths": [
    5.384901260880815,
    4.542525306550702,
    4.536272269392117,
    4.362938466501873
  ],
  "max_length": 5.384901260880815,
  "max_\u03ba": [
    3.0163039042542232,
    3.848449388242577,
    4.15115939970623,
    2.9827063622348757
  ],
  "max_max_\u03ba": 4.15115939970623,
  "MSCs": [
    2.8141588729249687,
    4.804571401680398,
    5.212058648525515,
    3.9205652335106866
  ],
  "max_MSC": 5.212058648525515,
  "max_forces": [
    17677.89400084232,
    11121.983118560414,
    11240.315546078264,
    10477.06593707914
  ],
  "max_max_force": 17677.89400084232,
  "arclength_variances": [
    6.034454312821643e-07,
    1.1616374654496198e-06,
    1.0985955229274767e-06,
    4.401805324068768e-08
  ],
  "max_arclength_variance": 1.1616374654496198e-06,
  "BdotN": 0.0003546694040360721,
  "coil_coil_distance": 0.13150196330176353,
  "coil_surface_distance": 0.28264276409835765,
  "message": "STOP: TOTAL NO. of ITERATIONS REACHED LIMIT",
  "success": false,
  "iterations": 400,
  "function_evaluations": 461,
  "coil_currents": [
    100000.0,
    52686.68318564137,
    60042.586621933806,
    62757.43289534328
  ],
  "UUID": "c414ef2e6f0a41109d7cc1a627d77cf1",
  "eval_time": 1123.531188859
}