{
  "nfp": 2,
  "ncoils": 4,
  "order": 5,
  "nphi": 32,
  "ntheta": 32,
  "R0": 1.0,
  "R1": 0.4482435812268725,
  "UUID_init": null,
  "length_target": 5.293170607768916,
  "length_weight": 0.0015405060988857308,
  "max_\u03ba_threshold": 7.841239373350147,
  "max_\u03ba_weight": 2.6411493572282667e-06,
  "msc_threshold": 5.745082764303594,
  "msc_weight": 3.698636353952099e-07,
  "cc_threshold": 0.11737719894563603,
  "cc_weight": 8109.294099105038,
  "cs_threshold": 0.29857539670261785,
  "cs_weight": 888.6066920963858,
  "force_threshold": 34374.44463752509,
  "force_weight": 1.9579761501962538e-12,
  "arclength_weight": 0.01,
  "JF": 2.6996786376103182e-06,
  "Jf": 2.1621066050400665e-06,
  "gradient_norm": 0.0025526405615282164,
  "linking_number": 10.00012101418702,
  "lengths": [
    5.2942502205822795,
    4.799537627941816,
    5.174402709992679,
    5.123685546621023
  ],
  "max_length": 5.2942502205822795,
  "max_\u03ba": [
    2.710253692204724,
    2.8282560931625267,
    3.0227263493098278,
    2.5925074903761347
  ],
  "max_max_\u03ba": 3.0227263493098278,
  "MSCs": [
    3.129337178537259,
    3.507328611481343,
    3.5685282079996488,
    3.1700314194872368
  ],
  "max_MSC": 3.5685282079996488,
  "max_forces": [
    31910.428271834513,
    30242.62340579354,
    34157.866748999055,
    26263.9117928435
  ],
  "max_max_force": 34157.866748999055,
  "arclength_variances": [
    1.2486142165596335e-06,
    1.531035937092335e-05,
    2.8286797579490574e-05,
    8.441317053941286e-06
  ],
  "max_arclength_variance": 2.8286797579490574e-05,
  "BdotN": 0.0006284937942149893,
  "coil_coil_distance": 0.1173670041457868,
  "coil_surface_distance": 0.2985746999329944,
  "message": "STOP: TOTAL NO. of ITERATIONS REACHED LIMIT",
  "success": false,
  "iterations": 400,
  "function_evaluations": 653,
  "coil_currents": [
    100000.0,
    92349.93771954894,
    90789.42831651196,
    87910.08395359541
  ],
  "UUID": "a861b541c550475abe2e092a2d572986",
  "eval_time": 971.0802965549992
}