{
  "nfp": 2,
  "ncoils": 4,
  "order": 4,
  "nphi": 32,
  "ntheta": 32,
  "R0": 1.0,
  "R1": 0.39762953322531225,
  "UUID_init": null,
  "length_target": 4.692668937324412,
  "length_weight": 0.00016445331842162387,
  "max_\u03ba_threshold": 11.842917995703012,
  "max_\u03ba_weight": 5.5700602482625735e-06,
  "msc_threshold": 5.5719591141013405,
  "msc_weight": 1.3399448496581516e-06,
  "cc_threshold": 0.08983661510398128,
  "cc_weight": 133.33311960015374,
  "cs_threshold": 0.1752991020306349,
  "cs_weight": 39.309119988656626,
  "force_threshold": 46234.76091849697,
  "force_weight": 4.843299212836273e-12,
  "arclength_weight": 0.01,
  "JF": 2.9940896822313915e-06,
  "Jf": 2.563171928961793e-06,
  "gradient_norm": 1.951027799507272e-05,
  "linking_number": 0.002105738892289374,
  "lengths": [
    4.711213038862184,
    4.601905268120474,
    4.505773211343436,
    4.508747254329061
  ],
  "max_length": 4.711213038862184,
  "max_\u03ba": [
    2.8626220062561667,
    2.4938499195437465,
    2.576862582967091,
    2.374282362708943
  ],
  "max_max_\u03ba": 2.8626220062561667,
  "MSCs": [
    3.571298162442245,
    3.5345461359969614,
    4.004056719942709,
    3.909777550091037
  ],
  "max_MSC": 4.004056719942709,
  "max_forces": [
    44974.73548268629,
    32508.79492653056,
    30118.98379793233,
    24822.345986617194
  ],
  "max_max_force": 44974.73548268629,
  "arclength_variances": [
    5.003978943243786e-06,
    1.6490322091396184e-05,
    1.1110198510556175e-05,
    7.659634985802602e-06
  ],
  "max_arclength_variance": 1.6490322091396184e-05,
  "BdotN": 0.0006032833784478628,
  "coil_coil_distance": 0.09006381813974874,
  "coil_surface_distance": 0.297017976108315,
  "message": "STOP: TOTAL NO. of ITERATIONS REACHED LIMIT",
  "success": false,
  "iterations": 400,
  "function_evaluations": 573,
  "coil_currents": [
    100000.0,
    85749.83790753613,
    86900.12786257669,
    88491.47416516901
  ],
  "UUID": "67b1bba735914ef38f84ea1842d88b2e",
  "eval_time": 727.469847118
}