{
  "nfp": 2,
  "ncoils": 4,
  "order": 3,
  "nphi": 32,
  "ntheta": 32,
  "R0": 1.0,
  "R1": 0.7033113398276156,
  "UUID_init": null,
  "length_target": 5.307502056697851,
  "length_weight": 0.00928821140990187,
  "max_\u03ba_threshold": 6.388311700338336,
  "max_\u03ba_weight": 1.0871624705297227e-08,
  "msc_threshold": 5.455484719593251,
  "msc_weight": 0.00045700762326304935,
  "cc_threshold": 0.10700021546273636,
  "cc_weight": 810.1336378145991,
  "cs_threshold": 0.29637770435072575,
  "cs_weight": 21.03754256428078,
  "force_threshold": 49886.66395719213,
  "force_weight": 1.1335389618203128e-13,
  "arclength_weight": 0.01,
  "JF": 2.8386492966097165e-05,
  "Jf": 2.508800369807349e-05,
  "gradient_norm": 0.00016799284922337638,
  "linking_number": 0.01236950071717219,
  "lengths": [
    5.308971402848742,
    4.969261726540624,
    4.171093415650573,
    3.9845965097862766
  ],
  "max_length": 5.308971402848742,
  "max_\u03ba": [
    2.094337976144354,
    2.415714713488389,
    2.087467007009655,
    2.398359675136685
  ],
  "max_max_\u03ba": 2.415714713488389,
  "MSCs": [
    2.328135819570535,
    3.1692902722037624,
    3.8057792845969067,
    5.056863888381547
  ],
  "max_MSC": 5.056863888381547,
  "max_forces": [
    22992.246160466795,
    9094.27906167441,
    8339.022463631325,
    8283.787568026006
  ],
  "max_max_force": 22992.246160466795,
  "arclength_variances": [
    0.00019180944174695993,
    7.916502448822305e-05,
    3.3659720827442465e-05,
    1.8810247367670548e-05
  ],
  "max_arclength_variance": 0.00019180944174695993,
  "BdotN": 0.0019422083507580968,
  "coil_coil_distance": 0.10720583953263553,
  "coil_surface_distance": 0.2948959750680648,
  "message": "STOP: TOTAL NO. of ITERATIONS REACHED LIMIT",
  "success": false,
  "iterations": 400,
  "function_evaluations": 645,
  "coil_currents": [
    100000.0,
    37305.83208880119,
    45580.735225368306,
    42814.98805410804
  ],
  "UUID": "845c49cbd6c64a818ce126070c476ff2",
  "eval_time": 765.810213626
}