{
  "nfp": 2,
  "ncoils": 4,
  "order": 4,
  "nphi": 32,
  "ntheta": 32,
  "R0": 1.0,
  "R1": 0.4100128048157421,
  "UUID_init": null,
  "length_target": 4.680480475515935,
  "length_weight": 0.009375176158220451,
  "max_\u03ba_threshold": 6.479079473845339,
  "max_\u03ba_weight": 1.764654763523094e-08,
  "msc_threshold": 4.803938822240556,
  "msc_weight": 1.3287693839550213e-06,
  "cc_threshold": 0.11012011076835171,
  "cc_weight": 3646.9576528548955,
  "cs_threshold": 0.1883346635970897,
  "cs_weight": 41.0691708331696,
  "force_threshold": 44232.729719655326,
  "force_weight": 2.4515605318660746e-14,
  "arclength_weight": 0.01,
  "JF": 3.014836127482836e-06,
  "Jf": 2.3153816487327303e-06,
  "gradient_norm": 7.040945097634712e-05,
  "linking_number": 0.000750642987793851,
  "lengths": [
    4.680644614665982,
    4.6807585756080545,
    4.532696082900626,
    4.393592217238595
  ],
  "max_length": 4.6807585756080545,
  "max_\u03ba": [
    2.5765302394202565,
    2.9833113409261465,
    2.4640094980080476,
    2.4529922972300118
  ],
  "max_max_\u03ba": 2.9833113409261465,
  "MSCs": [
    3.1039912937486194,
    3.660330248881454,
    3.6582359092105876,
    4.06466943887899
  ],
  "max_MSC": 4.06466943887899,
  "max_forces": [
    34618.26765687406,
    28346.426852573975,
    28593.995605103595,
    25251.536833596758
  ],
  "max_max_force": 34618.26765687406,
  "arclength_variances": [
    7.6062706127029866e-06,
    2.1974219594021715e-05,
    2.7651315124500133e-05,
    1.2664759755684432e-05
  ],
  "max_arclength_variance": 2.7651315124500133e-05,
  "BdotN": 0.0006242462155222703,
  "coil_coil_distance": 0.11021842140452166,
  "coil_surface_distance": 0.2876637269868852,
  "message": "STOP: TOTAL NO. of ITERATIONS REACHED LIMIT",
  "success": false,
  "iterations": 400,
  "function_evaluations": 648,
  "coil_currents": [
    100000.0,
    83292.10588143644,
    88009.23169888157,
    88433.89216604392
  ],
  "UUID": "de712f6e3ff040c5a392238afa580056",
  "eval_time": 601.4227164329996
}