{
  "nfp": 2,
  "ncoils": 4,
  "order": 9,
  "nphi": 32,
  "ntheta": 32,
  "R0": 1.0,
  "R1": 0.33573645926976775,
  "UUID_init": null,
  "length_target": 4.691188075997592,
  "length_weight": 0.0002856141034107402,
  "max_\u03ba_threshold": 9.323950435183216,
  "max_\u03ba_weight": 3.9489272964841226e-08,
  "msc_threshold": 5.675553701424666,
  "msc_weight": 0.00026516677642215113,
  "cc_threshold": 0.11434052725627694,
  "cc_weight": 4197.136145456731,
  "cs_threshold": 0.2294206527231258,
  "cs_weight": 260.50566608815166,
  "force_threshold": 1436.6597882267463,
  "force_weight": 4.980330267520873e-11,
  "arclength_weight": 0.01,
  "JF": 0.0010891112991201065,
  "Jf": 0.00014202868390430292,
  "gradient_norm": 0.01321014400282901,
  "linking_number": 3.516556052708384e-10,
  "lengths": [
    4.9866756587706105,
    6.668020265206164,
    5.237308184206195,
    5.526252449139825
  ],
  "max_length": 6.668020265206164,
  "max_\u03ba": [
    3.3759878677132207,
    5.689545779165062,
    4.509479351016352,
    3.5260152538640206
  ],
  "max_max_\u03ba": 5.689545779165062,
  "MSCs": [
    2.879003859350541,
    5.996819368879624,
    5.6811528680496535,
    5.199275093527419
  ],
  "max_MSC": 5.996819368879624,
  "max_forces": [
    1568.5798126526627,
    1616.9462717200963,
    1564.0908255703266,
    1584.008606082677
  ],
  "max_max_force": 1616.9462717200963,
  "arclength_variances": [
    0.001083050443042919,
    0.000981431412869531,
    0.000667001606336383,
    0.0006945281867386957
  ],
  "max_arclength_variance": 0.001083050443042919,
  "BdotN": 0.004507453408238438,
  "coil_coil_distance": 0.13097758033835213,
  "coil_surface_distance": 0.22596670022786866,
  "message": "STOP: TOTAL NO. of ITERATIONS REACHED LIMIT",
  "success": false,
  "iterations": 400,
  "function_evaluations": 439,
  "coil_currents": [
    100000.0,
    -26068.347778212057,
    -26547.350334292925,
    -41331.02356769533
  ],
  "UUID": "68a676ecbd2742a99dea3c75566dd441",
  "eval_time": 2497.481566651
}