{
  "nfp": 2,
  "ncoils": 4,
  "order": 8,
  "nphi": 32,
  "ntheta": 32,
  "R0": 1.0,
  "R1": 0.3656756914675629,
  "UUID_init": null,
  "length_target": 5.289919891643476,
  "length_weight": 0.003576620018056095,
  "max_\u03ba_threshold": 9.01411698871125,
  "max_\u03ba_weight": 2.276902260071578e-07,
  "msc_threshold": 5.792675816063204,
  "msc_weight": 9.17668003912646e-06,
  "cc_threshold": 0.11363608637234926,
  "cc_weight": 118.3814181541436,
  "cs_threshold": 0.2680123903760491,
  "cs_weight": 321.2835922409773,
  "force_threshold": 28648.36676130022,
  "force_weight": 4.3894573918204615e-13,
  "arclength_weight": 0.01,
  "JF": 6.618756993065959e-07,
  "Jf": 6.026283691298303e-07,
  "gradient_norm": 0.00012046665221146719,
  "linking_number": 3.5274662632192716e-08,
  "lengths": [
    5.168882562324877,
    4.670665108972301,
    4.391878762069615,
    4.210810672257573
  ],
  "max_length": 5.168882562324877,
  "max_\u03ba": [
    3.0201132604570335,
    3.2638375370650268,
    3.5642875429254075,
    3.635196978083368
  ],
  "max_max_\u03ba": 3.635196978083368,
  "MSCs": [
    3.3873140393138943,
    4.201807627533426,
    4.99222741874913,
    5.1122921270446815
  ],
  "max_MSC": 5.1122921270446815,
  "max_forces": [
    28624.622355348034,
    25118.923476585554,
    21149.06854385675,
    19099.008534318957
  ],
  "max_max_force": 28624.622355348034,
  "arclength_variances": [
    1.4699214055157195e-06,
    1.5580968523472432e-06,
    1.4098886111984506e-06,
    1.4836887896038222e-06
  ],
  "max_arclength_variance": 1.5580968523472432e-06,
  "BdotN": 0.0003192171679965903,
  "coil_coil_distance": 0.11362351366583187,
  "coil_surface_distance": 0.293070766685161,
  "message": "STOP: TOTAL NO. of ITERATIONS REACHED LIMIT",
  "success": false,
  "iterations": 400,
  "function_evaluations": 410,
  "coil_currents": [
    100000.0,
    84431.49006277656,
    83664.31355677501,
    82771.35318632313
  ],
  "UUID": "bc009967439d4124a81e87a68ea155b6",
  "eval_time": 1406.7009904330002
}