{
  "nfp": 2,
  "ncoils": 4,
  "order": 8,
  "nphi": 32,
  "ntheta": 32,
  "R0": 1.0,
  "R1": 0.34746609102284237,
  "UUID_init": null,
  "length_target": 4.537668754612041,
  "length_weight": 0.0025330029302896126,
  "max_\u03ba_threshold": 9.923740213128005,
  "max_\u03ba_weight": 1.49564813090917e-08,
  "msc_threshold": 5.593504434605867,
  "msc_weight": 1.4279158635649786e-05,
  "cc_threshold": 0.10450278286780568,
  "cc_weight": 407.1379566590263,
  "cs_threshold": 0.19571588411499294,
  "cs_weight": 2203.015798538477,
  "force_threshold": 6007.589166273064,
  "force_weight": 3.866825035557972e-13,
  "arclength_weight": 0.01,
  "JF": 0.0001720228327333323,
  "Jf": 0.00014193373202511675,
  "gradient_norm": 0.0026338160657028947,
  "linking_number": 6.03366422358899e-08,
  "lengths": [
    4.6029009152952645,
    4.544758070538319,
    3.8616966330366083,
    3.7895717380204323
  ],
  "max_length": 4.6029009152952645,
  "max_\u03ba": [
    2.500728749084063,
    3.605665511843279,
    3.372908290194681,
    3.992042221037587
  ],
  "max_max_\u03ba": 3.992042221037587,
  "MSCs": [
    3.214927742718159,
    6.246275875724496,
    6.149831223382113,
    5.863502691024166
  ],
  "max_MSC": 6.246275875724496,
  "max_forces": [
    7055.172451985461,
    6095.556114523389,
    6226.982166055106,
    2859.741425458036
  ],
  "max_max_force": 7055.172451985461,
  "arclength_variances": [
    6.298470578234552e-05,
    3.98560439770104e-05,
    1.094907019787091e-05,
    1.2567316051019777e-05
  ],
  "max_arclength_variance": 6.298470578234552e-05,
  "BdotN": 0.004508045640560727,
  "coil_coil_distance": 0.10437278512744831,
  "coil_surface_distance": 0.19567619383910603,
  "message": "STOP: TOTAL NO. of ITERATIONS REACHED LIMIT",
  "success": false,
  "iterations": 400,
  "function_evaluations": 445,
  "coil_currents": [
    100000.0,
    19702.792087397866,
    27036.464378995493,
    22847.4563391106
  ],
  "UUID": "6b434cd2e9b94a809cddaf1626be0d23",
  "eval_time": 2482.071593175
}