{
  "nfp": 2,
  "ncoils": 4,
  "order": 9,
  "nphi": 32,
  "ntheta": 32,
  "R0": 1.0,
  "R1": 0.3972496363557508,
  "UUID_init": null,
  "length_target": 4.687534597672995,
  "length_weight": 0.006296470805280812,
  "max_\u03ba_threshold": 7.981477242247694,
  "max_\u03ba_weight": 3.105637734768706e-08,
  "msc_threshold": 5.633672889759463,
  "msc_weight": 5.545834270724273e-07,
  "cc_threshold": 0.08364862311595803,
  "cc_weight": 160.75585975340613,
  "cs_threshold": 0.18393001124315017,
  "cs_weight": 1135.6750714533841,
  "force_threshold": 16909.6632852108,
  "force_weight": 2.0126725806209774e-11,
  "arclength_weight": 0.01,
  "JF": 0.00017531184256496204,
  "Jf": 9.358513760800863e-05,
  "gradient_norm": 0.0019087838320427167,
  "linking_number": 4.000014500061162,
  "lengths": [
    4.722361961353122,
    4.69192161634065,
    3.6012981582292247,
    4.270055762298523
  ],
  "max_length": 4.722361961353122,
  "max_\u03ba": [
    8.164954044670921,
    6.336938734545405,
    4.942606433237161,
    5.186142422201805
  ],
  "max_max_\u03ba": 8.164954044670921,
  "MSCs": [
    19.835884569118274,
    13.046260418157365,
    7.692160219248867,
    6.1615950007168765
  ],
  "max_MSC": 19.835884569118274,
  "max_forces": [
    16927.544021452148,
    14162.947055616909,
    16930.618471263664,
    16494.752971554793
  ],
  "max_max_force": 16930.618471263664,
  "arclength_variances": [
    0.00035463617253503056,
    0.00011456207554350895,
    3.8632562069166165e-05,
    1.8090495645458637e-05
  ],
  "max_arclength_variance": 0.00035463617253503056,
  "BdotN": 0.0033570818401907083,
  "coil_coil_distance": 0.08323327486631361,
  "coil_surface_distance": 0.18366536996951763,
  "message": "STOP: TOTAL NO. of ITERATIONS REACHED LIMIT",
  "success": false,
  "iterations": 400,
  "function_evaluations": 445,
  "coil_currents": [
    100000.0,
    55728.43865945255,
    81300.02274325491,
    84685.59462626828
  ],
  "UUID": "dcf032105abe430186d1ab628acef2bb",
  "eval_time": 1671.898146889
}