{
  "nfp": 2,
  "ncoils": 4,
  "order": 4,
  "nphi": 32,
  "ntheta": 32,
  "R0": 1.0,
  "R1": 0.47653517105828164,
  "UUID_init": null,
  "length_target": 4.539905937896594,
  "length_weight": 0.0017132113141977235,
  "max_\u03ba_threshold": 6.812517954851412,
  "max_\u03ba_weight": 1.4400030387084044e-08,
  "msc_threshold": 5.341347933872931,
  "msc_weight": 1.5242916660819638e-06,
  "cc_threshold": 0.10378918538409654,
  "cc_weight": 81322.16920278134,
  "cs_threshold": 0.20314530136276818,
  "cs_weight": 9.377987727183747,
  "force_threshold": 21513.66115749999,
  "force_weight": 2.986034312840064e-13,
  "arclength_weight": 0.01,
  "JF": 4.16274681667739e-06,
  "Jf": 3.77165315183995e-06,
  "gradient_norm": 1.5977426105611017e-05,
  "linking_number": 1.3427138031042856e-05,
  "lengths": [
    4.543167307256351,
    4.105382281622609,
    4.325840976628369,
    4.186928190704647
  ],
  "max_length": 4.543167307256351,
  "max_\u03ba": [
    2.8169199984671685,
    2.9803930558410303,
    2.799944025026303,
    2.543654681614568
  ],
  "max_max_\u03ba": 2.9803930558410303,
  "MSCs": [
    3.4186811601717815,
    4.691444113453875,
    4.264935819108797,
    4.018470646134222
  ],
  "max_MSC": 4.691444113453875,
  "max_forces": [
    21564.715458143324,
    17550.257132570852,
    16677.932039201914,
    14976.363505520554
  ],
  "max_max_force": 21564.715458143324,
  "arclength_variances": [
    1.3459556421314126e-05,
    8.272660934203786e-06,
    4.9399979072263105e-06,
    1.1295136277382775e-05
  ],
  "max_arclength_variance": 1.3459556421314126e-05,
  "BdotN": 0.0007357453542930657,
  "coil_coil_distance": 0.10379272064334286,
  "coil_surface_distance": 0.26977444063262596,
  "message": "STOP: TOTAL NO. of ITERATIONS REACHED LIMIT",
  "success": false,
  "iterations": 400,
  "function_evaluations": 480,
  "coil_currents": [
    100000.0,
    59308.026055681665,
    75698.36478435283,
    80692.83662290992
  ],
  "UUID": "2f3fdf2936964fcc89373a05ca59164e",
  "eval_time": 642.719918995
}