{
  "nfp": 2,
  "ncoils": 4,
  "order": 3,
  "nphi": 32,
  "ntheta": 32,
  "R0": 1.0,
  "R1": 0.6008952826153052,
  "UUID_init": null,
  "length_target": 4.912104559162538,
  "length_weight": 0.007121072178456328,
  "max_\u03ba_threshold": 9.229149658367074,
  "max_\u03ba_weight": 2.0407151208221322e-08,
  "msc_threshold": 5.898699485197195,
  "msc_weight": 1.7464217868919067e-05,
  "cc_threshold": 0.09311048859506617,
  "cc_weight": 249.43514127017386,
  "cs_threshold": 0.2991602947095531,
  "cs_weight": 1.9067854924989347,
  "force_threshold": 8611.726102325223,
  "force_weight": 9.96816129865987e-13,
  "arclength_weight": 0.01,
  "JF": 8.539229131336972e-06,
  "Jf": 7.957615309640696e-06,
  "gradient_norm": 0.00013317119042972376,
  "linking_number": 0.0022699684859321056,
  "lengths": [
    4.912758078614583,
    4.912921521498617,
    3.820747621487471,
    4.6629819170177536
  ],
  "max_length": 4.912921521498617,
  "max_\u03ba": [
    2.012900724098982,
    1.7332411536328005,
    2.104947707756823,
    1.9094086748764694
  ],
  "max_max_\u03ba": 2.104947707756823,
  "MSCs": [
    2.1871333617446296,
    1.8534487908595962,
    3.3872982907908447,
    3.2414109510828006
  ],
  "max_MSC": 3.3872982907908447,
  "max_forces": [
    8743.735782825335,
    8660.936272372392,
    2699.2546086312254,
    4570.856193936356
  ],
  "max_max_force": 8743.735782825335,
  "arclength_variances": [
    8.044282404422905e-06,
    1.4150534276455305e-05,
    2.633194599131615e-05,
    1.4102426426521054e-06
  ],
  "max_arclength_variance": 2.633194599131615e-05,
  "BdotN": 0.0010628847631470812,
  "coil_coil_distance": 0.1180697945065716,
  "coil_surface_distance": 0.2957169884412232,
  "message": "STOP: TOTAL NO. of ITERATIONS REACHED LIMIT",
  "success": false,
  "iterations": 400,
  "function_evaluations": 510,
  "coil_currents": [
    100000.0,
    -99027.79382671688,
    43723.72052283408,
    36734.27336149382
  ],
  "UUID": "f3c9cb008b0446d987537c5115766466",
  "eval_time": 554.9340763979999
}