{
  "nfp": 2,
  "ncoils": 4,
  "order": 5,
  "nphi": 32,
  "ntheta": 32,
  "R0": 1.0,
  "R1": 0.5151885436230547,
  "UUID_init": null,
  "length_target": 5.449648602386274,
  "length_weight": 0.0017893660606537484,
  "max_\u03ba_threshold": 9.438151832072338,
  "max_\u03ba_weight": 8.914939965809985e-09,
  "msc_threshold": 5.586311899805652,
  "msc_weight": 5.2870466253765015e-05,
  "cc_threshold": 0.08900496041542634,
  "cc_weight": 146.25260442839,
  "cs_threshold": 0.16959548625549192,
  "cs_weight": 1188.9404030923592,
  "force_threshold": 29096.826971224138,
  "force_weight": 1.4324400411405654e-12,
  "arclength_weight": 0.01,
  "JF": 3.060552816315913e-07,
  "Jf": 2.709465292394883e-07,
  "gradient_norm": 1.8202123441621843e-05,
  "linking_number": 4.243748287830007e-05,
  "lengths": [
    5.449805786023425,
    5.024780637310094,
    4.867677343105206,
    4.76198112421124
  ],
  "max_length": 5.449805786023425,
  "max_\u03ba": [
    2.619289734853895,
    2.5275431303374223,
    2.4831755587557423,
    2.554358604522886
  ],
  "max_max_\u03ba": 2.619289734853895,
  "MSCs": [
    2.910549766891011,
    3.0577233920059412,
    3.347542175696666,
    3.4859030883213475
  ],
  "max_MSC": 3.4859030883213475,
  "max_forces": [
    29098.095298193126,
    25291.556799319205,
    24655.824699817542,
    20408.27349336512
  ],
  "max_max_force": 29098.095298193126,
  "arclength_variances": [
    2.631066189371566e-07,
    2.5379036096166744e-06,
    3.6112975156497214e-07,
    3.4589693983848316e-07
  ],
  "max_arclength_variance": 2.5379036096166744e-06,
  "BdotN": 0.00021328063509981033,
  "coil_coil_distance": 0.09961242267628063,
  "coil_surface_distance": 0.2979628726652604,
  "message": "STOP: TOTAL NO. of ITERATIONS REACHED LIMIT",
  "success": false,
  "iterations": 400,
  "function_evaluations": 461,
  "coil_currents": [
    100000.0,
    82748.01416403223,
    86563.70443882709,
    88141.75729548745
  ],
  "UUID": "d8273a07ac6b45bca9bc5cad7121bdb7",
  "eval_time": 912.5868266560001
}