{
  "nfp": 2,
  "ncoils": 4,
  "order": 8,
  "nphi": 32,
  "ntheta": 32,
  "R0": 1.0,
  "R1": 0.4742422330492364,
  "UUID_init": null,
  "length_target": 4.810618564055027,
  "length_weight": 0.00034773209101116975,
  "max_\u03ba_threshold": 10.778496146053769,
  "max_\u03ba_weight": 3.001427898423803e-08,
  "msc_threshold": 4.612950308459458,
  "msc_weight": 0.00012468845125284206,
  "cc_threshold": 0.11850150387957958,
  "cc_weight": 393.3385515047906,
  "cs_threshold": 0.20361335797813562,
  "cs_weight": 6.676218907982146,
  "force_threshold": 8297.702700178277,
  "force_weight": 5.811701830105579e-14,
  "arclength_weight": 0.01,
  "JF": 2.9987697920592313e-05,
  "Jf": 2.06200852595767e-05,
  "gradient_norm": 0.0004265705685582347,
  "linking_number": 1.8680958676242958e-08,
  "lengths": [
    4.922223119625229,
    4.7979521445633315,
    3.947196953247722,
    3.8871579313933173
  ],
  "max_length": 4.922223119625229,
  "max_\u03ba": [
    2.520804880816868,
    3.7007517008173845,
    3.1353443007949355,
    3.594837696768139
  ],
  "max_max_\u03ba": 3.7007517008173845,
  "MSCs": [
    2.707889644700202,
    4.62400192739709,
    4.650849327071941,
    4.622025761348611
  ],
  "max_MSC": 4.650849327071941,
  "max_forces": [
    9728.769640277329,
    5885.090103297801,
    4729.46448294074,
    4184.761931500407
  ],
  "max_max_force": 9728.769640277329,
  "arclength_variances": [
    9.786295364286065e-06,
    3.248183172505243e-06,
    1.6533603479167594e-07,
    1.8963623816191787e-07
  ],
  "max_arclength_variance": 9.786295364286065e-06,
  "BdotN": 0.0015920059629420565,
  "coil_coil_distance": 0.11849916633230824,
  "coil_surface_distance": 0.20099114172972188,
  "message": "STOP: TOTAL NO. of ITERATIONS REACHED LIMIT",
  "success": false,
  "iterations": 400,
  "function_evaluations": 450,
  "coil_currents": [
    100000.0,
    20750.587892230255,
    35140.13178431444,
    38525.6729194766
  ],
  "UUID": "96710e50e089423181e5fe0d1988e22a",
  "eval_time": 2083.110764459
}