{
  "nfp": 2,
  "ncoils": 4,
  "order": 6,
  "nphi": 32,
  "ntheta": 32,
  "R0": 1.0,
  "R1": 0.330665923010963,
  "UUID_init": null,
  "length_target": 5.518413865005075,
  "length_weight": 0.0003700636485282764,
  "max_\u03ba_threshold": 7.05067216898502,
  "max_\u03ba_weight": 1.0443711146501265e-09,
  "msc_threshold": 4.422986811517902,
  "msc_weight": 1.3132418181375711e-05,
  "cc_threshold": 0.10888657252552333,
  "cc_weight": 3178.70937660119,
  "cs_threshold": 0.19479015363261437,
  "cs_weight": 14.184267828090833,
  "force_threshold": 25605.464919350736,
  "force_weight": 1.3687359651434321e-11,
  "arclength_weight": 0.01,
  "JF": 0.05411586685735087,
  "Jf": 0.00024582386488187596,
  "gradient_norm": 0.0035618650896001676,
  "linking_number": 4.451198084729442e-06,
  "lengths": [
    5.406278005263732,
    4.746705183565163,
    4.661566542700842,
    5.412525006198987
  ],
  "max_length": 5.412525006198987,
  "max_\u03ba": [
    4.337954333320188,
    3.738233530910612,
    3.4785469381984444,
    3.78441352064837
  ],
  "max_max_\u03ba": 4.337954333320188,
  "MSCs": [
    5.403109696335784,
    4.249920514796035,
    4.149989279011602,
    4.535715853251112
  ],
  "max_MSC": 5.403109696335784,
  "max_forces": [
    14214.318334269396,
    135.18428017258728,
    1121.6996560899754,
    358.6602222130216
  ],
  "max_max_force": 14214.318334269396,
  "arclength_variances": [
    0.0008647370918570855,
    6.340555314242648e-05,
    0.00015544635901714273,
    0.0002569478970833879
  ],
  "max_arclength_variance": 0.0008647370918570855,
  "BdotN": 0.005661966055015392,
  "coil_coil_distance": 0.11643892276950459,
  "coil_surface_distance": 0.02590012686913361,
  "message": "STOP: TOTAL NO. of ITERATIONS REACHED LIMIT",
  "success": false,
  "iterations": 400,
  "function_evaluations": 601,
  "coil_currents": [
    100000.0,
    -913.4149141476456,
    10183.566951137114,
    11024.679362413659
  ],
  "UUID": "ac25bac5fc54418e9ef686970907fd7c",
  "eval_time": 1074.0293646749997
}