{
  "nfp": 2,
  "ncoils": 4,
  "order": 7,
  "nphi": 32,
  "ntheta": 32,
  "R0": 1.0,
  "R1": 0.677157084492666,
  "UUID_init": null,
  "length_target": 4.696893236036269,
  "length_weight": 0.002632011996677182,
  "max_\u03ba_threshold": 9.55324283567872,
  "max_\u03ba_weight": 1.973877756324008e-07,
  "msc_threshold": 4.852546550489139,
  "msc_weight": 0.00021883350777769425,
  "cc_threshold": 0.08945463970422994,
  "cc_weight": 32550.95119090279,
  "cs_threshold": 0.2089172946186446,
  "cs_weight": 8943.922236593346,
  "force_threshold": 36459.56117518957,
  "force_weight": 8.939277544756744e-12,
  "arclength_weight": 0.01,
  "JF": 1.62558240389604e-06,
  "Jf": 1.563559104226718e-06,
  "gradient_norm": 7.865111867609364e-05,
  "linking_number": 1.695561950821767e-05,
  "lengths": [
    4.6985860434699145,
    4.604045427973976,
    4.696567053180752,
    4.6865044332668635
  ],
  "max_length": 4.6985860434699145,
  "max_\u03ba": [
    3.1449826776983416,
    2.994752207967553,
    3.711636260801588,
    3.4103350488002575
  ],
  "max_max_\u03ba": 3.711636260801588,
  "MSCs": [
    3.921723370134801,
    3.9111269602413086,
    4.6737734033288145,
    4.160019846442242
  ],
  "max_MSC": 4.6737734033288145,
  "max_forces": [
    33122.379276835236,
    27923.925099389824,
    32943.78672122813,
    23668.09834666024
  ],
  "max_max_force": 33122.379276835236,
  "arclength_variances": [
    1.5465878667739041e-06,
    9.498967872792302e-07,
    1.340430136392693e-06,
    1.988300891429688e-06
  ],
  "max_arclength_variance": 1.988300891429688e-06,
  "BdotN": 0.00045026253919600305,
  "coil_coil_distance": 0.08987178206941485,
  "coil_surface_distance": 0.28614072159564724,
  "message": "STOP: TOTAL NO. of ITERATIONS REACHED LIMIT",
  "success": false,
  "iterations": 400,
  "function_evaluations": 673,
  "coil_currents": [
    100000.0,
    82142.03140132326,
    85652.52929886298,
    86423.03932098362
  ],
  "UUID": "8122f76f9a57432d9c35e6f4480bae74",
  "eval_time": 1140.524261343
}