{
  "nfp": 2,
  "ncoils": 4,
  "order": 6,
  "nphi": 32,
  "ntheta": 32,
  "R0": 1.0,
  "R1": 0.4901957393058161,
  "UUID_init": null,
  "length_target": 4.798757831442237,
  "length_weight": 0.00020384256144823158,
  "max_\u03ba_threshold": 8.474444870566188,
  "max_\u03ba_weight": 2.7773857705971558e-09,
  "msc_threshold": 5.866790854097845,
  "msc_weight": 6.212327314357382e-06,
  "cc_threshold": 0.08951014147740653,
  "cc_weight": 82989.5684475476,
  "cs_threshold": 0.1833850722643381,
  "cs_weight": 11.448500865741403,
  "force_threshold": 20464.87476560178,
  "force_weight": 9.481499065641913e-11,
  "arclength_weight": 0.01,
  "JF": 0.008049681186032503,
  "Jf": 1.0520031558646968e-05,
  "gradient_norm": 0.0007195143624927642,
  "linking_number": 0.00016785547702323792,
  "lengths": [
    4.84017042083469,
    4.733196035996889,
    4.815477077979948,
    3.399254136892474
  ],
  "max_length": 4.84017042083469,
  "max_\u03ba": [
    2.6309875116236534,
    3.6567963341944023,
    3.634703879660671,
    4.163605461967295
  ],
  "max_max_\u03ba": 4.163605461967295,
  "MSCs": [
    2.950507848246663,
    4.548242878174731,
    4.452216019174517,
    6.292046838845803
  ],
  "max_MSC": 6.292046838845803,
  "max_forces": [
    18119.096129788202,
    13558.9282390159,
    15708.194845827971,
    5141.732553321115
  ],
  "max_max_force": 18119.096129788202,
  "arclength_variances": [
    7.568313945951743e-06,
    7.573897312637041e-06,
    4.095412491072801e-06,
    0.0001350077009368323
  ],
  "max_arclength_variance": 0.0001350077009368323,
  "BdotN": 0.0012564608959698574,
  "coil_coil_distance": 0.08985482269386322,
  "coil_surface_distance": 0.02613721778914406,
  "message": "STOP: TOTAL NO. of ITERATIONS REACHED LIMIT",
  "success": false,
  "iterations": 400,
  "function_evaluations": 725,
  "coil_currents": [
    100000.0,
    71635.88834911324,
    82965.23081343768,
    23384.641330797138
  ],
  "UUID": "6be85adcb54547eba28a5aa74b01053f",
  "eval_time": 1485.9965470440002
}