{
  "nfp": 2,
  "ncoils": 4,
  "order": 3,
  "nphi": 32,
  "ntheta": 32,
  "R0": 1.0,
  "R1": 0.7039122343660786,
  "UUID_init": null,
  "length_target": 4.521890148122909,
  "length_weight": 0.0008068206658455963,
  "max_\u03ba_threshold": 11.027749341074461,
  "max_\u03ba_weight": 1.6064981092754608e-09,
  "msc_threshold": 5.383024910836003,
  "msc_weight": 0.00016659668874431996,
  "cc_threshold": 0.09567353321369118,
  "cc_weight": 1777.670264066156,
  "cs_threshold": 0.2852963560077186,
  "cs_weight": 0.29178322163793624,
  "force_threshold": 5373.960201731592,
  "force_weight": 1.7785560869627003e-14,
  "arclength_weight": 0.01,
  "JF": 8.232650317667226e-05,
  "Jf": 4.1024166881630624e-05,
  "gradient_norm": 8.81297665990652e-06,
  "linking_number": 0.0003307179919047682,
  "lengths": [
    4.586371029337571,
    3.368565381626594,
    3.5046848740991865,
    3.622072971907352
  ],
  "max_length": 4.586371029337571,
  "max_\u03ba": [
    2.3760849827445645,
    3.0464113027140853,
    2.497882237326098,
    2.4635347326329513
  ],
  "max_max_\u03ba": 3.0464113027140853,
  "MSCs": [
    2.9975077523959848,
    5.398730586276777,
    5.394743651047829,
    5.397155484989817
  ],
  "max_MSC": 5.398730586276777,
  "max_forces": [
    12700.037822314516,
    4576.614546671748,
    4724.932786210409,
    3603.4115607105846
  ],
  "max_max_force": 12700.037822314516,
  "arclength_variances": [
    0.00023187220476284445,
    0.0002739691548961536,
    0.0001240245666213657,
    2.1379548502109773e-05
  ],
  "max_arclength_variance": 0.0002739691548961536,
  "BdotN": 0.002328877991349096,
  "coil_coil_distance": 0.09567452420225894,
  "coil_surface_distance": 0.26784215350043733,
  "message": "STOP: TOTAL NO. of ITERATIONS REACHED LIMIT",
  "success": false,
  "iterations": 400,
  "function_evaluations": 451,
  "coil_currents": [
    100000.0,
    32396.949309449352,
    33674.22096098635,
    32873.49091796233
  ],
  "UUID": "689f6d32ba9548dfb3ee3d5209b04ed3",
  "eval_time": 651.6208898339992
}