{
  "nfp": 2,
  "ncoils": 4,
  "order": 7,
  "nphi": 32,
  "ntheta": 32,
  "R0": 1.0,
  "R1": 0.32602724338970307,
  "UUID_init": null,
  "length_target": 4.568406066259609,
  "length_weight": 0.00013255155652725965,
  "max_\u03ba_threshold": 5.884535286643626,
  "max_\u03ba_weight": 3.963391224877129e-08,
  "msc_threshold": 4.815126572480617,
  "msc_weight": 4.232028665612957e-05,
  "cc_threshold": 0.08597345287174356,
  "cc_weight": 11495.328018288255,
  "cs_threshold": 0.28566902290390783,
  "cs_weight": 7.854843437908172,
  "force_threshold": 17766.86479150805,
  "force_weight": 7.05561438348579e-10,
  "arclength_weight": 0.01,
  "JF": 0.10206388621775496,
  "Jf": 5.7541739258319426e-05,
  "gradient_norm": 0.002175431545306227,
  "linking_number": 1.4725932998265406e-05,
  "lengths": [
    5.016284270042087,
    4.585899784617371,
    4.374812463898814,
    4.702784999746968
  ],
  "max_length": 5.016284270042087,
  "max_\u03ba": [
    3.1975869839853512,
    4.2454295890038045,
    3.718850581815881,
    3.3940117934380014
  ],
  "max_max_\u03ba": 4.2454295890038045,
  "MSCs": [
    3.3608958829973448,
    4.820966595006084,
    4.191508795853633,
    4.567802123404287
  ],
  "max_MSC": 4.820966595006084,
  "max_forces": [
    14207.585357836746,
    2474.2418327398077,
    1170.561645962938,
    8757.761377129133
  ],
  "max_max_force": 14207.585357836746,
  "arclength_variances": [
    2.8911165362382097e-05,
    7.653998902782174e-05,
    2.979713674994949e-05,
    0.00010148296225865721
  ],
  "max_arclength_variance": 0.00010148296225865721,
  "BdotN": 0.0028434553758196176,
  "coil_coil_distance": 0.08742266929897569,
  "coil_surface_distance": 0.025659080850898186,
  "message": "STOP: TOTAL NO. of ITERATIONS REACHED LIMIT",
  "success": false,
  "iterations": 400,
  "function_evaluations": 501,
  "coil_currents": [
    100000.0,
    12748.218214834247,
    6099.823097853308,
    72100.14784300358
  ],
  "UUID": "a9e53eec7a8d457e9f72cf3f2569ffd3",
  "eval_time": 2135.7996571060003
}