{
  "nfp": 2,
  "ncoils": 4,
  "order": 4,
  "nphi": 32,
  "ntheta": 32,
  "R0": 1.0,
  "R1": 0.5393178132987088,
  "UUID_init": null,
  "length_target": 5.0,
  "length_weight": 0.006655415496815293,
  "max_\u03ba_threshold": 8.11919115204562,
  "max_\u03ba_weight": 1.4498264316893098e-06,
  "msc_threshold": 5.962481792245832,
  "msc_weight": 4.1118720588986465e-06,
  "cc_threshold": 0.09327597493394414,
  "cc_weight": 152.58910471937108,
  "cs_threshold": 0.18844596153186857,
  "cs_weight": 15.713673809112002,
  "force_threshold": 48404.59878069773,
  "force_weight": 1.9040013010131504e-12,
  "arclength_weight": 0.01,
  "JF": 2.1350574823447774e-06,
  "Jf": 1.5453741616195432e-06,
  "gradient_norm": 2.5723218470015056e-05,
  "linking_number": 0.007003055240007114,
  "lengths": [
    4.99965507344271,
    4.999181256299842,
    4.771367727730285,
    4.5560255736005395
  ],
  "max_length": 4.99965507344271,
  "max_\u03ba": [
    2.453256390721154,
    2.8544872686136813,
    2.3379302840289626,
    2.398303943702755
  ],
  "max_max_\u03ba": 2.8544872686136813,
  "MSCs": [
    2.8168995281772413,
    3.3870246234900967,
    3.3839112278830954,
    3.8675507259595534
  ],
  "max_MSC": 3.8675507259595534,
  "max_forces": [
    39939.20367359799,
    34210.46716098834,
    34614.81658635176,
    26195.00919148439
  ],
  "max_max_force": 39939.20367359799,
  "arclength_variances": [
    1.030605968136758e-05,
    1.710150539433159e-05,
    2.1095641070957604e-05,
    1.0464619407040902e-05
  ],
  "max_arclength_variance": 2.1095641070957604e-05,
  "BdotN": 0.0005030721750644382,
  "coil_coil_distance": 0.0932737347436586,
  "coil_surface_distance": 0.29906304508349535,
  "message": "STOP: TOTAL NO. of ITERATIONS REACHED LIMIT",
  "success": false,
  "iterations": 400,
  "function_evaluations": 564,
  "coil_currents": [
    100000.0,
    83164.35211868963,
    86364.78543264137,
    85763.22528788964
  ],
  "UUID": "e609bc80329b473f9927eafccd389bb1",
  "eval_time": 626.839607462
}