{
  "nfp": 2,
  "ncoils": 4,
  "order": 5,
  "nphi": 32,
  "ntheta": 32,
  "R0": 1.0,
  "R1": 0.40513044593205844,
  "UUID_init": null,
  "length_target": 4.8536369552510275,
  "length_weight": 0.00012049288118639628,
  "max_\u03ba_threshold": 11.702195086833058,
  "max_\u03ba_weight": 1.1345311905165344e-07,
  "msc_threshold": 5.170273300234623,
  "msc_weight": 0.00033950339628663307,
  "cc_threshold": 0.0913128456903976,
  "cc_weight": 120.46347263691241,
  "cs_threshold": 0.1703625632214567,
  "cs_weight": 39.988740410460224,
  "force_threshold": 11741.109760406403,
  "force_weight": 1.3538667000613604e-10,
  "arclength_weight": 0.01,
  "JF": 0.038793346808681836,
  "Jf": 3.0564248998575814e-05,
  "gradient_norm": 6.498411215185994e-05,
  "linking_number": 0.00043923719008871504,
  "lengths": [
    5.133408646636654,
    4.896493012232115,
    3.2782537191945718,
    3.410844827316006
  ],
  "max_length": 5.133408646636654,
  "max_\u03ba": [
    2.357861599238987,
    2.5814285336632476,
    3.6209669819724057,
    3.5743109594730313
  ],
  "max_max_\u03ba": 3.6209669819724057,
  "MSCs": [
    2.660484118106677,
    3.637418649065969,
    5.1744521412925435,
    5.217456711411667
  ],
  "max_MSC": 5.217456711411667,
  "max_forces": [
    11746.003065483514,
    6619.003229236267,
    1504.0318747181896,
    480.4858811220481
  ],
  "max_max_force": 11746.003065483514,
  "arclength_variances": [
    2.7151856197253583e-05,
    1.0896395654841701e-05,
    3.261427395842612e-05,
    0.0010088273856432974
  ],
  "max_arclength_variance": 0.0010088273856432974,
  "BdotN": 0.0022232204212351034,
  "coil_coil_distance": 0.09126892199549093,
  "coil_surface_distance": 0.030006720604238115,
  "message": "STOP: TOTAL NO. of ITERATIONS REACHED LIMIT",
  "success": false,
  "iterations": 400,
  "function_evaluations": 429,
  "coil_currents": [
    100000.0,
    64333.49746288245,
    8921.220545514778,
    3756.3939213083368
  ],
  "UUID": "0d5f83fe9a5940569892f0306e110cc4",
  "eval_time": 1002.3353784829997
}