{
  "nfp": 2,
  "ncoils": 4,
  "order": 7,
  "nphi": 32,
  "ntheta": 32,
  "R0": 1.0,
  "R1": 0.30315944503606307,
  "UUID_init": null,
  "length_target": 4.738492670225581,
  "length_weight": 0.0005335938747349976,
  "max_\u03ba_threshold": 8.917453465137266,
  "max_\u03ba_weight": 5.5591269253080303e-08,
  "msc_threshold": 5.0242296098015755,
  "msc_weight": 0.00036112987386385396,
  "cc_threshold": 0.11938415868354452,
  "cc_weight": 222.9303865410039,
  "cs_threshold": 0.19699081405859287,
  "cs_weight": 1883.374505265574,
  "force_threshold": 43198.24659541953,
  "force_weight": 9.209210597249508e-11,
  "arclength_weight": 0.01,
  "JF": 9.44422724715975,
  "Jf": 0.0005706344109149818,
  "gradient_norm": 0.004875609662990249,
  "linking_number": 3.82281325673921e-06,
  "lengths": [
    5.434409489258637,
    3.986512274028752,
    3.3201896363698005,
    3.860561983006959
  ],
  "max_length": 5.434409489258637,
  "max_\u03ba": [
    6.041619189126661,
    4.910921773839919,
    4.170585327927665,
    4.1997236816846835
  ],
  "max_max_\u03ba": 6.041619189126661,
  "MSCs": [
    6.20806080943182,
    5.045571190312586,
    5.306533873348368,
    5.1060977445724145
  ],
  "max_MSC": 6.20806080943182,
  "max_forces": [
    24614.636508703585,
    204.93590524380969,
    614.7417942837818,
    812.2945591840787
  ],
  "max_max_force": 24614.636508703585,
  "arclength_variances": [
    0.06547599379993269,
    0.006518550218707913,
    0.009826628310589836,
    0.021083188572503252
  ],
  "max_arclength_variance": 0.06547599379993269,
  "BdotN": 0.008081569870340605,
  "coil_coil_distance": 0.11873538893210614,
  "coil_surface_distance": 0.02314962771436944,
  "message": "STOP: TOTAL NO. of ITERATIONS REACHED LIMIT",
  "success": false,
  "iterations": 400,
  "function_evaluations": 430,
  "coil_currents": [
    100000.0,
    -3223.0434813935262,
    13830.461976887751,
    -19728.053847916064
  ],
  "UUID": "6629c992ebd9483cab5cebb79ac084bc",
  "eval_time": 1290.3777341689993
}