{
  "nfp": 2,
  "ncoils": 4,
  "order": 13,
  "nphi": 32,
  "ntheta": 32,
  "R0": 1.0,
  "R1": 0.35147782091147634,
  "UUID_init": null,
  "length_target": 4.975145051797059,
  "length_weight": 0.003932868640688654,
  "max_\u03ba_threshold": 8.336050170639746,
  "max_\u03ba_weight": 7.26137716738914e-09,
  "msc_threshold": 5.954402686974773,
  "msc_weight": 1.8548173937221206e-07,
  "cc_threshold": 0.10698621750595702,
  "cc_weight": 981.5053902231016,
  "cs_threshold": 0.17831444716548817,
  "cs_weight": 51.162166302465764,
  "force_threshold": 14983.853050587071,
  "force_weight": 2.9192357564530804e-13,
  "arclength_weight": 0.01,
  "JF": 0.09346606283458038,
  "Jf": 9.475754444069636e-05,
  "gradient_norm": 0.006092608347174932,
  "linking_number": 5.816994755280788e-10,
  "lengths": [
    4.979080570052292,
    4.977487907180045,
    4.976168792878636,
    4.382461480499463
  ],
  "max_length": 4.979080570052292,
  "max_\u03ba": [
    9.138304971334819,
    5.968152812262899,
    7.296610692275167,
    7.543886670789762
  ],
  "max_max_\u03ba": 9.138304971334819,
  "MSCs": [
    17.868909810072683,
    9.206015027250457,
    12.903090280933217,
    13.192728672561685
  ],
  "max_MSC": 17.868909810072683,
  "max_forces": [
    15399.698322775197,
    8389.800390375325,
    5005.897079590881,
    5370.251639098638
  ],
  "max_max_force": 15399.698322775197,
  "arclength_variances": [
    0.00027866478186275545,
    3.8460792178112246e-05,
    3.858673488576581e-05,
    9.144019112841705e-05
  ],
  "max_arclength_variance": 0.00027866478186275545,
  "BdotN": 0.0033260851195992254,
  "coil_coil_distance": 0.10651418385821093,
  "coil_surface_distance": 0.019115225958727312,
  "message": "STOP: TOTAL NO. of ITERATIONS REACHED LIMIT",
  "success": false,
  "iterations": 400,
  "function_evaluations": 432,
  "coil_currents": [
    100000.0,
    45837.76687441919,
    37405.51645610876,
    39971.936527625774
  ],
  "UUID": "5942cd0f253746cd9b92909bfc378b0b",
  "eval_time": 95.72160606900002
}