{
  "nfp": 2,
  "ncoils": 4,
  "order": 4,
  "nphi": 32,
  "ntheta": 32,
  "R0": 1.0,
  "R1": 0.7289854537462128,
  "UUID_init": null,
  "length_target": 4.82730877709252,
  "length_weight": 0.00028919997367312864,
  "max_\u03ba_threshold": 6.366918309347731,
  "max_\u03ba_weight": 9.91465617248205e-09,
  "msc_threshold": 4.646741419029841,
  "msc_weight": 1.1603768595114822e-07,
  "cc_threshold": 0.11498154430244634,
  "cc_weight": 1356.010004788045,
  "cs_threshold": 0.2277121134397531,
  "cs_weight": 348.956211492879,
  "force_threshold": 33610.71875296533,
  "force_weight": 1.0321924493571809e-10,
  "arclength_weight": 0.01,
  "JF": 2.80220077940968e-06,
  "Jf": 2.501071510694138e-06,
  "gradient_norm": 0.00010752902676022662,
  "linking_number": 0.0006074496866309646,
  "lengths": [
    4.836840184129107,
    4.807785750721631,
    4.829721705050368,
    4.622467525638825
  ],
  "max_length": 4.836840184129107,
  "max_\u03ba": [
    2.4176420747111815,
    2.8010767745995624,
    3.0430942346004572,
    2.556811793056139
  ],
  "max_max_\u03ba": 3.0430942346004572,
  "MSCs": [
    2.7671003010358395,
    3.8143876927612737,
    3.7186677385207645,
    3.564285576190448
  ],
  "max_MSC": 3.8143876927612737,
  "max_forces": [
    31086.485767261267,
    20931.083918624066,
    20656.61629742671,
    15788.311992990375
  ],
  "max_max_force": 31086.485767261267,
  "arclength_variances": [
    3.855378652133282e-06,
    1.1667971468905211e-06,
    7.740693296514916e-06,
    1.5952210550233775e-05
  ],
  "max_arclength_variance": 1.5952210550233775e-05,
  "BdotN": 0.00065992438191839,
  "coil_coil_distance": 0.11663071913128642,
  "coil_surface_distance": 0.2509508244316522,
  "message": "STOP: TOTAL NO. of ITERATIONS REACHED LIMIT",
  "success": false,
  "iterations": 400,
  "function_evaluations": 531,
  "coil_currents": [
    100000.0,
    69107.6137951935,
    84602.00324989654,
    82520.02066440998
  ],
  "UUID": "f7356a25f0814f07a5cbaef167fbd190",
  "eval_time": 709.0002258949999
}