{
  "nfp": 2,
  "ncoils": 4,
  "order": 4,
  "nphi": 32,
  "ntheta": 32,
  "R0": 1.0,
  "R1": 0.3754468263301554,
  "UUID_init": null,
  "length_target": 4.772772977283721,
  "length_weight": 0.00029943403881396133,
  "max_\u03ba_threshold": 5.084778922946,
  "max_\u03ba_weight": 6.4383814163629184e-06,
  "msc_threshold": 4.52991147247084,
  "msc_weight": 4.5515354205391546e-05,
  "cc_threshold": 0.10319042166233025,
  "cc_weight": 38634.25726121392,
  "cs_threshold": 0.2378055872144828,
  "cs_weight": 170.80094464778588,
  "force_threshold": 18060.403495523307,
  "force_weight": 1.5337139270026288e-14,
  "arclength_weight": 0.01,
  "JF": 3.8091945338026165e-06,
  "Jf": 3.259782574269011e-06,
  "gradient_norm": 0.00010169849923761273,
  "linking_number": 0.0003710785613680364,
  "lengths": [
    4.790588889678376,
    4.319854673619119,
    4.275138025901537,
    4.118218703020413
  ],
  "max_length": 4.790588889678376,
  "max_\u03ba": [
    2.6412861502698606,
    2.912682721804471,
    2.779416295351218,
    2.55336316230499
  ],
  "max_max_\u03ba": 2.912682721804471,
  "MSCs": [
    3.002188192362735,
    4.538695154539111,
    4.219992416494511,
    4.164724423567532
  ],
  "max_MSC": 4.538695154539111,
  "max_forces": [
    19122.86134777337,
    16356.458728826916,
    14264.193429673604,
    12517.6206697041
  ],
  "max_max_force": 19122.86134777337,
  "arclength_variances": [
    1.2131909606886462e-05,
    1.1118052023575387e-05,
    2.7384548319064043e-06,
    9.556047836657502e-06
  ],
  "max_arclength_variance": 1.2131909606886462e-05,
  "BdotN": 0.0006981309381561193,
  "coil_coil_distance": 0.10683877857972675,
  "coil_surface_distance": 0.2623570204913719,
  "message": "STOP: TOTAL NO. of ITERATIONS REACHED LIMIT",
  "success": false,
  "iterations": 400,
  "function_evaluations": 665,
  "coil_currents": [
    100000.0,
    50623.465211149865,
    68596.27967825661,
    72071.47626440231
  ],
  "UUID": "9a882a0bbd77471ba5386ce643f7bbbd",
  "eval_time": 758.2696667359996
}