{
  "nfp": 2,
  "ncoils": 4,
  "order": 4,
  "nphi": 32,
  "ntheta": 32,
  "R0": 1.0,
  "R1": 0.35291178312805216,
  "UUID_init": null,
  "length_target": 4.6941278057482165,
  "length_weight": 0.00010474808336294503,
  "max_\u03ba_threshold": 10.230723382177334,
  "max_\u03ba_weight": 4.0896109753799254e-07,
  "msc_threshold": 4.280085405879117,
  "msc_weight": 1.6942171260332347e-07,
  "cc_threshold": 0.1017386824111401,
  "cc_weight": 650.2761963252258,
  "cs_threshold": 0.23547108201634873,
  "cs_weight": 67.35140061742,
  "force_threshold": 43759.9928064311,
  "force_weight": 4.838532687334985e-14,
  "arclength_weight": 0.01,
  "JF": 0.16689854121075706,
  "Jf": 6.446604112902518e-05,
  "gradient_norm": 0.0034994838554351223,
  "linking_number": 10.000068025363094,
  "lengths": [
    4.973275666424398,
    4.996594576894791,
    4.788148435728881,
    4.869990205552667
  ],
  "max_length": 4.996594576894791,
  "max_\u03ba": [
    2.5805789512015993,
    2.2826858591458197,
    3.3306044197146103,
    2.432826588691909
  ],
  "max_max_\u03ba": 3.3306044197146103,
  "MSCs": [
    2.903189851175902,
    3.291480508861772,
    5.499603255327537,
    2.9675988609566017
  ],
  "max_MSC": 5.499603255327537,
  "max_forces": [
    16621.04340038999,
    14807.926011384,
    334.72770160179624,
    1500.3689386445908
  ],
  "max_max_force": 16621.04340038999,
  "arclength_variances": [
    0.0001223579576253736,
    0.00017900456388299926,
    0.00354770855470508,
    0.000554711235110543
  ],
  "max_arclength_variance": 0.00354770855470508,
  "BdotN": 0.003391811460212434,
  "coil_coil_distance": 0.10175063085683046,
  "coil_surface_distance": 0.03418039868680525,
  "message": "STOP: TOTAL NO. of ITERATIONS REACHED LIMIT",
  "success": false,
  "iterations": 400,
  "function_evaluations": 618,
  "coil_currents": [
    100000.0,
    89829.71799274959,
    -1307.142490075433,
    15383.848661663733
  ],
  "UUID": "8ea4b0ef8950415baa40f4371382f09b",
  "eval_time": 701.646796556
}