{
  "nfp": 2,
  "ncoils": 4,
  "order": 7,
  "nphi": 32,
  "ntheta": 32,
  "R0": 1.0,
  "R1": 0.337880193700109,
  "UUID_init": null,
  "length_target": 4.585121652337745,
  "length_weight": 0.0009277402160819595,
  "max_\u03ba_threshold": 9.840771595017348,
  "max_\u03ba_weight": 9.976951211022038e-07,
  "msc_threshold": 4.481574317247182,
  "msc_weight": 0.000374745988892783,
  "cc_threshold": 0.10392022788962457,
  "cc_weight": 340.76810210162324,
  "cs_threshold": 0.28702432488408314,
  "cs_weight": 4646.09834922652,
  "force_threshold": 8320.62917908139,
  "force_weight": 5.148671956304244e-13,
  "arclength_weight": 0.01,
  "JF": 3.1123692858007506e-05,
  "Jf": 2.910360272787109e-05,
  "gradient_norm": 0.0012020969316915181,
  "linking_number": 7.916572591558612e-08,
  "lengths": [
    4.61625080237356,
    4.609963991375023,
    4.487897822988757,
    4.1412856319854034
  ],
  "max_length": 4.61625080237356,
  "max_\u03ba": [
    2.8930482564736635,
    3.0710690877449487,
    3.7647501316793814,
    2.9764238379711863
  ],
  "max_max_\u03ba": 3.7647501316793814,
  "MSCs": [
    3.0640259506330687,
    3.614902893648222,
    4.468132582112219,
    4.369891740546346
  ],
  "max_MSC": 4.468132582112219,
  "max_forces": [
    8555.409205501428,
    8100.011664149481,
    2206.6999974259825,
    1550.0735768614306
  ],
  "max_max_force": 8555.409205501428,
  "arclength_variances": [
    2.5260919774583332e-05,
    3.378559768207363e-05,
    2.7026541143527478e-05,
    1.1530197548137167e-05
  ],
  "max_arclength_variance": 3.378559768207363e-05,
  "BdotN": 0.0019341140846983545,
  "coil_coil_distance": 0.10376953592690241,
  "coil_surface_distance": 0.28722853307239454,
  "message": "STOP: TOTAL NO. of ITERATIONS REACHED LIMIT",
  "success": false,
  "iterations": 400,
  "function_evaluations": 441,
  "coil_currents": [
    100000.0,
    -51700.64200957199,
    30259.775619941498,
    21431.099013319163
  ],
  "UUID": "49bcc17da1d94d478bc443d664158d92",
  "eval_time": 2177.9278943940008
}