{
  "nfp": 2,
  "ncoils": 4,
  "order": 6,
  "nphi": 32,
  "ntheta": 32,
  "R0": 1.0,
  "R1": 0.422996740181659,
  "UUID_init": null,
  "length_target": 4.772190064267399,
  "length_weight": 0.008650981040446535,
  "max_\u03ba_threshold": 9.900956290894037,
  "max_\u03ba_weight": 3.3846045104925825e-06,
  "msc_threshold": 4.022799561268837,
  "msc_weight": 9.450746124247935e-07,
  "cc_threshold": 0.08440056620683646,
  "cc_weight": 4830.787204677914,
  "cs_threshold": 0.2699801414707987,
  "cs_weight": 422.5368877886208,
  "force_threshold": 49702.76311985385,
  "force_weight": 1.007272749860414e-14,
  "arclength_weight": 0.01,
  "JF": 3.752382911538188e-06,
  "Jf": 3.368149668205276e-06,
  "gradient_norm": 0.000366662401209953,
  "linking_number": 2.000068023712711,
  "lengths": [
    4.770228892479329,
    4.51816508972983,
    4.380862148356809,
    4.769636468740165
  ],
  "max_length": 4.770228892479329,
  "max_\u03ba": [
    3.204270110045173,
    3.0576740473701927,
    3.638257209201519,
    2.6502445478838847
  ],
  "max_max_\u03ba": 3.638257209201519,
  "MSCs": [
    3.7605225610244455,
    3.955113719211127,
    4.3224027491591555,
    4.334167198471875
  ],
  "max_MSC": 4.334167198471875,
  "max_forces": [
    45005.044047596246,
    38872.248576734986,
    41562.033488768815,
    22609.429667782548
  ],
  "max_max_force": 45005.044047596246,
  "arclength_variances": [
    4.22031769943716e-06,
    1.2539684377454167e-06,
    5.09420482747557e-06,
    1.903200069092314e-05
  ],
  "max_arclength_variance": 1.903200069092314e-05,
  "BdotN": 0.0007488620709437111,
  "coil_coil_distance": 0.08444273849409709,
  "coil_surface_distance": 0.3126436427502519,
  "message": "STOP: TOTAL NO. of ITERATIONS REACHED LIMIT",
  "success": false,
  "iterations": 400,
  "function_evaluations": 577,
  "coil_currents": [
    100000.0,
    92809.71368927923,
    92344.98290075694,
    89335.85140671881
  ],
  "UUID": "e83852c108b64fc2a0c22254d45c9555",
  "eval_time": 1462.371626480999
}