{
  "nfp": 2,
  "ncoils": 4,
  "order": 6,
  "nphi": 32,
  "ntheta": 32,
  "R0": 1.0,
  "R1": 0.5711303391318591,
  "UUID_init": null,
  "length_target": 4.988075488155359,
  "length_weight": 0.0016349337869497325,
  "max_\u03ba_threshold": 7.918339160248618,
  "max_\u03ba_weight": 7.413007061591062e-09,
  "msc_threshold": 4.5280984967206175,
  "msc_weight": 0.000794789386051732,
  "cc_threshold": 0.11247200395123791,
  "cc_weight": 3511.9225453799413,
  "cs_threshold": 0.26658436725102097,
  "cs_weight": 3.4732294449000576,
  "force_threshold": 8004.223504726965,
  "force_weight": 2.2428135502613145e-10,
  "arclength_weight": 0.01,
  "JF": 0.03212602816523173,
  "Jf": 0.00010747887881208882,
  "gradient_norm": 0.007287372855947285,
  "linking_number": 1.9768519679178523e-05,
  "lengths": [
    5.084662075601181,
    4.2623582767998185,
    4.928324689276027,
    4.523203780308794
  ],
  "max_length": 5.084662075601181,
  "max_\u03ba": [
    2.3734106646235085,
    3.6957125608129675,
    3.0640652441196137,
    3.440355126566248
  ],
  "max_max_\u03ba": 3.6957125608129675,
  "MSCs": [
    2.4079075475567353,
    4.55969593909542,
    4.549389816741689,
    4.394526886866593
  ],
  "max_MSC": 4.55969593909542,
  "max_forces": [
    8020.135627551487,
    3056.9757092373934,
    4759.270044006557,
    51.56963189009667
  ],
  "max_max_force": 8020.135627551487,
  "arclength_variances": [
    0.00021073451531544225,
    0.0001681042988952006,
    0.00011932945905752109,
    0.0003687297431418505
  ],
  "max_arclength_variance": 0.0003687297431418505,
  "BdotN": 0.004662226860863997,
  "coil_coil_distance": 0.11238179185493215,
  "coil_surface_distance": 0.017948511166427327,
  "message": "STOP: TOTAL NO. of ITERATIONS REACHED LIMIT",
  "success": false,
  "iterations": 400,
  "function_evaluations": 598,
  "coil_currents": [
    100000.0,
    -19705.744411275777,
    18886.67684968683,
    595.8997106011805
  ],
  "UUID": "fd4ee991c66747ae80980b628c5d9f40",
  "eval_time": 1418.1295189209995
}