{
  "nfp": 2,
  "ncoils": 4,
  "order": 1,
  "nphi": 32,
  "ntheta": 32,
  "R0": 1.0,
  "R1": 0.6684150513665773,
  "UUID_init": null,
  "length_target": 4.981891300895497,
  "length_weight": 0.0018167310120057178,
  "max_\u03ba_threshold": 8.44802654859377,
  "max_\u03ba_weight": 2.652026847895698e-06,
  "msc_threshold": 5.893331107975977,
  "msc_weight": 2.28939472130675e-06,
  "cc_threshold": 0.11870597253622367,
  "cc_weight": 2031.3685634519975,
  "cs_threshold": 0.2151411968240543,
  "cs_weight": 7590.162859738317,
  "force_threshold": 6274.122323621756,
  "force_weight": 3.041064506725889e-14,
  "arclength_weight": 0.01,
  "JF": 1.422683276147362e-11,
  "Jf": 1.4224621689770254e-11,
  "gradient_norm": 8.643727733475222e-09,
  "linking_number": 0.7366023957772662,
  "lengths": [
    4.981521242571549,
    4.981596386755157,
    4.1312547234943295,
    4.255685565849894
  ],
  "max_length": 4.981596386755157,
  "max_\u03ba": [
    1.2612987623458376,
    1.261279910364454,
    1.5208903265993095,
    1.4764214293859068
  ],
  "max_max_\u03ba": 1.5208903265993095,
  "MSCs": [
    1.590873924436649,
    1.5908259301748864,
    2.313107357195908,
    2.179820196233456
  ],
  "max_MSC": 2.313107357195908,
  "max_forces": [
    686.7018647303387,
    442.43726154782513,
    0.7772192663847541,
    0.007360313515622598
  ],
  "max_max_force": 686.7018647303387,
  "arclength_variances": [
    5.680254231505691e-14,
    1.6418020566649272e-13,
    3.575192223519511e-17,
    8.867043278895263e-17
  ],
  "max_arclength_variance": 1.6418020566649272e-13,
  "BdotN": 1.1123539289344727e-06,
  "coil_coil_distance": 0.11871311357509315,
  "coil_surface_distance": 0.24093778897661836,
  "message": "CONVERGENCE: REL_REDUCTION_OF_F_<=_FACTR*EPSMCH",
  "success": true,
  "iterations": 368,
  "function_evaluations": 869,
  "coil_currents": [
    100000.0,
    -99997.27391865007,
    -8.047208825699894,
    0.25926592488340927
  ],
  "UUID": "5c1c501dc46e41fea81d645127b37c24",
  "eval_time": 52.375873629
}