{
  "nfp": 2,
  "ncoils": 4,
  "order": 6,
  "nphi": 32,
  "ntheta": 32,
  "R0": 1.0,
  "R1": 0.5146564304856626,
  "UUID_init": null,
  "length_target": 5.826106202718767,
  "length_weight": 0.0006219872410297902,
  "max_\u03ba_threshold": 7.2871452197858515,
  "max_\u03ba_weight": 9.673908894158365e-06,
  "msc_threshold": 5.532413285513249,
  "msc_weight": 1.2356687058541424e-05,
  "cc_threshold": 0.08312468768530248,
  "cc_weight": 195.88658793506065,
  "cs_threshold": 0.17745863835931108,
  "cs_weight": 10.733260470002438,
  "force_threshold": 9342.323753247128,
  "force_weight": 8.544046779893295e-11,
  "arclength_weight": 0.01,
  "JF": 0.013691637842152625,
  "Jf": 0.0005895150186023508,
  "gradient_norm": 0.0014824319109475856,
  "linking_number": 0.0025593939344761645,
  "lengths": [
    6.153850551360527,
    5.830724851224078,
    5.797108164383873,
    5.736437722722386
  ],
  "max_length": 6.153850551360527,
  "max_\u03ba": [
    4.014936455084182,
    3.5027047270722305,
    3.1829031406538912,
    3.4522264613611
  ],
  "max_max_\u03ba": 4.014936455084182,
  "MSCs": [
    6.9537309666722535,
    5.2882285569609,
    5.22243600851363,
    5.4248472586465875
  ],
  "max_MSC": 6.9537309666722535,
  "max_forces": [
    9476.696150272988,
    9343.729558560579,
    1067.2566085796593,
    999.7985007713888
  ],
  "max_max_force": 9476.696150272988,
  "arclength_variances": [
    0.02119545151547144,
    7.768547514305245e-05,
    4.600953987074066e-05,
    5.368844856555352e-05
  ],
  "max_arclength_variance": 0.02119545151547144,
  "BdotN": 0.008140412443221133,
  "coil_coil_distance": 0.08303775477673662,
  "coil_surface_distance": 0.031876657015544915,
  "message": "STOP: TOTAL NO. of ITERATIONS REACHED LIMIT",
  "success": false,
  "iterations": 400,
  "function_evaluations": 494,
  "coil_currents": [
    100000.0,
    45378.27982877112,
    9929.92460535516,
    -16983.673039777204
  ],
  "UUID": "01292fd7818746029326b3bdbfd4bace",
  "eval_time": 1160.516005738
}