{
  "nfp": 2,
  "ncoils": 4,
  "order": 7,
  "nphi": 32,
  "ntheta": 32,
  "R0": 1.0,
  "R1": 0.3974665177916763,
  "UUID_init": null,
  "length_target": 4.773824877294782,
  "length_weight": 0.0012549029300996848,
  "max_\u03ba_threshold": 11.393390722396536,
  "max_\u03ba_weight": 1.3728048924291131e-08,
  "msc_threshold": 4.821027141216887,
  "msc_weight": 9.808073201098383e-06,
  "cc_threshold": 0.1195207471059401,
  "cc_weight": 17399.758697618927,
  "cs_threshold": 0.17468554644370088,
  "cs_weight": 3892.4460736262786,
  "force_threshold": 11264.455814133362,
  "force_weight": 6.738955321600902e-10,
  "arclength_weight": 0.01,
  "JF": 0.00021238995359289782,
  "Jf": 0.00014544237454306154,
  "gradient_norm": 0.01373181206853276,
  "linking_number": 5.885277225100574e-06,
  "lengths": [
    4.902059271497463,
    4.8146346679141,
    4.7077980314945975,
    4.192749676466608
  ],
  "max_length": 4.902059271497463,
  "max_\u03ba": [
    5.128398197764109,
    3.380487061613482,
    3.26299579691652,
    3.4908447800544047
  ],
  "max_max_\u03ba": 5.128398197764109,
  "MSCs": [
    7.397648657449621,
    5.332697876614111,
    4.830977918277208,
    5.174658642146848
  ],
  "max_MSC": 7.397648657449621,
  "max_forces": [
    11184.771763094948,
    6015.0673665441755,
    2855.2795719788255,
    4682.955044781717
  ],
  "max_max_force": 11184.771763094948,
  "arclength_variances": [
    0.0015112377313984877,
    0.00018107212636354515,
    0.00011620503470127112,
    5.584222473699573e-05
  ],
  "max_arclength_variance": 0.0015112377313984877,
  "BdotN": 0.003944663683821077,
  "coil_coil_distance": 0.12126196336717744,
  "coil_surface_distance": 0.17356056164489328,
  "message": "STOP: TOTAL NO. of ITERATIONS REACHED LIMIT",
  "success": false,
  "iterations": 400,
  "function_evaluations": 508,
  "coil_currents": [
    100000.0,
    31248.05910946673,
    27401.399144824263,
    31091.253692726295
  ],
  "UUID": "9fa2e4a036db47a79c7a1b687203f2e1",
  "eval_time": 1300.2078798820003
}