{
  "nfp": 2,
  "ncoils": 4,
  "order": 7,
  "nphi": 32,
  "ntheta": 32,
  "R0": 1.0,
  "R1": 0.560997631217812,
  "UUID_init": null,
  "length_target": 5.0,
  "length_weight": 0.001379262698183918,
  "max_\u03ba_threshold": 11.380017864999056,
  "max_\u03ba_weight": 4.00097262286145e-09,
  "msc_threshold": 5.596344512068779,
  "msc_weight": 5.957802351375901e-07,
  "cc_threshold": 0.0891136345434996,
  "cc_weight": 205.52917211835253,
  "cs_threshold": 0.20749622155524017,
  "cs_weight": 2.9416124686295535,
  "force_threshold": 2039.6577522290015,
  "force_weight": 4.533257668291121e-14,
  "arclength_weight": 0.01,
  "JF": 0.00010962315789590526,
  "Jf": 3.5195454221223884e-05,
  "gradient_norm": 0.0004631823250397416,
  "linking_number": 5.616138410150854e-06,
  "lengths": [
    5.013819882895933,
    5.031070273886703,
    3.948844742987721,
    3.450552127521556
  ],
  "max_length": 5.031070273886703,
  "max_\u03ba": [
    2.696513290004555,
    2.816993784173019,
    4.51596656466731,
    3.582484202776324
  ],
  "max_max_\u03ba": 4.51596656466731,
  "MSCs": [
    2.7523897819023375,
    2.6496343955459403,
    6.586378171101744,
    6.0395666532230745
  ],
  "max_MSC": 6.586378171101744,
  "max_forces": [
    6479.340871259744,
    3342.2476623110333,
    1880.1814624505594,
    1401.3463304617508
  ],
  "max_max_force": 6479.340871259744,
  "arclength_variances": [
    4.58098584261737e-06,
    6.972453922481454e-06,
    6.788050955113001e-06,
    7.742953145220137e-07
  ],
  "max_arclength_variance": 6.972453922481454e-06,
  "BdotN": 0.0020732180646157714,
  "coil_coil_distance": 0.0912090156667263,
  "coil_surface_distance": 0.20395574439962763,
  "message": "STOP: TOTAL NO. of ITERATIONS REACHED LIMIT",
  "success": false,
  "iterations": 400,
  "function_evaluations": 430,
  "coil_currents": [
    100000.0,
    -24797.23538287783,
    15487.746524922957,
    20201.482089845653
  ],
  "UUID": "0bca3ed931334256829130a6fb36a42a"
}