{
  "nfp": 2,
  "ncoils": 4,
  "order": 9,
  "nphi": 32,
  "ntheta": 32,
  "R0": 1.0,
  "R1": 0.4087744172112319,
  "UUID_init": null,
  "length_target": 4.920059454969122,
  "length_weight": 0.00010660821266956676,
  "max_\u03ba_threshold": 9.443232192176708,
  "max_\u03ba_weight": 9.130682150318284e-09,
  "msc_threshold": 4.5756985324625274,
  "msc_weight": 4.4862524452275953e-07,
  "cc_threshold": 0.11109284118042384,
  "cc_weight": 116.3885775133493,
  "cs_threshold": 0.22702415546381677,
  "cs_weight": 0.4308176666479787,
  "force_threshold": 48034.83844102652,
  "force_weight": 1.468321801514289e-11,
  "arclength_weight": 0.01,
  "JF": 8.338679615183917e-07,
  "Jf": 7.870165754701701e-07,
  "gradient_norm": 7.957049905291508e-05,
  "linking_number": 2.0329508365158368e-08,
  "lengths": [
    4.939906032716177,
    4.774499283201075,
    4.588797536589903,
    4.464661734107105
  ],
  "max_length": 4.939906032716177,
  "max_\u03ba": [
    3.1917950816801306,
    4.083313151408791,
    3.522237343496461,
    3.6656770828316616
  ],
  "max_max_\u03ba": 4.083313151408791,
  "MSCs": [
    3.7575942985716755,
    4.644151999501893,
    4.4568656937853195,
    4.51088558202375
  ],
  "max_MSC": 4.644151999501893,
  "max_forces": [
    37022.08749959467,
    36073.29683559044,
    34594.16555181819,
    31191.220648862734
  ],
  "max_max_force": 37022.08749959467,
  "arclength_variances": [
    4.3657591408142095e-07,
    1.270956826721784e-06,
    5.331066732391806e-07,
    2.3644602622562005e-07
  ],
  "max_arclength_variance": 1.270956826721784e-06,
  "BdotN": 0.00033802410126273683,
  "coil_coil_distance": 0.1110775949631051,
  "coil_surface_distance": 0.28486793391105086,
  "message": "STOP: TOTAL NO. of ITERATIONS REACHED LIMIT",
  "success": false,
  "iterations": 400,
  "function_evaluations": 438,
  "coil_currents": [
    100000.0,
    89437.93569840805,
    88961.84844398101,
    89797.22118623031
  ],
  "UUID": "490b3e082902427abdb6484d7f676e29",
  "eval_time": 2236.1960357259995
}