{
  "nfp": 2,
  "ncoils": 4,
  "order": 4,
  "nphi": 32,
  "ntheta": 32,
  "R0": 1.0,
  "R1": 0.4764841273670856,
  "UUID_init": null,
  "length_target": 4.905399811094262,
  "length_weight": 0.0017106671168116872,
  "max_\u03ba_threshold": 7.00962513419376,
  "max_\u03ba_weight": 3.28846900426085e-07,
  "msc_threshold": 4.339507180380412,
  "msc_weight": 1.2154942020807804e-05,
  "cc_threshold": 0.11065369307132092,
  "cc_weight": 115.01947927976394,
  "cs_threshold": 0.19696140887429858,
  "cs_weight": 3624.8595857044975,
  "force_threshold": 49737.27608758015,
  "force_weight": 1.0898334808089593e-13,
  "arclength_weight": 0.01,
  "JF": 4.226760897345429e-06,
  "Jf": 3.953292604673266e-06,
  "gradient_norm": 6.923640327470307e-05,
  "linking_number": 6.00081807412144,
  "lengths": [
    4.9075265237361965,
    4.749002178321714,
    4.625498964196585,
    4.906165042121002
  ],
  "max_length": 4.9075265237361965,
  "max_\u03ba": [
    2.74703533283879,
    2.741382621186855,
    2.7595107703783097,
    2.3945977398340736
  ],
  "max_max_\u03ba": 2.7595107703783097,
  "MSCs": [
    3.2126939395658884,
    3.8065121597612794,
    3.992482818265791,
    3.172459547863522
  ],
  "max_MSC": 3.992482818265791,
  "max_forces": [
    25677.93793183415,
    23705.797115764068,
    19454.982066741857,
    25418.757833954656
  ],
  "max_max_force": 25677.93793183415,
  "arclength_variances": [
    1.0373956725384087e-05,
    3.42588484508536e-06,
    7.005016298148498e-06,
    6.105025517407895e-06
  ],
  "max_arclength_variance": 1.0373956725384087e-05,
  "BdotN": 0.0008365101486652977,
  "coil_coil_distance": 0.1106635964069499,
  "coil_surface_distance": 0.29464230340858705,
  "message": "STOP: TOTAL NO. of ITERATIONS REACHED LIMIT",
  "success": false,
  "iterations": 400,
  "function_evaluations": 465,
  "coil_currents": [
    100000.0,
    74488.76225323389,
    78019.09690997285,
    73532.68984193006
  ],
  "UUID": "d95a57689188451981404b96b9234519",
  "eval_time": 433.52470484
}