{
  "nfp": 2,
  "ncoils": 4,
  "order": 7,
  "nphi": 32,
  "ntheta": 32,
  "R0": 1.0,
  "R1": 0.3898109241456632,
  "UUID_init": null,
  "length_target": 5.9247967736762055,
  "length_weight": 0.0018803880479406666,
  "max_\u03ba_threshold": 8.394894300580027,
  "max_\u03ba_weight": 8.682545790396132e-09,
  "msc_threshold": 5.7735155075733555,
  "msc_weight": 5.337918474097243e-06,
  "cc_threshold": 0.08992764496970682,
  "cc_weight": 78555.92346487232,
  "cs_threshold": 0.1854934106979551,
  "cs_weight": 614.2288132188041,
  "force_threshold": 6762.326463520591,
  "force_weight": 3.7621753506707487e-14,
  "arclength_weight": 0.01,
  "JF": 2.0420196770863673e-05,
  "Jf": 1.292637078860011e-05,
  "gradient_norm": 0.00031046305301970513,
  "linking_number": 2.4972241963664566e-07,
  "lengths": [
    5.935576501115173,
    3.7668544129991335,
    3.4762286490859244,
    3.486875602848007
  ],
  "max_length": 5.935576501115173,
  "max_\u03ba": [
    2.032553707911737,
    3.6722909014505953,
    3.8514532220981614,
    3.8284585608409034
  ],
  "max_max_\u03ba": 3.8514532220981614,
  "MSCs": [
    2.072331884903056,
    5.852629599549831,
    5.913940954347441,
    5.804594416849653
  ],
  "max_MSC": 5.913940954347441,
  "max_forces": [
    9056.434938172459,
    1698.9435137954115,
    2316.145955840494,
    2605.4058253264625
  ],
  "max_max_force": 9056.434938172459,
  "arclength_variances": [
    9.513297216636699e-06,
    1.1621248120114757e-06,
    4.748987292546207e-06,
    1.2086357662590465e-06
  ],
  "max_arclength_variance": 9.513297216636699e-06,
  "BdotN": 0.0012648927269150064,
  "coil_coil_distance": 0.09025007542315928,
  "coil_surface_distance": 0.18556638540258405,
  "message": "STOP: TOTAL NO. of ITERATIONS REACHED LIMIT",
  "success": false,
  "iterations": 400,
  "function_evaluations": 470,
  "coil_currents": [
    100000.0,
    5943.85430542674,
    19822.943547665895,
    28767.743798590505
  ],
  "UUID": "0464e377362e46349e94d3cb363663f1",
  "eval_time": 1750.4329110950002
}