{
  "nfp": 2,
  "ncoils": 4,
  "order": 4,
  "nphi": 32,
  "ntheta": 32,
  "R0": 1.0,
  "R1": 0.7287657492771414,
  "UUID_init": null,
  "length_target": 4.56675036008648,
  "length_weight": 0.002367408858294212,
  "max_\u03ba_threshold": 9.39261094386914,
  "max_\u03ba_weight": 9.815363503247232e-07,
  "msc_threshold": 4.786787243842849,
  "msc_weight": 3.45465944433979e-07,
  "cc_threshold": 0.10092609320547032,
  "cc_weight": 609.6398853811971,
  "cs_threshold": 0.2720733679708368,
  "cs_weight": 9.059338904360903,
  "force_threshold": 49018.231010127965,
  "force_weight": 2.691515316243084e-14,
  "arclength_weight": 0.01,
  "JF": 2.944375180251465e-06,
  "Jf": 2.310385019648545e-06,
  "gradient_norm": 1.0886901450298573e-05,
  "linking_number": 0.0010971943793654962,
  "lengths": [
    4.5679606730225615,
    4.566934100077868,
    4.567062740270088,
    4.4759940744771605
  ],
  "max_length": 4.5679606730225615,
  "max_\u03ba": [
    2.6173739187784344,
    3.021258207051169,
    2.538627115544379,
    2.539352215813451
  ],
  "max_max_\u03ba": 3.021258207051169,
  "MSCs": [
    3.214450359007647,
    3.8264669916434846,
    3.535768854154597,
    4.02323411627249
  ],
  "max_MSC": 4.02323411627249,
  "max_forces": [
    39864.66926235977,
    31548.897004244736,
    31220.532835473874,
    26906.789337222584
  ],
  "max_max_force": 39864.66926235977,
  "arclength_variances": [
    4.886761647636121e-06,
    2.0357776046443112e-05,
    2.46822266594979e-05,
    1.3283308904361413e-05
  ],
  "max_arclength_variance": 2.46822266594979e-05,
  "BdotN": 0.0006334562488786387,
  "coil_coil_distance": 0.10093324440980596,
  "coil_surface_distance": 0.2910241041137184,
  "message": "STOP: TOTAL NO. of ITERATIONS REACHED LIMIT",
  "success": false,
  "iterations": 400,
  "function_evaluations": 661,
  "coil_currents": [
    100000.0,
    83023.35943554659,
    80382.76714095169,
    87276.69429878189
  ],
  "UUID": "1308c748bda347f1954e08d6a6a6796f",
  "eval_time": 768.9466111540005
}