{
  "nfp": 2,
  "ncoils": 4,
  "order": 6,
  "nphi": 32,
  "ntheta": 32,
  "R0": 1.0,
  "R1": 0.6386115150131533,
  "UUID_init": null,
  "length_target": 4.969841253886067,
  "length_weight": 0.007849360931463722,
  "max_\u03ba_threshold": 11.461321084511368,
  "max_\u03ba_weight": 1.6471277450415826e-08,
  "msc_threshold": 4.601163523177623,
  "msc_weight": 1.2992031038970958e-05,
  "cc_threshold": 0.11520526216114013,
  "cc_weight": 7370.283857048975,
  "cs_threshold": 0.2923491729880808,
  "cs_weight": 6723.812282638436,
  "force_threshold": 30066.016768871625,
  "force_weight": 1.3621727255520267e-14,
  "arclength_weight": 0.01,
  "JF": 1.0271549498944668e-06,
  "Jf": 9.42680009720476e-07,
  "gradient_norm": 0.00019786660639602052,
  "linking_number": 2.2774528266800052e-06,
  "lengths": [
    4.969183412180751,
    4.614602702660275,
    4.423983525886383,
    4.4788209751741
  ],
  "max_length": 4.969183412180751,
  "max_\u03ba": [
    2.9183574511299466,
    3.410970873293507,
    2.8427785052348264,
    3.3317251627701987
  ],
  "max_max_\u03ba": 3.410970873293507,
  "MSCs": [
    3.3891581165149156,
    3.9264772065292077,
    4.00951708613743,
    4.514492950253966
  ],
  "max_MSC": 4.514492950253966,
  "max_forces": [
    29145.805581202196,
    25731.386268253296,
    24542.618605735614,
    25746.451582541806
  ],
  "max_max_force": 29145.805581202196,
  "arclength_variances": [
    5.690947122739232e-07,
    4.9038442579687485e-06,
    2.3422401500716238e-06,
    6.155031455634499e-07
  ],
  "max_arclength_variance": 4.9038442579687485e-06,
  "BdotN": 0.00040901110261790834,
  "coil_coil_distance": 0.11525588297736304,
  "coil_surface_distance": 0.2923438008492199,
  "message": "STOP: TOTAL NO. of ITERATIONS REACHED LIMIT",
  "success": false,
  "iterations": 400,
  "function_evaluations": 520,
  "coil_currents": [
    100000.0,
    85184.83028814833,
    89304.1291361614,
    91075.26834054313
  ],
  "UUID": "f1ab84e7e862453199db285a8b46a9d0",
  "eval_time": 1181.828671973
}