{
  "nfp": 2,
  "ncoils": 4,
  "order": 4,
  "nphi": 32,
  "ntheta": 32,
  "R0": 1.0,
  "R1": 0.6906932988126688,
  "UUID_init": null,
  "length_target": 5.28517718469164,
  "length_weight": 0.0007486838456064618,
  "max_\u03ba_threshold": 6.7318664540789666,
  "max_\u03ba_weight": 3.7540512544347343e-06,
  "msc_threshold": 5.390430610092591,
  "msc_weight": 0.0001946215496111746,
  "cc_threshold": 0.08684927217106353,
  "cc_weight": 5109.116525201226,
  "cs_threshold": 0.2320474127995726,
  "cs_weight": 0.46796259881410757,
  "force_threshold": 22731.494287683945,
  "force_weight": 2.7765036349935245e-10,
  "arclength_weight": 0.01,
  "JF": 0.009794445866224554,
  "Jf": 0.0029827162354654,
  "gradient_norm": 0.021823122807410698,
  "linking_number": 0.005914672214935992,
  "lengths": [
    5.57464676543693,
    4.164516567603647,
    5.1733153357163015,
    4.0663943739858555
  ],
  "max_length": 5.57464676543693,
  "max_\u03ba": [
    5.3373185111079415,
    3.183069683206478,
    3.072662198735201,
    3.2105441343378525
  ],
  "max_max_\u03ba": 5.3373185111079415,
  "MSCs": [
    7.422679920087524,
    4.578011853783145,
    4.982678973219689,
    5.402350082641254
  ],
  "max_MSC": 7.422679920087524,
  "max_forces": [
    22744.434057234048,
    8010.622234044283,
    7300.602755066501,
    5659.641886908473
  ],
  "max_max_force": 22744.434057234048,
  "arclength_variances": [
    0.16047397789163576,
    0.003653821436368611,
    0.00046622659181170926,
    0.0001981307102328791
  ],
  "max_arclength_variance": 0.16047397789163576,
  "BdotN": 0.012978888700853064,
  "coil_coil_distance": 0.08685594179821886,
  "coil_surface_distance": 0.011304982750721126,
  "message": "STOP: TOTAL NO. of ITERATIONS REACHED LIMIT",
  "success": false,
  "iterations": 400,
  "function_evaluations": 535,
  "coil_currents": [
    100000.0,
    28989.545219885655,
    68247.14615462431,
    62751.457217012074
  ],
  "UUID": "713964a8e78c490d807190694df779a4",
  "eval_time": 613.810661086
}