{
  "nfp": 2,
  "ncoils": 4,
  "order": 5,
  "nphi": 32,
  "ntheta": 32,
  "R0": 1.0,
  "R1": 0.6260702017403151,
  "UUID_init": null,
  "length_target": 5.911193525807766,
  "length_weight": 0.00874511599053831,
  "max_\u03ba_threshold": 6.255115727568258,
  "max_\u03ba_weight": 6.997033805697688e-09,
  "msc_threshold": 4.6222732180784885,
  "msc_weight": 7.309654642309473e-06,
  "cc_threshold": 0.10099028990133715,
  "cc_weight": 378.91551498780746,
  "cs_threshold": 0.2891890410229801,
  "cs_weight": 5049.251592824247,
  "force_threshold": 43420.18719390901,
  "force_weight": 2.111640112631099e-14,
  "arclength_weight": 0.01,
  "JF": 1.2992687941233505e-06,
  "Jf": 1.137312597257459e-06,
  "gradient_norm": 0.00012038608024336391,
  "linking_number": 2.000955828550879,
  "lengths": [
    5.046069228036114,
    4.835267666986928,
    4.948849171480893,
    5.1534404953998845
  ],
  "max_length": 5.1534404953998845,
  "max_\u03ba": [
    2.6868211929903536,
    2.7647191231718953,
    2.8895206268063904,
    2.7189672261716575
  ],
  "max_max_\u03ba": 2.8895206268063904,
  "MSCs": [
    3.192179002834183,
    3.545393056977501,
    4.057540113392251,
    3.4585367530046067
  ],
  "max_MSC": 4.057540113392251,
  "max_forces": [
    31393.233290489512,
    28673.860261110796,
    28434.80620342498,
    24783.987524772227
  ],
  "max_max_force": 31393.233290489512,
  "arclength_variances": [
    5.061982225546244e-07,
    1.0890627915965036e-06,
    2.6107685721620514e-06,
    1.1989590100275965e-05
  ],
  "max_arclength_variance": 1.1989590100275965e-05,
  "BdotN": 0.0004243582985016234,
  "coil_coil_distance": 0.10099798833144333,
  "coil_surface_distance": 0.30230135860499124,
  "message": "STOP: TOTAL NO. of ITERATIONS REACHED LIMIT",
  "success": false,
  "iterations": 400,
  "function_evaluations": 586,
  "coil_currents": [
    100000.0,
    86919.89153002383,
    88307.22201152697,
    88428.40088716884
  ],
  "UUID": "60f1509cd9fa4bab9c4b769bdd3f1393",
  "eval_time": 1262.1289713510014
}