{
  "nfp": 2,
  "ncoils": 4,
  "order": 5,
  "nphi": 32,
  "ntheta": 32,
  "R0": 1.0,
  "R1": 0.49011520927386454,
  "UUID_init": null,
  "length_target": 4.679219956689998,
  "length_weight": 0.00015683320977961078,
  "max_\u03ba_threshold": 11.551650860617599,
  "max_\u03ba_weight": 6.021031354933258e-06,
  "msc_threshold": 5.338835132708699,
  "msc_weight": 1.8489052635964643e-05,
  "cc_threshold": 0.10810904724929121,
  "cc_weight": 21703.89399546998,
  "cs_threshold": 0.1827657565057343,
  "cs_weight": 32.44872624693219,
  "force_threshold": 6911.821549634933,
  "force_weight": 1.1491106414802639e-14,
  "arclength_weight": 0.01,
  "JF": 2.277834520463382e-05,
  "Jf": 1.1200287898427205e-05,
  "gradient_norm": 0.001044657127895219,
  "linking_number": 3.520091548884087e-05,
  "lengths": [
    4.811328905263216,
    3.7952387355585135,
    3.5676332034927345,
    3.521985629285581
  ],
  "max_length": 4.811328905263216,
  "max_\u03ba": [
    2.449969377115728,
    3.5521191536283405,
    3.3950724398584327,
    3.4488080062957347
  ],
  "max_max_\u03ba": 3.5521191536283405,
  "MSCs": [
    2.631162654813275,
    5.382687852428467,
    5.387436680876399,
    5.3631304087607745
  ],
  "max_MSC": 5.387436680876399,
  "max_forces": [
    10756.05870526845,
    7568.63889267096,
    6075.920176188555,
    5550.872737515255
  ],
  "max_max_force": 10756.05870526845,
  "arclength_variances": [
    7.2716732164424794e-06,
    2.7717174900348933e-06,
    7.412146977005663e-06,
    1.1531862302252714e-06
  ],
  "max_arclength_variance": 7.412146977005663e-06,
  "BdotN": 0.0012481337737710616,
  "coil_coil_distance": 0.10810655732911023,
  "coil_surface_distance": 0.18233868552314608,
  "message": "STOP: TOTAL NO. of ITERATIONS REACHED LIMIT",
  "success": false,
  "iterations": 400,
  "function_evaluations": 591,
  "coil_currents": [
    100000.0,
    23684.026519051426,
    41145.46835255072,
    47145.31580641525
  ],
  "UUID": "fc5f1728215e4e21bde1501b707a57f8",
  "eval_time": 1493.7083474579995
}