{
  "nfp": 2,
  "ncoils": 4,
  "order": 8,
  "nphi": 32,
  "ntheta": 32,
  "R0": 1.0,
  "R1": 0.30540027081028953,
  "UUID_init": null,
  "length_target": 4.612450160534407,
  "length_weight": 0.0050867776756539605,
  "max_\u03ba_threshold": 10.779226607324006,
  "max_\u03ba_weight": 3.727659505836045e-09,
  "msc_threshold": 5.53714854776399,
  "msc_weight": 2.524515560359491e-06,
  "cc_threshold": 0.10694673324669318,
  "cc_weight": 712.1131165736344,
  "cs_threshold": 0.1765716872564521,
  "cs_weight": 69.63942979602403,
  "force_threshold": 17773.059904324502,
  "force_weight": 6.089203672602874e-11,
  "arclength_weight": 0.01,
  "JF": 0.20189872228473013,
  "Jf": 0.0002470241465177553,
  "gradient_norm": 0.002650492347124557,
  "linking_number": 2.929693298469949e-08,
  "lengths": [
    4.630702584666384,
    4.353618063644523,
    4.089417069511237,
    3.868582100297859
  ],
  "max_length": 4.630702584666384,
  "max_\u03ba": [
    6.53815854678496,
    4.948872226493219,
    4.193236551097462,
    4.299475680060879
  ],
  "max_max_\u03ba": 6.53815854678496,
  "MSCs": [
    14.22498287054549,
    5.65461876452837,
    4.96249951950987,
    5.455890723356828
  ],
  "max_MSC": 14.22498287054549,
  "max_forces": [
    17784.748460121522,
    842.764437158434,
    117.82554931450156,
    16.606013665316375
  ],
  "max_max_force": 17784.748460121522,
  "arclength_variances": [
    0.0016122811103083797,
    0.00034179518223160534,
    0.00018342128759914713,
    0.00034077616923451376
  ],
  "max_arclength_variance": 0.0016122811103083797,
  "BdotN": 0.004673813826064569,
  "coil_coil_distance": 0.10810603324019032,
  "coil_surface_distance": 0.020642575169171534,
  "message": "STOP: TOTAL NO. of ITERATIONS REACHED LIMIT",
  "success": false,
  "iterations": 400,
  "function_evaluations": 454,
  "coil_currents": [
    100000.0,
    9736.203940067315,
    -8473.568192915905,
    -1651.3767409552734
  ],
  "UUID": "123af177c97447f4b0301df3a2ad2097",
  "eval_time": 2145.340655191
}