{
  "nfp": 2,
  "ncoils": 4,
  "order": 8,
  "nphi": 32,
  "ntheta": 32,
  "R0": 1.0,
  "R1": 0.7056057993968958,
  "UUID_init": null,
  "length_target": 4.634030300579695,
  "length_weight": 0.0021194986069331943,
  "max_\u03ba_threshold": 8.5006792129259,
  "max_\u03ba_weight": 1.7531669838190187e-09,
  "msc_threshold": 4.677880814854154,
  "msc_weight": 0.00013632166461358195,
  "cc_threshold": 0.0931447932491707,
  "cc_weight": 7809.598661370992,
  "cs_threshold": 0.17514411550866493,
  "cs_weight": 0.13784058485925446,
  "force_threshold": 4231.9085831648335,
  "force_weight": 1.9658512123718738e-10,
  "arclength_weight": 0.01,
  "JF": 3.4505810497862583,
  "Jf": 0.016481656674962153,
  "gradient_norm": 487.8363835919461,
  "linking_number": 5.354010559468906e-06,
  "lengths": [
    8.498077399023547,
    8.684765043197993,
    9.973968310052772,
    9.192908353536984
  ],
  "max_length": 9.973968310052772,
  "max_\u03ba": [
    12.503305011406406,
    53.778092285807006,
    123.45268114949499,
    84.49623657838261
  ],
  "max_max_\u03ba": 123.45268114949499,
  "MSCs": [
    13.785673208210856,
    40.39549289849204,
    38.68237255763085,
    43.561359027343926
  ],
  "max_MSC": 43.561359027343926,
  "max_forces": [
    12117.652787193501,
    5749.85045615065,
    7927.560534516895,
    5226.72496334912
  ],
  "max_max_force": 12117.652787193501,
  "arclength_variances": [
    16.036133821645684,
    39.8600242141958,
    43.973689397052496,
    49.45326329301124
  ],
  "max_arclength_variance": 49.45326329301124,
  "BdotN": 0.023059452358879115,
  "coil_coil_distance": 0.21260279448757421,
  "coil_surface_distance": 0.018977292330987057,
  "message": "CONVERGENCE: REL_REDUCTION_OF_F_<=_FACTR*EPSMCH",
  "success": true,
  "iterations": 53,
  "function_evaluations": 102,
  "coil_currents": [
    100000.0,
    37514.501259208104,
    36997.359240427766,
    37282.495222589554
  ],
  "UUID": "b763536f06a64f6791ce9a92655577cb",
  "eval_time": 1420.0222238410001
}