{
  "nfp": 2,
  "ncoils": 4,
  "order": 10,
  "nphi": 32,
  "ntheta": 32,
  "R0": 1.0,
  "R1": 0.4917175731202248,
  "UUID_init": null,
  "length_target": 4.706786176848194,
  "length_weight": 0.000214051012877832,
  "max_\u03ba_threshold": 6.935653920848048,
  "max_\u03ba_weight": 1.4736991624564352e-09,
  "msc_threshold": 4.153344342005191,
  "msc_weight": 1.721519769080517e-06,
  "cc_threshold": 0.08739760488273386,
  "cc_weight": 38615.450268981665,
  "cs_threshold": 0.18311028372659205,
  "cs_weight": 0.3885048718010451,
  "force_threshold": 37437.13723110911,
  "force_weight": 2.332068150188683e-13,
  "arclength_weight": 0.01,
  "JF": 1.1897255948934458e-06,
  "Jf": 1.1603285006136461e-06,
  "gradient_norm": 0.00017400790843739126,
  "linking_number": 1.3235443700007044e-08,
  "lengths": [
    4.7157512302083,
    4.476391344573869,
    4.351719001267417,
    4.29109642425259
  ],
  "max_length": 4.7157512302083,
  "max_\u03ba": [
    3.4713111927959797,
    3.5848006478405208,
    3.331209917142178,
    3.545815818111053
  ],
  "max_max_\u03ba": 3.5848006478405208,
  "MSCs": [
    4.080850360906345,
    4.239789978801469,
    4.228210317518231,
    4.148082476010703
  ],
  "max_MSC": 4.239789978801469,
  "max_forces": [
    36438.86713585965,
    31366.001620099552,
    24848.283048745652,
    25195.54463399072
  ],
  "max_max_force": 36438.86713585965,
  "arclength_variances": [
    3.4258551407042775e-07,
    1.1593538115581039e-07,
    1.7579061736113832e-07,
    3.195292435959269e-07
  ],
  "max_arclength_variance": 3.4258551407042775e-07,
  "BdotN": 0.0004102047131710893,
  "coil_coil_distance": 0.08750945259766052,
  "coil_surface_distance": 0.3008222468782291,
  "message": "STOP: TOTAL NO. of ITERATIONS REACHED LIMIT",
  "success": false,
  "iterations": 400,
  "function_evaluations": 556,
  "coil_currents": [
    100000.0,
    87264.95649227964,
    88606.40932254032,
    91503.82289242272
  ],
  "UUID": "673ad46e734d4333ae6883c97a396226",
  "eval_time": 3135.42082096
}