{
  "nfp": 2,
  "ncoils": 4,
  "order": 6,
  "nphi": 32,
  "ntheta": 32,
  "R0": 1.0,
  "R1": 0.6026348813515947,
  "UUID_init": null,
  "length_target": 4.949115539657521,
  "length_weight": 0.0006679207838677428,
  "max_\u03ba_threshold": 11.887576453953395,
  "max_\u03ba_weight": 2.3548417925133937e-06,
  "msc_threshold": 5.888517446904152,
  "msc_weight": 1.472265057449567e-06,
  "cc_threshold": 0.09272289319310616,
  "cc_weight": 329.50072284096547,
  "cs_threshold": 0.25746472345485444,
  "cs_weight": 1.106561928325144,
  "force_threshold": 47321.25035202597,
  "force_weight": 2.753592529993142e-11,
  "arclength_weight": 0.01,
  "JF": 5.128818393454403e-07,
  "Jf": 4.671454599125248e-07,
  "gradient_norm": 5.778947726039123e-05,
  "linking_number": 1.8260713803888245e-05,
  "lengths": [
    4.950548855947318,
    4.889420372976809,
    4.781560462025742,
    4.7086040405999405
  ],
  "max_length": 4.950548855947318,
  "max_\u03ba": [
    2.7871154634813253,
    2.698855488439182,
    2.919062519061306,
    2.781151489022333
  ],
  "max_max_\u03ba": 2.919062519061306,
  "MSCs": [
    3.112713307109056,
    3.5510862634371496,
    3.6644414478120453,
    3.6429675363960556
  ],
  "max_MSC": 3.6644414478120453,
  "max_forces": [
    34631.66982324284,
    31031.42811242364,
    26977.327670562725,
    30260.77728641425
  ],
  "max_max_force": 34631.66982324284,
  "arclength_variances": [
    9.299177619070528e-08,
    1.3950048107022954e-07,
    1.8008941821522692e-07,
    4.092447592286701e-06
  ],
  "max_arclength_variance": 4.092447592286701e-06,
  "BdotN": 0.00026760745340729435,
  "coil_coil_distance": 0.09351102911534953,
  "coil_surface_distance": 0.3140064285206299,
  "message": "STOP: TOTAL NO. of ITERATIONS REACHED LIMIT",
  "success": false,
  "iterations": 400,
  "function_evaluations": 459,
  "coil_currents": [
    100000.0,
    87414.39675079474,
    90464.56878712555,
    92818.77055066245
  ],
  "UUID": "76042d406841482abec6fd2754565e85",
  "eval_time": 1450.733873952
}