{
  "nfp": 2,
  "ncoils": 4,
  "order": 7,
  "nphi": 32,
  "ntheta": 32,
  "R0": 1.0,
  "R1": 0.5137258898986921,
  "UUID_init": null,
  "length_target": 4.963878857727057,
  "length_weight": 0.00108208914542013,
  "max_\u03ba_threshold": 8.963554352334084,
  "max_\u03ba_weight": 6.204528130681622e-06,
  "msc_threshold": 4.39004007271048,
  "msc_weight": 0.0001335593346257304,
  "cc_threshold": 0.08807635605096184,
  "cc_weight": 1089.329157244949,
  "cs_threshold": 0.27145382250935296,
  "cs_weight": 2.7127528429614136,
  "force_threshold": 23722.80509418303,
  "force_weight": 1.2191254072651367e-14,
  "arclength_weight": 0.01,
  "JF": 4.087626801117661e-07,
  "Jf": 3.920715475883848e-07,
  "gradient_norm": 4.8632062591544826e-05,
  "linking_number": 8.183645509532421e-09,
  "lengths": [
    4.964659919922352,
    4.685603711674772,
    4.570515138693456,
    4.433286601492783
  ],
  "max_length": 4.964659919922352,
  "max_\u03ba": [
    3.0734434630796725,
    3.1056124727973273,
    3.0452852517473246,
    2.758069416630702
  ],
  "max_max_\u03ba": 3.1056124727973273,
  "MSCs": [
    3.274746490684791,
    3.8378380511766372,
    3.8451542112328703,
    3.7798422699161223
  ],
  "max_MSC": 3.8451542112328703,
  "max_forces": [
    23855.186702257437,
    21331.15518502029,
    19502.79781207221,
    17848.028263419696
  ],
  "max_max_force": 23855.186702257437,
  "arclength_variances": [
    7.21270590364899e-07,
    1.9688703709273294e-07,
    1.354699872053441e-07,
    2.7885017427062346e-07
  ],
  "max_arclength_variance": 7.21270590364899e-07,
  "BdotN": 0.0002472119606870474,
  "coil_coil_distance": 0.14097726588073176,
  "coil_surface_distance": 0.27202177276604617,
  "message": "STOP: TOTAL NO. of ITERATIONS REACHED LIMIT",
  "success": false,
  "iterations": 400,
  "function_evaluations": 417,
  "coil_currents": [
    100000.0,
    82126.28370863234,
    85008.73240048393,
    86235.32032244395
  ],
  "UUID": "f78ae2a1e8a94815979495498bcb7b65",
  "eval_time": 1467.8572355759998
}