{
  "nfp": 2,
  "ncoils": 4,
  "order": 7,
  "nphi": 32,
  "ntheta": 32,
  "R0": 1.0,
  "R1": 0.535945151032908,
  "UUID_init": null,
  "length_target": 4.703551179899334,
  "length_weight": 0.0016314979126786984,
  "max_\u03ba_threshold": 6.66383762392957,
  "max_\u03ba_weight": 2.258635260367179e-08,
  "msc_threshold": 4.317319830588358,
  "msc_weight": 1.0715554428572268e-06,
  "cc_threshold": 0.11387780572767132,
  "cc_weight": 5431.399079956618,
  "cs_threshold": 0.23793290282311536,
  "cs_weight": 2.9326478491335153,
  "force_threshold": 46302.848282948646,
  "force_weight": 1.166095618039387e-11,
  "arclength_weight": 0.01,
  "JF": 1.1107573441981128e-06,
  "Jf": 1.0569524355156848e-06,
  "gradient_norm": 6.176584036087521e-05,
  "linking_number": 5.937196244303468e-07,
  "lengths": [
    4.704701310492856,
    4.632462492200574,
    4.594573940213511,
    4.44769336597013
  ],
  "max_length": 4.704701310492856,
  "max_\u03ba": [
    3.1003469783983206,
    3.1679116106226632,
    3.0712154948873067,
    3.0914566017497154
  ],
  "max_max_\u03ba": 3.1679116106226632,
  "MSCs": [
    3.678414990040038,
    4.2918126550004505,
    4.135177799818246,
    4.0143394694960834
  ],
  "max_MSC": 4.2918126550004505,
  "max_forces": [
    35242.57213141682,
    26903.32777964103,
    31724.429283658334,
    22129.620061987305
  ],
  "max_max_force": 35242.57213141682,
  "arclength_variances": [
    2.5344010282582575e-06,
    7.521096461877631e-07,
    9.360950594393681e-07,
    1.049977831238436e-06
  ],
  "max_arclength_variance": 2.5344010282582575e-06,
  "BdotN": 0.0003920326105794881,
  "coil_coil_distance": 0.11397253851556073,
  "coil_surface_distance": 0.287521153171083,
  "message": "STOP: TOTAL NO. of ITERATIONS REACHED LIMIT",
  "success": false,
  "iterations": 400,
  "function_evaluations": 489,
  "coil_currents": [
    100000.0,
    88788.36807371656,
    90596.14990093204,
    93782.96356480365
  ],
  "UUID": "c59b1d25a0e545e6a169009ff116269d",
  "eval_time": 1567.2614948209998
}