{
  "nfp": 2,
  "ncoils": 4,
  "order": 5,
  "nphi": 32,
  "ntheta": 32,
  "R0": 1.0,
  "R1": 0.4110834829036559,
  "UUID_init": null,
  "length_target": 5.454732230876052,
  "length_weight": 0.0008360697120656233,
  "max_\u03ba_threshold": 10.185746178926117,
  "max_\u03ba_weight": 6.132969616391542e-09,
  "msc_threshold": 5.19763720044617,
  "msc_weight": 0.00017041263429930066,
  "cc_threshold": 0.11772916384586639,
  "cc_weight": 795.1908443878798,
  "cs_threshold": 0.2700336763183916,
  "cs_weight": 0.1950748790348144,
  "force_threshold": 34381.330376325015,
  "force_weight": 6.569627970020951e-11,
  "arclength_weight": 0.01,
  "JF": 2.0253428614778246e-07,
  "Jf": 1.9375624594123108e-07,
  "gradient_norm": 1.8739920547921668e-05,
  "linking_number": 0.0001344577210230681,
  "lengths": [
    5.454977213355344,
    5.271291546607194,
    5.089146450468909,
    4.958739122978799
  ],
  "max_length": 5.454977213355344,
  "max_\u03ba": [
    2.513558259768703,
    2.708007400729247,
    2.5099507500492977,
    2.3516848913305544
  ],
  "max_max_\u03ba": 2.708007400729247,
  "MSCs": [
    2.757719429235718,
    3.288223629862289,
    3.111258365066606,
    3.267173547342016
  ],
  "max_MSC": 3.288223629862289,
  "max_forces": [
    32620.997910807902,
    26270.386427000303,
    24740.34020891303,
    23690.865650925236
  ],
  "max_max_force": 32620.997910807902,
  "arclength_variances": [
    7.774097215909016e-08,
    2.429962498463135e-07,
    4.639839199411992e-07,
    9.042865213268254e-08
  ],
  "max_arclength_variance": 4.639839199411992e-07,
  "BdotN": 0.00017945181865032094,
  "coil_coil_distance": 0.11772857124287657,
  "coil_surface_distance": 0.2992550126535729,
  "message": "STOP: TOTAL NO. of ITERATIONS REACHED LIMIT",
  "success": false,
  "iterations": 400,
  "function_evaluations": 547,
  "coil_currents": [
    100000.0,
    86866.80496830442,
    87231.60183786324,
    88230.24454530256
  ],
  "UUID": "fd3ed7a73f414e3ab7d98e55056e9cdc",
  "eval_time": 1890.59952616
}