{
  "nfp": 2,
  "ncoils": 4,
  "order": 15,
  "nphi": 32,
  "ntheta": 32,
  "R0": 1.0,
  "R1": 0.3351952889882946,
  "UUID_init": null,
  "length_target": 4.7168747835216775,
  "length_weight": 0.000616723594764622,
  "max_\u03ba_threshold": 11.115902900693264,
  "max_\u03ba_weight": 2.521982452803976e-09,
  "msc_threshold": 4.731936021943783,
  "msc_weight": 1.3522102603972115e-06,
  "cc_threshold": 0.09125471576907843,
  "cc_weight": 469.23426583874783,
  "cs_threshold": 0.29126795367662983,
  "cs_weight": 10.048559854635393,
  "force_threshold": 18856.999439066087,
  "force_weight": 7.473019310851313e-12,
  "arclength_weight": 0.01,
  "JF": 5.6357021664030544e-05,
  "Jf": 1.7849265453733022e-05,
  "gradient_norm": 0.0027219265100287575,
  "linking_number": 6.746535918303801e-11,
  "lengths": [
    4.7378241868324915,
    4.808603717301683,
    3.9247288534952665,
    3.760822064164654
  ],
  "max_length": 4.808603717301683,
  "max_\u03ba": [
    6.435927037827257,
    8.211639197901727,
    3.8985393510967707,
    4.303579960308971
  ],
  "max_max_\u03ba": 8.211639197901727,
  "MSCs": [
    6.159891456867609,
    11.745766501636178,
    5.3952196933362115,
    5.361546321416137
  ],
  "max_MSC": 11.745766501636178,
  "max_forces": [
    18887.25729489792,
    18772.867459989047,
    15127.948249376115,
    13440.678149778476
  ],
  "max_max_force": 18887.25729489792,
  "arclength_variances": [
    1.4163730021970486e-05,
    7.365113372027241e-06,
    7.824512653064261e-06,
    9.60291904109156e-06
  ],
  "max_arclength_variance": 1.4163730021970486e-05,
  "BdotN": 0.0015370591722792541,
  "coil_coil_distance": 0.09218946486060191,
  "coil_surface_distance": 0.2875978271421545,
  "message": "STOP: TOTAL NO. of ITERATIONS REACHED LIMIT",
  "success": false,
  "iterations": 400,
  "function_evaluations": 424,
  "coil_currents": [
    100000.0,
    59477.138024791995,
    69654.3767688236,
    69791.71384020541
  ],
  "UUID": "972b4e4f080345e6840d09b31dde44f6",
  "eval_time": 109.711991641
}