{
  "nfp": 2,
  "ncoils": 4,
  "order": 8,
  "nphi": 32,
  "ntheta": 32,
  "R0": 1.0,
  "R1": 0.7288390769692992,
  "UUID_init": null,
  "length_target": 4.5589381715643125,
  "length_weight": 0.001031740273000805,
  "max_\u03ba_threshold": 7.436316816964251,
  "max_\u03ba_weight": 3.828010880667218e-09,
  "msc_threshold": 4.172936767952368,
  "msc_weight": 5.8542864785151376e-05,
  "cc_threshold": 0.09069191050560102,
  "cc_weight": 12876.229030538629,
  "cs_threshold": 0.25536185675218676,
  "cs_weight": 2.45531381995717,
  "force_threshold": 47943.24050691471,
  "force_weight": 1.1562214560879615e-11,
  "arclength_weight": 0.01,
  "JF": 1.3920484888955005e-06,
  "Jf": 1.3581033530725246e-06,
  "gradient_norm": 4.4971418085747175e-05,
  "linking_number": 1.3498615067536595e-07,
  "lengths": [
    4.562816324021703,
    4.551220069984618,
    4.5608633571042425,
    4.554152936162982
  ],
  "max_length": 4.562816324021703,
  "max_\u03ba": [
    3.175814202629926,
    3.608952887126964,
    3.43527596152148,
    3.095432493462311
  ],
  "max_max_\u03ba": 3.608952887126964,
  "MSCs": [
    3.7496014918225793,
    4.168959911488673,
    4.100488635762582,
    4.009792023696048
  ],
  "max_MSC": 4.168959911488673,
  "max_forces": [
    31933.150205964415,
    27269.90262571393,
    27031.02706519319,
    21456.43365999715
  ],
  "max_max_force": 31933.150205964415,
  "arclength_variances": [
    8.33011616577495e-07,
    5.518548399983516e-07,
    4.519617496815278e-07,
    5.906142817777135e-07
  ],
  "max_arclength_variance": 8.33011616577495e-07,
  "BdotN": 0.00043019084459271516,
  "coil_coil_distance": 0.0927277580950441,
  "coil_surface_distance": 0.30336839203262617,
  "message": "STOP: TOTAL NO. of ITERATIONS REACHED LIMIT",
  "success": false,
  "iterations": 400,
  "function_evaluations": 446,
  "coil_currents": [
    100000.0,
    84089.36449232633,
    87006.32222640117,
    90359.644489546
  ],
  "UUID": "1ce1951616d54453923c75291a338729",
  "eval_time": 2478.2383937150007
}