{
  "nfp": 2,
  "ncoils": 4,
  "order": 6,
  "nphi": 32,
  "ntheta": 32,
  "R0": 1.0,
  "R1": 0.6459743240266942,
  "UUID_init": null,
  "length_target": 4.645073124317475,
  "length_weight": 0.00016201417798473297,
  "max_\u03ba_threshold": 5.877549831033486,
  "max_\u03ba_weight": 1.0239246813699174e-07,
  "msc_threshold": 5.489969643393382,
  "msc_weight": 5.9955508801690275e-06,
  "cc_threshold": 0.10314315809643632,
  "cc_weight": 2361.1384117282887,
  "cs_threshold": 0.20298456553737182,
  "cs_weight": 0.34521052349821685,
  "force_threshold": 14723.756576806136,
  "force_weight": 2.584376632047035e-11,
  "arclength_weight": 0.01,
  "JF": 0.0026391300657903427,
  "Jf": 0.0002482872119584149,
  "gradient_norm": 0.19482038151735026,
  "linking_number": 5.819731452831821e-09,
  "lengths": [
    5.023334725149595,
    4.990606032102458,
    2.087373761995117,
    3.715828401697003
  ],
  "max_length": 5.023334725149595,
  "max_\u03ba": [
    3.6506003806442635,
    3.71177874244799,
    5.659673055164482,
    4.417273532121345
  ],
  "max_max_\u03ba": 5.659673055164482,
  "MSCs": [
    4.1961058502519455,
    4.6224963642949115,
    12.682871733095276,
    6.842872123483297
  ],
  "max_MSC": 12.682871733095276,
  "max_forces": [
    13732.410869228384,
    7742.608445832458,
    3966.9620419331522,
    5705.852215036914
  ],
  "max_max_force": 13732.410869228384,
  "arclength_variances": [
    0.0005315488615785115,
    0.00035058969008489114,
    0.1266558119269374,
    0.0014800647914602302
  ],
  "max_arclength_variance": 0.1266558119269374,
  "BdotN": 0.006052328311137169,
  "coil_coil_distance": 0.1802371476105446,
  "coil_surface_distance": 0.0016063442532320243,
  "message": "STOP: TOTAL NO. of ITERATIONS REACHED LIMIT",
  "success": false,
  "iterations": 400,
  "function_evaluations": 512,
  "coil_currents": [
    100000.0,
    54494.50707808763,
    26657.571254049268,
    47553.8546306299
  ],
  "UUID": "d7ad869c2e404e17987aadafdc7277a5",
  "eval_time": 893.0848828050002
}