{
  "nfp": 2,
  "ncoils": 4,
  "order": 5,
  "nphi": 32,
  "ntheta": 32,
  "R0": 1.0,
  "R1": 0.3336784538418158,
  "UUID_init": null,
  "length_target": 4.510735233273977,
  "length_weight": 0.0003226626420662551,
  "max_\u03ba_threshold": 5.746717852417388,
  "max_\u03ba_weight": 5.09574564602087e-06,
  "msc_threshold": 4.236709534835117,
  "msc_weight": 7.202343747229668e-07,
  "cc_threshold": 0.09261988160954063,
  "cc_weight": 647.9158264838093,
  "cs_threshold": 0.2581784275425434,
  "cs_weight": 11.949829874338782,
  "force_threshold": 14094.866993414378,
  "force_weight": 7.89503996939783e-14,
  "arclength_weight": 0.01,
  "JF": 0.046767953966624885,
  "Jf": 0.0001394356539123834,
  "gradient_norm": 0.002292353484376755,
  "linking_number": 0.009521755567362804,
  "lengths": [
    4.976932701018641,
    4.631132803387138,
    3.9569575894622377,
    4.376117449402943
  ],
  "max_length": 4.976932701018641,
  "max_\u03ba": [
    4.866960787638219,
    4.183426999610765,
    3.6383937469023784,
    3.75331826337649
  ],
  "max_max_\u03ba": 4.866960787638219,
  "MSCs": [
    9.420007115036487,
    6.286320831624765,
    5.6138077890326405,
    6.441357142719685
  ],
  "max_MSC": 9.420007115036487,
  "max_forces": [
    18752.06369824202,
    2751.5831162368663,
    11251.256232911943,
    9347.354209500394
  ],
  "max_max_force": 18752.06369824202,
  "arclength_variances": [
    0.0004951583542355798,
    0.0002774079686469266,
    0.00011069429288756627,
    3.614435344721808e-05
  ],
  "max_arclength_variance": 0.0004951583542355798,
  "BdotN": 0.004279718012395548,
  "coil_coil_distance": 0.09250480955065443,
  "coil_surface_distance": 0.03710089959008273,
  "message": "STOP: TOTAL NO. of ITERATIONS REACHED LIMIT",
  "success": false,
  "iterations": 400,
  "function_evaluations": 517,
  "coil_currents": [
    100000.0,
    11489.349576982764,
    59245.895582310804,
    55720.12442377784
  ],
  "UUID": "06caaba0e81b426e95d8128161cdb1cf",
  "eval_time": 829.581972739
}