{
  "nfp": 2,
  "ncoils": 4,
  "order": 7,
  "nphi": 32,
  "ntheta": 32,
  "R0": 1.0,
  "R1": 0.3594439421039577,
  "UUID_init": null,
  "length_target": 4.756633976105161,
  "length_weight": 0.0031673366397607754,
  "max_\u03ba_threshold": 8.033979101337744,
  "max_\u03ba_weight": 1.458991328629188e-06,
  "msc_threshold": 4.096608084812597,
  "msc_weight": 2.7297182572825287e-07,
  "cc_threshold": 0.11471995171512768,
  "cc_weight": 5296.413912169404,
  "cs_threshold": 0.22329122742784419,
  "cs_weight": 1.020343128612487,
  "force_threshold": 25037.259084478912,
  "force_weight": 3.681496735329952e-11,
  "arclength_weight": 0.01,
  "JF": 0.005928272980631775,
  "Jf": 0.0001117814270918997,
  "gradient_norm": 0.0023541922313421925,
  "linking_number": 6.6906635963039135e-06,
  "lengths": [
    3.8995673724693756,
    2.686135335395441,
    4.766008171951667,
    4.131274479892539
  ],
  "max_length": 4.766008171951667,
  "max_\u03ba": [
    6.36362858104861,
    5.711391176655934,
    5.844139569287063,
    5.0909679730207005
  ],
  "max_max_\u03ba": 6.36362858104861,
  "MSCs": [
    13.710963283653804,
    11.456710405259093,
    12.568553509717567,
    8.11096989816055
  ],
  "max_MSC": 13.710963283653804,
  "max_forces": [
    24066.338354189447,
    13219.644499660397,
    5470.312412465277,
    4308.905425366873
  ],
  "max_max_force": 24066.338354189447,
  "arclength_variances": [
    0.00026572336480870944,
    7.357785891928066e-05,
    0.0003437599329638164,
    0.00012057322351556584
  ],
  "max_arclength_variance": 0.0003437599329638164,
  "BdotN": 0.003699126943577793,
  "coil_coil_distance": 0.11789075999602136,
  "coil_surface_distance": 0.019283945694416958,
  "message": "STOP: TOTAL NO. of ITERATIONS REACHED LIMIT",
  "success": false,
  "iterations": 400,
  "function_evaluations": 547,
  "coil_currents": [
    100000.0,
    63929.995445127584,
    45446.79088297621,
    27730.416363817116
  ],
  "UUID": "28c13f0416704121b61ac91df39a3651",
  "eval_time": 1634.2468484419996
}