{
  "nfp": 2,
  "ncoils": 4,
  "order": 6,
  "nphi": 32,
  "ntheta": 32,
  "R0": 1.0,
  "R1": 0.32621608477571146,
  "UUID_init": null,
  "length_target": 4.983561638764898,
  "length_weight": 0.0020585828183204424,
  "max_\u03ba_threshold": 10.60941156904964,
  "max_\u03ba_weight": 1.4058114062827796e-08,
  "msc_threshold": 5.8833170290603265,
  "msc_weight": 4.436178277283928e-07,
  "cc_threshold": 0.08690172747131976,
  "cc_weight": 901.1907737835292,
  "cs_threshold": 0.22357536507205275,
  "cs_weight": 0.862037101853699,
  "force_threshold": 10185.645719303127,
  "force_weight": 7.297006369029911e-13,
  "arclength_weight": 0.01,
  "JF": 0.008292442352691352,
  "Jf": 9.527430908755344e-05,
  "gradient_norm": 0.0019293891689813394,
  "linking_number": 5.1440622110195365e-05,
  "lengths": [
    5.00515753622379,
    5.002056687859191,
    3.4952350894577844,
    3.43169021609521
  ],
  "max_length": 5.00515753622379,
  "max_\u03ba": [
    4.716440888533208,
    2.808989240303426,
    4.026572247242475,
    4.468440678602432
  ],
  "max_max_\u03ba": 4.716440888533208,
  "MSCs": [
    8.686523787347733,
    3.6057890666378287,
    5.8466146646444,
    6.044059170925233
  ],
  "max_MSC": 8.686523787347733,
  "max_forces": [
    11042.88264921094,
    6722.673058331015,
    66.35893924004766,
    12.26321482324391
  ],
  "max_max_force": 11042.88264921094,
  "arclength_variances": [
    0.0004024657658522981,
    0.00020674564834706382,
    4.8426661695043e-05,
    4.298131936927595e-05
  ],
  "max_arclength_variance": 0.0004024657658522981,
  "BdotN": 0.0029258240814293017,
  "coil_coil_distance": 0.08688450457344245,
  "coil_surface_distance": 0.02194336818558654,
  "message": "STOP: TOTAL NO. of ITERATIONS REACHED LIMIT",
  "success": false,
  "iterations": 400,
  "function_evaluations": 504,
  "coil_currents": [
    100000.0,
    36334.288105996944,
    -599.4606482358009,
    -1442.170323900382
  ],
  "UUID": "d14da9f6626e438d8b78dad3a483a869",
  "eval_time": 1621.103964252
}