{
  "nfp": 2,
  "ncoils": 4,
  "order": 10,
  "nphi": 32,
  "ntheta": 32,
  "R0": 1.0,
  "R1": 0.47349625999051015,
  "UUID_init": null,
  "length_target": 4.851260253289166,
  "length_weight": 0.006607727743690334,
  "max_\u03ba_threshold": 8.070230218130755,
  "max_\u03ba_weight": 2.1609029700185245e-07,
  "msc_threshold": 5.785295392488421,
  "msc_weight": 1.0434589649076751e-07,
  "cc_threshold": 0.09207942894470295,
  "cc_weight": 2548.2239244828183,
  "cs_threshold": 0.2396752464719264,
  "cs_weight": 38.11738865854477,
  "force_threshold": 26753.776633253383,
  "force_weight": 1.0982111952837122e-13,
  "arclength_weight": 0.01,
  "JF": 6.399708961641184e-07,
  "Jf": 6.163148257328604e-07,
  "gradient_norm": 5.298658726708833e-05,
  "linking_number": 1.5402213879176796e-12,
  "lengths": [
    4.851410837689622,
    4.564149736436653,
    4.41460972100963,
    4.373908299563539
  ],
  "max_length": 4.851410837689622,
  "max_\u03ba": [
    3.9006043845661744,
    3.566841631666776,
    3.653638336594291,
    3.092306229027691
  ],
  "max_max_\u03ba": 3.9006043845661744,
  "MSCs": [
    4.43301638018001,
    4.68858028378945,
    4.755013112113033,
    4.515143897427884
  ],
  "max_MSC": 4.755013112113033,
  "max_forces": [
    26730.710935824176,
    24890.739318055643,
    21941.68555842718,
    19727.805599920084
  ],
  "max_max_force": 26730.710935824176,
  "arclength_variances": [
    6.974406364844735e-07,
    2.4942253141566844e-07,
    8.286500619483932e-07,
    5.826020833441977e-07
  ],
  "max_arclength_variance": 8.286500619483932e-07,
  "BdotN": 0.000311019544783973,
  "coil_coil_distance": 0.13531504187747004,
  "coil_surface_distance": 0.2612575859541102,
  "message": "STOP: TOTAL NO. of ITERATIONS REACHED LIMIT",
  "success": false,
  "iterations": 400,
  "function_evaluations": 411,
  "coil_currents": [
    100000.0,
    88711.34986942337,
    89133.5076105853,
    90348.05359807196
  ],
  "UUID": "d08ba92a20a243eab75fa6f81672eb43",
  "eval_time": 2630.052068397
}