{
  "nfp": 2,
  "ncoils": 4,
  "order": 9,
  "nphi": 32,
  "ntheta": 32,
  "R0": 1.0,
  "R1": 0.5810488617824088,
  "UUID_init": null,
  "length_target": 5.0,
  "length_weight": 0.00025527258964639954,
  "max_\u03ba_threshold": 5.385428301063821,
  "max_\u03ba_weight": 5.155401541839327e-08,
  "msc_threshold": 4.052756878120709,
  "msc_weight": 0.0002681736901829021,
  "cc_threshold": 0.08791310314433058,
  "cc_weight": 2138.61065268311,
  "cs_threshold": 0.2379431605570461,
  "cs_weight": 3929.6541254632466,
  "force_threshold": 36663.93210636324,
  "force_weight": 5.315321800323393e-12,
  "arclength_weight": 0.01,
  "JF": 5.996100856762427e-07,
  "Jf": 5.630633846802702e-07,
  "gradient_norm": 0.00019970691914993774,
  "linking_number": 1.1909596204583413e-07,
  "lengths": [
    5.005305637176599,
    4.719293667936102,
    4.708801686016957,
    4.708022515023512
  ],
  "max_length": 5.005305637176599,
  "max_\u03ba": [
    3.1005330826918316,
    3.339016889605176,
    3.348513887352722,
    3.416437680404253
  ],
  "max_max_\u03ba": 3.416437680404253,
  "MSCs": [
    3.6293911309697204,
    3.7717519696271875,
    3.988234359392484,
    3.8348598257912654
  ],
  "max_MSC": 3.988234359392484,
  "max_forces": [
    34818.190986040696,
    32092.064887392306,
    28537.84570809125,
    26308.604035206434
  ],
  "max_max_force": 34818.190986040696,
  "arclength_variances": [
    5.407916648169663e-07,
    1.4312283172167514e-06,
    6.043360216079723e-07,
    7.190206593631715e-07
  ],
  "max_arclength_variance": 1.4312283172167514e-06,
  "BdotN": 0.000299649697703247,
  "coil_coil_distance": 0.08921515706044884,
  "coil_surface_distance": 0.2944168501446571,
  "message": "STOP: TOTAL NO. of ITERATIONS REACHED LIMIT",
  "success": false,
  "iterations": 400,
  "function_evaluations": 422,
  "coil_currents": [
    100000.0,
    88470.7512142559,
    89985.07186821976,
    90523.31236778107
  ],
  "UUID": "66a5f61e57694df99ad0f9fe5de18d7a"
}