{
  "nfp": 2,
  "ncoils": 4,
  "order": 6,
  "nphi": 32,
  "ntheta": 32,
  "R0": 1.0,
  "R1": 0.3751105277377308,
  "UUID_init": null,
  "length_target": 4.646241988997888,
  "length_weight": 0.00021057186683807335,
  "max_\u03ba_threshold": 8.470032754394039,
  "max_\u03ba_weight": 5.040073717228872e-09,
  "msc_threshold": 5.4601784633211485,
  "msc_weight": 5.698712720985858e-06,
  "cc_threshold": 0.11493064586557576,
  "cc_weight": 59748.49248155569,
  "cs_threshold": 0.2738028483077786,
  "cs_weight": 0.2660461513583208,
  "force_threshold": 23529.72224966188,
  "force_weight": 3.842709576152529e-11,
  "arclength_weight": 0.01,
  "JF": 0.004488296530923802,
  "Jf": 0.00022323414504821034,
  "gradient_norm": 0.0054980417852966024,
  "linking_number": 6.05243335255863e-07,
  "lengths": [
    4.195082064127998,
    3.33848127200436,
    3.5598512017798343,
    4.714589001387345
  ],
  "max_length": 4.714589001387345,
  "max_\u03ba": [
    4.092635715365193,
    4.159349511739065,
    3.8942719308965845,
    4.106399787373864
  ],
  "max_max_\u03ba": 4.159349511739065,
  "MSCs": [
    6.308102692084613,
    6.69618894822505,
    6.0400464751564344,
    6.162077713294287
  ],
  "max_MSC": 6.69618894822505,
  "max_forces": [
    17038.053929649526,
    8495.314936488014,
    5428.013378409193,
    995.5076739279456
  ],
  "max_max_force": 17038.053929649526,
  "arclength_variances": [
    0.0006383612087562031,
    0.0001122452373730494,
    0.00011773561218662985,
    0.0004498063778566909
  ],
  "max_arclength_variance": 0.0006383612087562031,
  "BdotN": 0.005609259875234083,
  "coil_coil_distance": 0.11662597856271466,
  "coil_surface_distance": 0.010870060974832112,
  "message": "STOP: TOTAL NO. of ITERATIONS REACHED LIMIT",
  "success": false,
  "iterations": 400,
  "function_evaluations": 780,
  "coil_currents": [
    100000.0,
    60215.09287858542,
    50818.026931428314,
    11485.954110758397
  ],
  "UUID": "58c2c38a336741ec8283c814d458ae3d",
  "eval_time": 948.994006053
}