{
  "nfp": 2,
  "ncoils": 4,
  "order": 8,
  "nphi": 32,
  "ntheta": 32,
  "R0": 1.0,
  "R1": 0.374277979685801,
  "UUID_init": null,
  "length_target": 4.798203464155103,
  "length_weight": 0.007791770229091081,
  "max_\u03ba_threshold": 8.6425223877492,
  "max_\u03ba_weight": 4.216226791181605e-06,
  "msc_threshold": 5.91754598120189,
  "msc_weight": 0.00024724829248742777,
  "cc_threshold": 0.09274323113219868,
  "cc_weight": 1076.6939858329843,
  "cs_threshold": 0.2114763442942122,
  "cs_weight": 0.7850527000070842,
  "force_threshold": 26249.8851108858,
  "force_weight": 1.5830314213406406e-11,
  "arclength_weight": 0.01,
  "JF": 0.00469803226084006,
  "Jf": 0.0002743191409924587,
  "gradient_norm": 0.014377353754923477,
  "linking_number": 2.945699490891165e-07,
  "lengths": [
    4.743574616636332,
    4.7333254026332385,
    4.781013991206019,
    4.735107063367836
  ],
  "max_length": 4.781013991206019,
  "max_\u03ba": [
    4.756709257921681,
    3.962801841509676,
    4.200475487886457,
    4.984794548899317
  ],
  "max_max_\u03ba": 4.984794548899317,
  "MSCs": [
    6.010681785207897,
    5.93122780349714,
    5.360264787770388,
    5.768061147415691
  ],
  "max_MSC": 6.010681785207897,
  "max_forces": [
    11092.785593592682,
    330.6662055064915,
    49.10282338431092,
    1047.8067594536537
  ],
  "max_max_force": 11092.785593592682,
  "arclength_variances": [
    0.0009261138864960983,
    0.00047082684977206124,
    0.0009270341834542133,
    0.00039071286311259933
  ],
  "max_arclength_variance": 0.0009270341834542133,
  "BdotN": 0.006407329406159927,
  "coil_coil_distance": 0.10577139667751755,
  "coil_surface_distance": 0.007764297198794694,
  "message": "STOP: TOTAL NO. of ITERATIONS REACHED LIMIT",
  "success": false,
  "iterations": 400,
  "function_evaluations": 592,
  "coil_currents": [
    100000.0,
    2259.7161595955567,
    -940.6763525376331,
    20565.528607332577
  ],
  "UUID": "d5e973f229414b9d892b79a58af2630b",
  "eval_time": 1754.414709728
}