{
  "nfp": 2,
  "ncoils": 4,
  "order": 7,
  "nphi": 32,
  "ntheta": 32,
  "R0": 1.0,
  "R1": 0.3667147375313613,
  "UUID_init": null,
  "length_target": 4.636577479846677,
  "length_weight": 0.0011204038933744003,
  "max_\u03ba_threshold": 6.686644404580421,
  "max_\u03ba_weight": 2.6593967966234466e-09,
  "msc_threshold": 4.843199260307033,
  "msc_weight": 5.322224380527977e-07,
  "cc_threshold": 0.10826038352570146,
  "cc_weight": 178.36323705538618,
  "cs_threshold": 0.20103079536336826,
  "cs_weight": 1.3114337503032998,
  "force_threshold": 37116.68661672063,
  "force_weight": 2.8202710192306683e-12,
  "arclength_weight": 0.01,
  "JF": 0.005952797089552633,
  "Jf": 7.482053764265027e-05,
  "gradient_norm": 0.0015943054245584167,
  "linking_number": 1.1974285358820724e-05,
  "lengths": [
    4.020611529996078,
    4.2365205914105735,
    4.645903161949283,
    4.641004796674502
  ],
  "max_length": 4.645903161949283,
  "max_\u03ba": [
    6.024425425158498,
    4.397317702973265,
    5.213158498786058,
    5.148160210081523
  ],
  "max_max_\u03ba": 6.024425425158498,
  "MSCs": [
    11.183277948173792,
    6.708917294678625,
    11.550784855800975,
    10.269024073349552
  ],
  "max_MSC": 11.550784855800975,
  "max_forces": [
    20442.8371420686,
    719.0175189637869,
    1582.9573563703207,
    1645.6432774099098
  ],
  "max_max_force": 20442.8371420686,
  "arclength_variances": [
    0.00014257936256607844,
    1.652117396505954e-05,
    0.00015329883646100174,
    5.644204398883113e-05
  ],
  "max_arclength_variance": 0.00015329883646100174,
  "BdotN": 0.0028134398901222893,
  "coil_coil_distance": 0.1079310225002961,
  "coil_surface_distance": 0.0201993612510779,
  "message": "STOP: TOTAL NO. of ITERATIONS REACHED LIMIT",
  "success": false,
  "iterations": 400,
  "function_evaluations": 444,
  "coil_currents": [
    100000.0,
    6923.571107019437,
    17215.613400223287,
    24438.85233251729
  ],
  "UUID": "2735bf9916fc45159f685b7251859011",
  "eval_time": 1195.804589531
}