{
  "nfp": 2,
  "ncoils": 4,
  "order": 5,
  "nphi": 32,
  "ntheta": 32,
  "R0": 1.0,
  "R1": 0.5546572193528989,
  "UUID_init": null,
  "length_target": 4.970402067974452,
  "length_weight": 0.007615137317955496,
  "max_\u03ba_threshold": 6.154561601419068,
  "max_\u03ba_weight": 2.0041586961961655e-08,
  "msc_threshold": 5.702809031073494,
  "msc_weight": 7.928026598765992e-05,
  "cc_threshold": 0.10832640981234905,
  "cc_weight": 138.44588461091467,
  "cs_threshold": 0.2908830670648789,
  "cs_weight": 0.2602157749588615,
  "force_threshold": 1624.9711318883308,
  "force_weight": 1.6287821489331698e-14,
  "arclength_weight": 0.01,
  "JF": 5.632580268096918e-05,
  "Jf": 1.959607802456326e-05,
  "gradient_norm": 0.0014288205638256345,
  "linking_number": 3.221082778542609e-05,
  "lengths": [
    4.972955918708398,
    4.972698661269155,
    3.663326836061224,
    3.588494914407578
  ],
  "max_length": 4.972955918708398,
  "max_\u03ba": [
    2.33424851396936,
    2.610483302582297,
    3.326406868158457,
    3.100139668443272
  ],
  "max_max_\u03ba": 3.326406868158457,
  "MSCs": [
    2.298045926599572,
    2.5406342720621837,
    5.606656503618426,
    5.2511584855306825
  ],
  "max_MSC": 5.606656503618426,
  "max_forces": [
    6110.9480407413275,
    5108.809887622663,
    2371.7596646518027,
    1621.196738565193
  ],
  "max_max_force": 6110.9480407413275,
  "arclength_variances": [
    3.7508828833599464e-05,
    3.08408425149408e-05,
    1.5136055612795892e-05,
    3.859293862836635e-06
  ],
  "max_arclength_variance": 3.7508828833599464e-05,
  "BdotN": 0.0015054674095670312,
  "coil_coil_distance": 0.108200943844121,
  "coil_surface_distance": 0.282429337755513,
  "message": "STOP: TOTAL NO. of ITERATIONS REACHED LIMIT",
  "success": false,
  "iterations": 400,
  "function_evaluations": 450,
  "coil_currents": [
    100000.0,
    -44078.00174288641,
    32648.220789639887,
    25510.073973257568
  ],
  "UUID": "4bf8d29db7a44e91ac4ff209b6078e14",
  "eval_time": 727.52828804
}