{
  "nfp": 2,
  "ncoils": 4,
  "order": 3,
  "nphi": 32,
  "ntheta": 32,
  "R0": 1.0,
  "R1": 0.582638129875141,
  "UUID_init": null,
  "length_target": 5.945905311101731,
  "length_weight": 0.004339073963333203,
  "max_\u03ba_threshold": 11.626136919321434,
  "max_\u03ba_weight": 1.3743445921354654e-09,
  "msc_threshold": 5.26892646940841,
  "msc_weight": 1.1547120062956857e-07,
  "cc_threshold": 0.09600302550296419,
  "cc_weight": 1333.2606798266893,
  "cs_threshold": 0.2593414995604541,
  "cs_weight": 0.5623272123584362,
  "force_threshold": 8812.40696470289,
  "force_weight": 2.259954523878063e-11,
  "arclength_weight": 0.01,
  "JF": 5.228709801103096e-05,
  "Jf": 4.967821030323828e-05,
  "gradient_norm": 0.0002137133225157242,
  "linking_number": 0.03275960281835904,
  "lengths": [
    5.953443332000472,
    4.10157317382121,
    4.762943882075458,
    3.522905377048892
  ],
  "max_length": 5.953443332000472,
  "max_\u03ba": [
    1.8940905300123683,
    3.4266133686411586,
    2.9493768935316114,
    2.5223247466535557
  ],
  "max_max_\u03ba": 3.4266133686411586,
  "MSCs": [
    1.9190331249370445,
    7.154564277256699,
    6.066931557303287,
    3.562570517178323
  ],
  "max_MSC": 7.154564277256699,
  "max_forces": [
    8660.304653013995,
    3746.7741006818164,
    732.0886026819514,
    3956.585686755395
  ],
  "max_max_force": 8660.304653013995,
  "arclength_variances": [
    0.00018023158249909113,
    2.0925387233093625e-06,
    1.3051694263636673e-06,
    1.5507945402897565e-05
  ],
  "max_arclength_variance": 0.00018023158249909113,
  "BdotN": 0.0028399072030920102,
  "coil_coil_distance": 0.09676542176572672,
  "coil_surface_distance": 0.24530644645430574,
  "message": "STOP: TOTAL NO. of ITERATIONS REACHED LIMIT",
  "success": false,
  "iterations": 400,
  "function_evaluations": 628,
  "coil_currents": [
    100000.0,
    18712.369082742,
    17295.120758837616,
    42401.52925132375
  ],
  "UUID": "f23eca09ffe14f8b93d480de02591223",
  "eval_time": 444.88354843999997
}