{
  "nfp": 2,
  "ncoils": 4,
  "order": 16,
  "nphi": 32,
  "ntheta": 32,
  "R0": 1.0,
  "R1": 0.30875089102348924,
  "UUID_init": null,
  "length_target": 4.662732869852664,
  "length_weight": 0.004430423933672035,
  "max_\u03ba_threshold": 9.089842120412074,
  "max_\u03ba_weight": 1.2709551577614296e-08,
  "msc_threshold": 4.512318019035212,
  "msc_weight": 5.595924578690084e-05,
  "cc_threshold": 0.08518393724475035,
  "cc_weight": 1373.2634156532304,
  "cs_threshold": 0.24767398862386686,
  "cs_weight": 1859.3911207762176,
  "force_threshold": 1285.0647061049658,
  "force_weight": 7.166885008331209e-13,
  "arclength_weight": 0.01,
  "JF": 23.62336589048502,
  "Jf": 0.0010996364714491046,
  "gradient_norm": 0.08856032285310023,
  "linking_number": 2.000000000042928,
  "lengths": [
    5.15344081743263,
    4.900305314056091,
    4.830785791267784,
    4.720391305505459
  ],
  "max_length": 5.15344081743263,
  "max_\u03ba": [
    8.297309991490462,
    8.51566229232735,
    6.554857621265846,
    6.405793515465556
  ],
  "max_max_\u03ba": 8.51566229232735,
  "MSCs": [
    7.681608513728424,
    8.010354436721268,
    6.782658797170692,
    6.044437823941239
  ],
  "max_MSC": 8.010354436721268,
  "max_forces": [
    9704.080179865843,
    4817.678570785999,
    2462.036537537871,
    2895.0007775825356
  ],
  "max_max_force": 9704.080179865843,
  "arclength_variances": [
    0.011168902730464579,
    0.0032611194230135476,
    0.00379050595368452,
    0.002512167166811845
  ],
  "max_arclength_variance": 0.011168902730464579,
  "BdotN": 0.012010005361523008,
  "coil_coil_distance": 0.08504743604209881,
  "coil_surface_distance": 0.01653748037100615,
  "message": "STOP: TOTAL NO. of ITERATIONS REACHED LIMIT",
  "success": false,
  "iterations": 400,
  "function_evaluations": 406,
  "coil_currents": [
    100000.0,
    -34491.33769751875,
    -25844.958310836962,
    -35473.224177676675
  ],
  "UUID": "156102010a0b46ff99da28455127eb4e",
  "eval_time": 122.28112347399997
}