{
  "nfp": 2,
  "ncoils": 4,
  "order": 7,
  "nphi": 32,
  "ntheta": 32,
  "R0": 1.0,
  "R1": 0.34675683991439926,
  "UUID_init": null,
  "length_target": 5.11937520744732,
  "length_weight": 0.003232594408834799,
  "max_\u03ba_threshold": 10.117216819393263,
  "max_\u03ba_weight": 1.7093500113585854e-08,
  "msc_threshold": 4.202056756681749,
  "msc_weight": 0.0007547832435990344,
  "cc_threshold": 0.11566005390096176,
  "cc_weight": 17307.02583173436,
  "cs_threshold": 0.25009256372875854,
  "cs_weight": 2274.189106713275,
  "force_threshold": 44591.39744605889,
  "force_weight": 1.7236509008815715e-12,
  "arclength_weight": 0.01,
  "JF": 6.025294928642779e-06,
  "Jf": 5.642405457297216e-06,
  "gradient_norm": 0.001394374718256273,
  "linking_number": 6.000001088743669,
  "lengths": [
    4.825632566831298,
    4.8050205795238865,
    5.121794729797234,
    5.1210295426109775
  ],
  "max_length": 5.121794729797234,
  "max_\u03ba": [
    3.2821985875945288,
    3.1134079156087213,
    3.5056725468321717,
    3.2964382823193183
  ],
  "max_max_\u03ba": 3.5056725468321717,
  "MSCs": [
    3.7593575872874863,
    3.991853204506953,
    4.199516679134005,
    4.064211212676635
  ],
  "max_MSC": 4.199516679134005,
  "max_forces": [
    30967.8507898082,
    32583.42167859052,
    23815.230614694516,
    37522.06258931711
  ],
  "max_max_force": 37522.06258931711,
  "arclength_variances": [
    3.137704139295798e-06,
    4.942051201052813e-06,
    1.2666446589127123e-05,
    1.612213380244271e-05
  ],
  "max_arclength_variance": 1.612213380244271e-05,
  "BdotN": 0.0010215348640943375,
  "coil_coil_distance": 0.11565808106210403,
  "coil_surface_distance": 0.2655890428591664,
  "message": "STOP: TOTAL NO. of ITERATIONS REACHED LIMIT",
  "success": false,
  "iterations": 400,
  "function_evaluations": 848,
  "coil_currents": [
    100000.0,
    94397.22353680004,
    92593.22888254822,
    92555.86354072581
  ],
  "UUID": "642b4b1f584d49bbbb13604fde0c365d",
  "eval_time": 2450.533132989999
}