{
  "nfp": 2,
  "ncoils": 4,
  "order": 9,
  "nphi": 32,
  "ntheta": 32,
  "R0": 1.0,
  "R1": 0.5377456745084771,
  "UUID_init": null,
  "length_target": 4.5886599030263255,
  "length_weight": 0.00011675566236726203,
  "max_\u03ba_threshold": 11.789068669466584,
  "max_\u03ba_weight": 7.822257729393926e-07,
  "msc_threshold": 4.363395415144117,
  "msc_weight": 3.337045867980758e-05,
  "cc_threshold": 0.0848994442529383,
  "cc_weight": 59725.055282372006,
  "cs_threshold": 0.19443121681775755,
  "cs_weight": 3.2849733981644658,
  "force_threshold": 1572.391311209692,
  "force_weight": 3.9551710085565574e-10,
  "arclength_weight": 0.01,
  "JF": 0.10400416509121306,
  "Jf": 0.014870313514186648,
  "gradient_norm": 0.14658615021790447,
  "linking_number": 0.09725107355154038,
  "lengths": [
    23.02982768471933,
    30.3954526481206,
    7.4700444258467655,
    10.551155449394287
  ],
  "max_length": 30.3954526481206,
  "max_\u03ba": [
    1.410715899299122,
    1.4025746844156866,
    3.8550707048732162,
    3.690363949003066
  ],
  "max_max_\u03ba": 3.8550707048732162,
  "MSCs": [
    0.6388465269730073,
    0.7502491643245104,
    5.623861909971698,
    5.350396065499136
  ],
  "max_MSC": 5.623861909971698,
  "max_forces": [
    1882.5151177248795,
    1787.460151116665,
    1131.0693936959296,
    1730.6978829596046
  ],
  "max_max_force": 1882.5151177248795,
  "arclength_variances": [
    0.17932765518079916,
    0.22396734009969868,
    0.012659963635346716,
    0.0258679853756636
  ],
  "max_arclength_variance": 0.22396734009969868,
  "BdotN": 0.04089284275704998,
  "coil_coil_distance": 0.0850934452285381,
  "coil_surface_distance": 0.03166980559188553,
  "message": "STOP: TOTAL NO. of ITERATIONS REACHED LIMIT",
  "success": false,
  "iterations": 400,
  "function_evaluations": 622,
  "coil_currents": [
    100000.0,
    -12670.956221424736,
    -18273.449376948254,
    -25585.775239388364
  ],
  "UUID": "d4051af152074d54a727a935db2dd151",
  "eval_time": 1995.54029124
}