{
  "nfp": 2,
  "ncoils": 4,
  "order": 7,
  "nphi": 32,
  "ntheta": 32,
  "R0": 1.0,
  "R1": 0.45431254666222376,
  "UUID_init": null,
  "length_target": 4.772511143328314,
  "length_weight": 0.003538748342044213,
  "max_\u03ba_threshold": 7.958908971610624,
  "max_\u03ba_weight": 4.099430602722734e-07,
  "msc_threshold": 5.342484030328178,
  "msc_weight": 0.0004382574858651116,
  "cc_threshold": 0.08715006476660218,
  "cc_weight": 53317.42296126962,
  "cs_threshold": 0.23737591755467985,
  "cs_weight": 2466.860760153418,
  "force_threshold": 26325.43587446598,
  "force_weight": 1.0092637989873336e-10,
  "arclength_weight": 0.01,
  "JF": 2.182813719871416e-06,
  "Jf": 2.0470957098877924e-06,
  "gradient_norm": 0.00020981557606298404,
  "linking_number": 9.999991249304365,
  "lengths": [
    4.772741846609134,
    4.531952078889023,
    4.773416335497757,
    4.728152933250357
  ],
  "max_length": 4.773416335497757,
  "max_\u03ba": [
    3.3021131226763765,
    3.5143393876634166,
    4.209111939073807,
    3.350198979343056
  ],
  "max_max_\u03ba": 4.209111939073807,
  "MSCs": [
    3.496697306293273,
    4.474991516862598,
    4.781618161065785,
    4.48942417463205
  ],
  "max_MSC": 4.781618161065785,
  "max_forces": [
    23324.895082241084,
    20563.110387797577,
    26325.779891837978,
    19374.891677252235
  ],
  "max_max_force": 26325.779891837978,
  "arclength_variances": [
    1.6624681381233195e-06,
    1.0508748867927141e-06,
    5.027816341236088e-06,
    5.67339561299912e-06
  ],
  "max_arclength_variance": 5.67339561299912e-06,
  "BdotN": 0.0006053436315583795,
  "coil_coil_distance": 0.08715079903098884,
  "coil_surface_distance": 0.2603231339140997,
  "message": "STOP: TOTAL NO. of ITERATIONS REACHED LIMIT",
  "success": false,
  "iterations": 400,
  "function_evaluations": 636,
  "coil_currents": [
    100000.0,
    85019.92021790429,
    81945.41163769788,
    84358.51876167816
  ],
  "UUID": "d961553e7cf347daa6b54419a014fefd",
  "eval_time": 1308.751909338
}