{
  "nfp": 2,
  "ncoils": 4,
  "order": 6,
  "nphi": 32,
  "ntheta": 32,
  "R0": 1.0,
  "R1": 0.5870729403004372,
  "UUID_init": null,
  "length_target": 4.586890211771751,
  "length_weight": 0.0019203162933859686,
  "max_\u03ba_threshold": 6.3911500650833295,
  "max_\u03ba_weight": 1.2117767426849918e-06,
  "msc_threshold": 4.978026052832332,
  "msc_weight": 6.143981391329984e-05,
  "cc_threshold": 0.10458053219556011,
  "cc_weight": 3973.451620258392,
  "cs_threshold": 0.23780205243588304,
  "cs_weight": 285.2112921578542,
  "force_threshold": 19293.41329788519,
  "force_weight": 1.0712347417998743e-10,
  "arclength_weight": 0.01,
  "JF": 2.257896013294523e-06,
  "Jf": 2.1366366473099493e-06,
  "gradient_norm": 9.12204464102683e-05,
  "linking_number": 1.8676320847246247e-09,
  "lengths": [
    4.589302944585564,
    4.252040135672838,
    4.391969127140416,
    4.176009610655956
  ],
  "max_length": 4.589302944585564,
  "max_\u03ba": [
    3.0822244186195857,
    3.7567193011209854,
    3.494455095844684,
    2.980882426273317
  ],
  "max_max_\u03ba": 3.7567193011209854,
  "MSCs": [
    3.3868508021796244,
    4.912402848468257,
    4.6192031264717315,
    3.9565410939831516
  ],
  "max_MSC": 4.912402848468257,
  "max_forces": [
    19294.23962492547,
    14693.800649766536,
    14508.612251972569,
    13166.115824608325
  ],
  "max_max_force": 19294.23962492547,
  "arclength_variances": [
    4.579280494789496e-06,
    3.6604025269752824e-06,
    2.2173357593287214e-06,
    1.0931872625987616e-06
  ],
  "max_arclength_variance": 4.579280494789496e-06,
  "BdotN": 0.0005296805377627359,
  "coil_coil_distance": 0.1659989686413455,
  "coil_surface_distance": 0.24022466298678274,
  "message": "STOP: TOTAL NO. of ITERATIONS REACHED LIMIT",
  "success": false,
  "iterations": 400,
  "function_evaluations": 425,
  "coil_currents": [
    100000.0,
    64417.992152033534,
    73893.98625117049,
    76367.00422053788
  ],
  "UUID": "139f6372c8fa4e81808f9432e904c9b8",
  "eval_time": 2133.7265009889998
}