{
  "nfp": 2,
  "ncoils": 4,
  "order": 5,
  "nphi": 32,
  "ntheta": 32,
  "R0": 1.0,
  "R1": 0.33707208676395306,
  "UUID_init": null,
  "length_target": 5.239028636696355,
  "length_weight": 0.00019498801794247774,
  "max_\u03ba_threshold": 5.517084788127408,
  "max_\u03ba_weight": 2.834913891411245e-09,
  "msc_threshold": 4.574180720377898,
  "msc_weight": 2.256982533021986e-06,
  "cc_threshold": 0.09800878671572781,
  "cc_weight": 164.68040091615342,
  "cs_threshold": 0.23988307526738922,
  "cs_weight": 0.3653631813195437,
  "force_threshold": 3533.254912769329,
  "force_weight": 2.873746999265673e-12,
  "arclength_weight": 0.01,
  "JF": 0.0035296756075303046,
  "Jf": 0.00041861875866781325,
  "gradient_norm": 0.004671253503376469,
  "linking_number": 0.000542741778677731,
  "lengths": [
    4.3173036717662105,
    5.8515605792042615,
    5.278096523402326,
    5.262700934285131
  ],
  "max_length": 5.8515605792042615,
  "max_\u03ba": [
    4.285158332321026,
    3.306154727985316,
    2.9802910560969713,
    3.1635352095730456
  ],
  "max_max_\u03ba": 4.285158332321026,
  "MSCs": [
    7.784185750063003,
    5.149012391794452,
    3.6169354086983776,
    4.716104511265204
  ],
  "max_MSC": 7.784185750063003,
  "max_forces": [
    4588.588563824217,
    3795.7164915290464,
    1033.8762699455235,
    83.32406411211436
  ],
  "max_max_force": 4588.588563824217,
  "arclength_variances": [
    0.0028734954067159944,
    0.0005851510016640527,
    7.266729762560526e-05,
    6.902080814742827e-06
  ],
  "max_arclength_variance": 0.0028734954067159944,
  "BdotN": 0.006711842065408287,
  "coil_coil_distance": 0.09855827732389366,
  "coil_surface_distance": 0.032749972456699916,
  "message": "STOP: TOTAL NO. of ITERATIONS REACHED LIMIT",
  "success": false,
  "iterations": 400,
  "function_evaluations": 499,
  "coil_currents": [
    100000.0,
    -33108.2273361923,
    34647.410478888516,
    1579.341766394522
  ],
  "UUID": "f21e3155b9b04d828a6706ae0a834b65",
  "eval_time": 932.0048835289999
}