{
  "nfp": 2,
  "ncoils": 4,
  "order": 3,
  "nphi": 32,
  "ntheta": 32,
  "R0": 1.0,
  "R1": 0.6261332481989672,
  "UUID_init": null,
  "length_target": 4.678893168045853,
  "length_weight": 0.007789802139935343,
  "max_\u03ba_threshold": 10.257357156027329,
  "max_\u03ba_weight": 4.892109055076508e-06,
  "msc_threshold": 5.726808145701705,
  "msc_weight": 0.00012982555330052462,
  "cc_threshold": 0.10752336357937081,
  "cc_weight": 139.07724389957733,
  "cs_threshold": 0.20015221713149298,
  "cs_weight": 6584.110135392671,
  "force_threshold": 16967.382824006498,
  "force_weight": 1.435445196880349e-12,
  "arclength_weight": 0.01,
  "JF": 3.100661378878096e-05,
  "Jf": 2.722396807418569e-05,
  "gradient_norm": 2.2196357105846334e-05,
  "linking_number": 3.290491338439462e-05,
  "lengths": [
    4.6812886473689375,
    3.334220154532989,
    3.428113218181005,
    3.603015068647811
  ],
  "max_length": 4.6812886473689375,
  "max_\u03ba": [
    2.3379630060387497,
    3.2308007029265617,
    2.5420159867568715,
    2.5025025918993107
  ],
  "max_max_\u03ba": 3.2308007029265617,
  "MSCs": [
    2.893686642925586,
    5.709684063514027,
    5.637117157991126,
    5.527913635308508
  ],
  "max_MSC": 5.709684063514027,
  "max_forces": [
    15298.305199583183,
    6826.52380135277,
    6804.17878937307,
    8393.070117193209
  ],
  "max_max_force": 15298.305199583183,
  "arclength_variances": [
    0.00014594541278992485,
    0.00014837268730914256,
    7.140071376393388e-05,
    1.0310538279913511e-05
  ],
  "max_arclength_variance": 0.00014837268730914256,
  "BdotN": 0.0020756161216891112,
  "coil_coil_distance": 0.107521829855702,
  "coil_surface_distance": 0.20035449120057322,
  "message": "STOP: TOTAL NO. of ITERATIONS REACHED LIMIT",
  "success": false,
  "iterations": 400,
  "function_evaluations": 524,
  "coil_currents": [
    100000.0,
    36474.2438285358,
    43663.65252155877,
    53403.869921020094
  ],
  "UUID": "4b87cc19f8214507b7bdb76614bb71a2",
  "eval_time": 390.43695696500004
}