{
  "nfp": 2,
  "ncoils": 4,
  "order": 5,
  "nphi": 32,
  "ntheta": 32,
  "R0": 1.0,
  "R1": 0.5344673376437392,
  "UUID_init": null,
  "length_target": 4.593229135464907,
  "length_weight": 0.000175360203671058,
  "max_\u03ba_threshold": 11.581460974168696,
  "max_\u03ba_weight": 2.956529875369235e-07,
  "msc_threshold": 5.104661522106585,
  "msc_weight": 2.6334027637342866e-05,
  "cc_threshold": 0.10486056442632695,
  "cc_weight": 1507.672495578454,
  "cs_threshold": 0.29648246286368657,
  "cs_weight": 0.34144555271706795,
  "force_threshold": 16591.926938339973,
  "force_weight": 8.673757732850918e-12,
  "arclength_weight": 0.01,
  "JF": 4.9554874974553015e-06,
  "Jf": 4.401550373979077e-06,
  "gradient_norm": 0.00014961391455470358,
  "linking_number": 4.947725831167807e-06,
  "lengths": [
    4.654677946320311,
    3.8441225709405433,
    3.9075416956209827,
    3.8707013477846637
  ],
  "max_length": 4.654677946320311,
  "max_\u03ba": [
    2.515206394016216,
    3.327195545488312,
    2.8880612623360333,
    2.91351074995141
  ],
  "max_max_\u03ba": 3.327195545488312,
  "MSCs": [
    3.0072255348016803,
    5.064314852025147,
    4.628782638744485,
    4.643132919427248
  ],
  "max_MSC": 5.064314852025147,
  "max_forces": [
    16602.499176235022,
    14237.95022440991,
    11490.320385551877,
    9728.845393660955
  ],
  "max_max_force": 16602.499176235022,
  "arclength_variances": [
    5.274434477975954e-07,
    1.513658955565409e-06,
    1.2339729239286589e-06,
    8.101939229163917e-07
  ],
  "max_arclength_variance": 1.513658955565409e-06,
  "BdotN": 0.0007385327501673185,
  "coil_coil_distance": 0.10485603516789299,
  "coil_surface_distance": 0.28894275879396003,
  "message": "STOP: TOTAL NO. of ITERATIONS REACHED LIMIT",
  "success": false,
  "iterations": 400,
  "function_evaluations": 480,
  "coil_currents": [
    100000.0,
    44354.130755015605,
    57393.32694996594,
    60641.82204672328
  ],
  "UUID": "00533b7f910c4756a297ada9572e8200",
  "eval_time": 989.3305611420001
}