{
  "nfp": 2,
  "ncoils": 4,
  "order": 4,
  "nphi": 32,
  "ntheta": 32,
  "R0": 1.0,
  "R1": 0.5260467975762829,
  "UUID_init": null,
  "length_target": 4.547288712091596,
  "length_weight": 0.0004890137540094639,
  "max_\u03ba_threshold": 10.444742438972577,
  "max_\u03ba_weight": 6.742069264986138e-06,
  "msc_threshold": 4.0381859816263646,
  "msc_weight": 1.7586116373731046e-05,
  "cc_threshold": 0.10914582667086552,
  "cc_weight": 60479.981495594824,
  "cs_threshold": 0.23592216810284172,
  "cs_weight": 70.70421739634872,
  "force_threshold": 31006.289505516437,
  "force_weight": 1.7924669433561253e-12,
  "arclength_weight": 0.01,
  "JF": 4.0991232933085935e-06,
  "Jf": 3.5483100202472264e-06,
  "gradient_norm": 7.49123514211334e-05,
  "linking_number": 0.00012552227114606123,
  "lengths": [
    4.55679810238412,
    4.456367748534632,
    4.386421097292812,
    4.417064306411743
  ],
  "max_length": 4.55679810238412,
  "max_\u03ba": [
    2.8663749619222876,
    2.769348052406917,
    2.645862061264043,
    2.4080933920571046
  ],
  "max_max_\u03ba": 2.8663749619222876,
  "MSCs": [
    3.5376201608847517,
    3.991589825294896,
    4.019201208061508,
    3.9059292528261746
  ],
  "max_MSC": 4.019201208061508,
  "max_forces": [
    28187.181731676817,
    23813.63636335466,
    22540.371401128436,
    20462.28777880492
  ],
  "max_max_force": 28187.181731676817,
  "arclength_variances": [
    1.595795334401358e-05,
    1.0698657006472106e-05,
    1.6267097724437302e-05,
    9.946580127154686e-06
  ],
  "max_arclength_variance": 1.6267097724437302e-05,
  "BdotN": 0.0007158812702575052,
  "coil_coil_distance": 0.10970185659931596,
  "coil_surface_distance": 0.2856230148554712,
  "message": "STOP: TOTAL NO. of ITERATIONS REACHED LIMIT",
  "success": false,
  "iterations": 400,
  "function_evaluations": 643,
  "coil_currents": [
    100000.0,
    79804.41665512296,
    88324.90664901635,
    90372.41923356908
  ],
  "UUID": "0bca6b8616c049f9914724744c890871",
  "eval_time": 536.0767851830001
}