{
  "nfp": 2,
  "ncoils": 4,
  "order": 5,
  "nphi": 32,
  "ntheta": 32,
  "R0": 1.0,
  "R1": 0.3042619148849912,
  "UUID_init": null,
  "length_target": 5.0,
  "length_weight": 0.0003390823209385452,
  "max_\u03ba_threshold": 5.46396909401202,
  "max_\u03ba_weight": 6.051910638049265e-08,
  "msc_threshold": 5.133921729664981,
  "msc_weight": 2.718984020481089e-06,
  "cc_threshold": 0.08622026170343057,
  "cc_weight": 1026.165359948263,
  "cs_threshold": 0.2509825101315154,
  "cs_weight": 201.73017464908642,
  "force_threshold": 4755.410409233707,
  "force_weight": 1.2797737792277588e-14,
  "arclength_weight": 0.01,
  "JF": 2.048704243344861,
  "Jf": 0.00016882868828872483,
  "gradient_norm": 0.0019022996803442888,
  "linking_number": 0.0019345596809695969,
  "lengths": [
    4.906300668419426,
    3.44543137914321,
    3.1203731910288437,
    5.0957729765007045
  ],
  "max_length": 5.0957729765007045,
  "max_\u03ba": [
    4.026924248180341,
    4.7459893804755255,
    4.557187512932391,
    2.413302089225861
  ],
  "max_max_\u03ba": 4.7459893804755255,
  "MSCs": [
    5.677021580560099,
    6.779435709966481,
    7.380712021204898,
    2.7644566956318015
  ],
  "max_MSC": 7.380712021204898,
  "max_forces": [
    18230.758250483184,
    5190.016636608839,
    2053.2181701156383,
    8915.441393169798
  ],
  "max_max_force": 18230.758250483184,
  "arclength_variances": [
    0.0009259760273569444,
    0.001170031436416105,
    0.00032348222307443,
    8.716077031422736e-05
  ],
  "max_arclength_variance": 0.001170031436416105,
  "BdotN": 0.004423506677974073,
  "coil_coil_distance": 0.08607974553845542,
  "coil_surface_distance": 0.025968621149164667,
  "message": "STOP: TOTAL NO. of ITERATIONS REACHED LIMIT",
  "success": false,
  "iterations": 400,
  "function_evaluations": 487,
  "coil_currents": [
    100000.0,
    -22900.66534610534,
    20595.798322920346,
    59796.820184051205
  ],
  "UUID": "c8b06d0bd69b4211bdd6bc511423df1f",
  "eval_time": 902.403571295
}