{
  "nfp": 2,
  "ncoils": 4,
  "order": 5,
  "nphi": 32,
  "ntheta": 32,
  "R0": 1.0,
  "R1": 0.5946597037536971,
  "UUID_init": null,
  "length_target": 5.582987967389729,
  "length_weight": 0.006462926376463777,
  "max_\u03ba_threshold": 5.640007200702789,
  "max_\u03ba_weight": 1.8896047643268783e-09,
  "msc_threshold": 4.868601020381123,
  "msc_weight": 1.0812239246955797e-06,
  "cc_threshold": 0.11763275418339753,
  "cc_weight": 29727.49147580593,
  "cs_threshold": 0.19801237733802202,
  "cs_weight": 0.12310890380412323,
  "force_threshold": 4861.451778689452,
  "force_weight": 3.171980308650856e-14,
  "arclength_weight": 0.01,
  "JF": 5.339276615497841e-05,
  "Jf": 2.125588818794642e-05,
  "gradient_norm": 0.00034532400627352265,
  "linking_number": 1.707582032021107e-05,
  "lengths": [
    5.587670237667153,
    4.304174966590252,
    3.309793168933978,
    3.3839066369652127
  ],
  "max_length": 5.587670237667153,
  "max_\u03ba": [
    2.1536870641494326,
    3.492091658863999,
    3.7937942656495602,
    3.73769294684322
  ],
  "max_max_\u03ba": 3.7937942656495602,
  "MSCs": [
    2.050530036032746,
    5.073552826091089,
    6.142085736868675,
    6.042453755883217
  ],
  "max_MSC": 6.142085736868675,
  "max_forces": [
    9109.031985067691,
    1627.6258997496006,
    2274.944801666387,
    2274.192202470872
  ],
  "max_max_force": 9109.031985067691,
  "arclength_variances": [
    1.8292172787003306e-05,
    2.4567632323206595e-06,
    5.033612169280407e-06,
    2.3826136090081785e-06
  ],
  "max_arclength_variance": 1.8292172787003306e-05,
  "BdotN": 0.0016837064100200792,
  "coil_coil_distance": 0.1214749978677192,
  "coil_surface_distance": 0.19528326987073072,
  "message": "STOP: TOTAL NO. of ITERATIONS REACHED LIMIT",
  "success": false,
  "iterations": 400,
  "function_evaluations": 589,
  "coil_currents": [
    100000.0,
    6655.641129187041,
    20132.10575248053,
    25675.14571719483
  ],
  "UUID": "9c8f76978aed4a0b9e75630c750b925f",
  "eval_time": 871.476441923
}