{
  "nfp": 2,
  "ncoils": 4,
  "order": 5,
  "nphi": 32,
  "ntheta": 32,
  "R0": 1.0,
  "R1": 0.7187871179304679,
  "UUID_init": null,
  "length_target": 4.888758852674244,
  "length_weight": 0.00018232130465315163,
  "max_\u03ba_threshold": 6.268205158860866,
  "max_\u03ba_weight": 1.4083456242550704e-09,
  "msc_threshold": 5.772906849778357,
  "msc_weight": 2.333549439869127e-06,
  "cc_threshold": 0.10226799023446409,
  "cc_weight": 80918.80671669029,
  "cs_threshold": 0.22454737856092866,
  "cs_weight": 28.72051105774909,
  "force_threshold": 34875.99025418478,
  "force_weight": 2.4910994241378308e-11,
  "arclength_weight": 0.01,
  "JF": 4.756204512509929e-06,
  "Jf": 4.330473067741263e-06,
  "gradient_norm": 0.0001356413061079109,
  "linking_number": 0.00010486467607498638,
  "lengths": [
    4.890802906396394,
    4.772850010476291,
    4.891706044460792,
    4.895764920078517
  ],
  "max_length": 4.895764920078517,
  "max_\u03ba": [
    2.8102567835537364,
    2.8019612994660945,
    2.978734923792515,
    2.3750163365696473
  ],
  "max_max_\u03ba": 2.978734923792515,
  "MSCs": [
    3.1398199659413213,
    3.4843336175683994,
    4.032523736663763,
    3.3064025666822134
  ],
  "max_MSC": 4.032523736663763,
  "max_forces": [
    29897.95712910197,
    25405.35382106592,
    28407.900727573608,
    22297.787838376076
  ],
  "max_max_force": 29897.95712910197,
  "arclength_variances": [
    1.232100150318467e-05,
    1.439597259718818e-05,
    1.0373591193775233e-05,
    4.917847369184978e-06
  ],
  "max_arclength_variance": 1.439597259718818e-05,
  "BdotN": 0.0008397745478476843,
  "coil_coil_distance": 0.10226947915296411,
  "coil_surface_distance": 0.2842246138849864,
  "message": "ABNORMAL_TERMINATION_IN_LNSRCH",
  "success": false,
  "iterations": 246,
  "function_evaluations": 722,
  "coil_currents": [
    100000.0,
    85245.49982370384,
    88320.88310343296,
    87047.54467092696
  ],
  "UUID": "f92db574d58f4f9b839fcebff11fa0ec",
  "eval_time": 884.5643052349997
}