{
  "nfp": 2,
  "ncoils": 4,
  "order": 5,
  "nphi": 32,
  "ntheta": 32,
  "R0": 1.0,
  "R1": 0.6858499857923761,
  "UUID_init": null,
  "length_target": 4.575797032627952,
  "length_weight": 0.00886322304877409,
  "max_\u03ba_threshold": 5.448304143982081,
  "max_\u03ba_weight": 5.836823781215612e-07,
  "msc_threshold": 5.132976892841469,
  "msc_weight": 5.305792289592189e-06,
  "cc_threshold": 0.08347907637677812,
  "cc_weight": 46985.57172048222,
  "cs_threshold": 0.27572745505819546,
  "cs_weight": 8700.459235723738,
  "force_threshold": 1588.5402091698697,
  "force_weight": 3.8198420738305413e-13,
  "arclength_weight": 0.01,
  "JF": 0.00010972142369123299,
  "Jf": 9.178917384587785e-05,
  "gradient_norm": 0.0007133619174837315,
  "linking_number": 3.571313715576007e-05,
  "lengths": [
    3.936733379199085,
    4.58298899919607,
    4.581342543800922,
    4.1045099740727204
  ],
  "max_length": 4.58298899919607,
  "max_\u03ba": [
    2.8216086839605388,
    2.141404891650046,
    2.1423235701031547,
    3.184995515869981
  ],
  "max_max_\u03ba": 3.184995515869981,
  "MSCs": [
    3.529702784417594,
    2.2980440662811623,
    2.513691747089642,
    4.363473876365263
  ],
  "max_MSC": 4.363473876365263,
  "max_forces": [
    2083.802114248498,
    2142.183676491676,
    2093.2791163376673,
    1735.4101603819504
  ],
  "max_max_force": 2142.183676491676,
  "arclength_variances": [
    4.239104642306021e-05,
    2.3954039204848933e-05,
    1.0716070301249973e-05,
    1.4576621646817997e-05
  ],
  "max_arclength_variance": 4.239104642306021e-05,
  "BdotN": 0.0035949216041274348,
  "coil_coil_distance": 0.0988111665867287,
  "coil_surface_distance": 0.2831270526689576,
  "message": "STOP: TOTAL NO. of ITERATIONS REACHED LIMIT",
  "success": false,
  "iterations": 400,
  "function_evaluations": 518,
  "coil_currents": [
    100000.0,
    -18914.93357410075,
    -32281.144673899977,
    37022.27309023591
  ],
  "UUID": "078abea3f34a49ea91f1e9a3c0b65510",
  "eval_time": 817.153951712
}