{
  "nfp": 2,
  "ncoils": 4,
  "order": 8,
  "nphi": 32,
  "ntheta": 32,
  "R0": 1.0,
  "R1": 0.5055039912719419,
  "UUID_init": null,
  "length_target": 4.892225940101911,
  "length_weight": 0.002514169321471898,
  "max_\u03ba_threshold": 9.502959644459906,
  "max_\u03ba_weight": 3.7567873922817e-09,
  "msc_threshold": 5.605102601128875,
  "msc_weight": 6.910897447338522e-07,
  "cc_threshold": 0.11474044139005227,
  "cc_weight": 92545.13143965059,
  "cs_threshold": 0.27516221527199786,
  "cs_weight": 151.16554198501478,
  "force_threshold": 46942.07263066884,
  "force_weight": 2.927702903316462e-12,
  "arclength_weight": 0.01,
  "JF": 1.2372344405569676e-06,
  "Jf": 1.1159235645724167e-06,
  "gradient_norm": 0.00011004056150973832,
  "linking_number": 5.1354488653746436e-08,
  "lengths": [
    4.893169022915022,
    4.628477459090196,
    4.476773428967324,
    4.323821648479298
  ],
  "max_length": 4.893169022915022,
  "max_\u03ba": [
    3.4345853859689033,
    3.3486881381622573,
    3.4376994411046926,
    3.4830105288115716
  ],
  "max_max_\u03ba": 3.4830105288115716,
  "MSCs": [
    4.224404036921471,
    4.347530644772343,
    4.789927280348364,
    5.190072009831363
  ],
  "max_MSC": 5.190072009831363,
  "max_forces": [
    32971.34767917169,
    28069.002201234023,
    28282.53563295027,
    23358.51910342095
  ],
  "max_max_force": 32971.34767917169,
  "arclength_variances": [
    2.3098988816549917e-06,
    7.809924683623126e-07,
    3.875016558532123e-06,
    5.053373927452915e-06
  ],
  "max_arclength_variance": 5.053373927452915e-06,
  "BdotN": 0.0004308225432333874,
  "coil_coil_distance": 0.11477111213382786,
  "coil_surface_distance": 0.29396622680672957,
  "message": "STOP: TOTAL NO. of ITERATIONS REACHED LIMIT",
  "success": false,
  "iterations": 400,
  "function_evaluations": 674,
  "coil_currents": [
    100000.0,
    90226.57206056327,
    89994.54852687864,
    92671.55030513457
  ],
  "UUID": "b6e010b1199d4d94b05a504265ea1cc3",
  "eval_time": 2119.9347782180002
}