{
  "nfp": 2,
  "ncoils": 4,
  "order": 7,
  "nphi": 32,
  "ntheta": 32,
  "R0": 1.0,
  "R1": 0.6049417223168121,
  "UUID_init": null,
  "length_target": 4.522819704652781,
  "length_weight": 0.000235696996401325,
  "max_\u03ba_threshold": 11.420806445190703,
  "max_\u03ba_weight": 6.95426585134416e-07,
  "msc_threshold": 4.1032612949484655,
  "msc_weight": 0.00044529835966090875,
  "cc_threshold": 0.08944287819102696,
  "cc_weight": 16551.92637581961,
  "cs_threshold": 0.269377910508935,
  "cs_weight": 27.687795040968155,
  "force_threshold": 15071.358611778274,
  "force_weight": 6.727259672644836e-13,
  "arclength_weight": 0.01,
  "JF": 6.982646504751343e-06,
  "Jf": 6.325568582012301e-06,
  "gradient_norm": 6.785884567353707e-05,
  "linking_number": 7.115733639697623e-07,
  "lengths": [
    4.59317937046845,
    4.276085059029942,
    4.3488869893575215,
    4.223005602470409
  ],
  "max_length": 4.59317937046845,
  "max_\u03ba": [
    2.7958226212132535,
    3.1408051787519335,
    3.0638090075021283,
    3.2916141730707604
  ],
  "max_max_\u03ba": 3.2916141730707604,
  "MSCs": [
    3.075858080634107,
    4.107437966611949,
    4.104270498130649,
    4.104310222910128
  ],
  "max_MSC": 4.107437966611949,
  "max_forces": [
    15153.571319789178,
    15130.13856601182,
    11786.94812821434,
    9736.089640831828
  ],
  "max_max_force": 15153.571319789178,
  "arclength_variances": [
    4.364050466606225e-07,
    1.8630862034544148e-07,
    2.64998908389608e-07,
    2.541760489199219e-07
  ],
  "max_arclength_variance": 4.364050466606225e-07,
  "BdotN": 0.0008755967327989138,
  "coil_coil_distance": 0.09311945494390829,
  "coil_surface_distance": 0.26857603351134746,
  "message": "STOP: TOTAL NO. of ITERATIONS REACHED LIMIT",
  "success": false,
  "iterations": 400,
  "function_evaluations": 411,
  "coil_currents": [
    100000.0,
    41200.29590053925,
    60791.601181288104,
    63301.49619252248
  ],
  "UUID": "8af9223779b84f778816eb63aa7a4b2a",
  "eval_time": 1983.326378545
}