{
  "nfp": 2,
  "ncoils": 4,
  "order": 4,
  "nphi": 32,
  "ntheta": 32,
  "R0": 1.0,
  "R1": 0.6705242624251444,
  "UUID_init": null,
  "length_target": 4.962347443607848,
  "length_weight": 0.0015664251076287945,
  "max_\u03ba_threshold": 8.494295341515238,
  "max_\u03ba_weight": 3.469742700223047e-07,
  "msc_threshold": 4.653202474261626,
  "msc_weight": 0.0002537214521372872,
  "cc_threshold": 0.09519980328039207,
  "cc_weight": 655.2181796832573,
  "cs_threshold": 0.2580855959508715,
  "cs_weight": 1.4766908273630062,
  "force_threshold": 33411.46351271717,
  "force_weight": 1.0004299646523167e-10,
  "arclength_weight": 0.01,
  "JF": 0.023680758242806358,
  "Jf": 0.0032526550705504797,
  "gradient_norm": 0.040612395304615044,
  "linking_number": 0.036386060982924545,
  "lengths": [
    5.673549990254938,
    4.863889710501969,
    4.549123490456181,
    4.735159212496823
  ],
  "max_length": 5.673549990254938,
  "max_\u03ba": [
    5.904262347514019,
    3.1370945266247996,
    2.756258877500225,
    2.9252313433489756
  ],
  "max_max_\u03ba": 5.904262347514019,
  "MSCs": [
    7.771859361639945,
    4.735969983580673,
    3.0256282002508597,
    4.781278192917689
  ],
  "max_MSC": 7.771859361639945,
  "max_forces": [
    22055.457024263655,
    4222.565322376679,
    15.54176547749278,
    2467.6771508496386
  ],
  "max_max_force": 22055.457024263655,
  "arclength_variances": [
    0.1840371763916033,
    0.00045811921303837367,
    0.0006885186180348528,
    0.00010778322102041679
  ],
  "max_arclength_variance": 0.1840371763916033,
  "BdotN": 0.011245025868602725,
  "coil_coil_distance": 0.09514090089209255,
  "coil_surface_distance": 0.0200896150942817,
  "message": "STOP: TOTAL NO. of ITERATIONS REACHED LIMIT",
  "success": false,
  "iterations": 400,
  "function_evaluations": 539,
  "coil_currents": [
    100000.0,
    60807.52613246923,
    -408.0811818254492,
    42878.75521972471
  ],
  "UUID": "8b5a4bd88aeb42e086d53f08a459d1e5",
  "eval_time": 671.7330819769995
}