{
  "nfp": 2,
  "ncoils": 4,
  "order": 9,
  "nphi": 32,
  "ntheta": 32,
  "R0": 1.0,
  "R1": 0.47333828521980204,
  "UUID_init": null,
  "length_target": 4.887764453746757,
  "length_weight": 0.006531044503541266,
  "max_\u03ba_threshold": 8.200560894696316,
  "max_\u03ba_weight": 5.412608065337587e-07,
  "msc_threshold": 5.9731686314744215,
  "msc_weight": 0.00010276648868369553,
  "cc_threshold": 0.08959279097385196,
  "cc_weight": 63370.82795795857,
  "cs_threshold": 0.22480504473043844,
  "cs_weight": 1178.9767613532943,
  "force_threshold": 11365.382349205238,
  "force_weight": 2.3662285504908667e-11,
  "arclength_weight": 0.01,
  "JF": 8.56006538662398e-06,
  "Jf": 8.430732659297535e-06,
  "gradient_norm": 0.00037350310354126944,
  "linking_number": 6.533364200301699e-15,
  "lengths": [
    4.8895423702904095,
    3.8305484606753244,
    3.453941704800043,
    3.4459540357466754
  ],
  "max_length": 4.8895423702904095,
  "max_\u03ba": [
    2.9086414102630824,
    4.286156555125282,
    4.051417732515747,
    3.8912400858247205
  ],
  "max_max_\u03ba": 4.286156555125282,
  "MSCs": [
    3.02257988558472,
    5.981466799264933,
    5.961019169168573,
    5.812523990920041
  ],
  "max_MSC": 5.981466799264933,
  "max_forces": [
    11373.988737055635,
    5365.972031246151,
    5699.201416589256,
    5526.201333095937
  ],
  "max_max_force": 11373.988737055635,
  "arclength_variances": [
    2.0668946759629176e-06,
    5.40209578409461e-06,
    1.3589625320026945e-06,
    1.0906954335451553e-06
  ],
  "max_arclength_variance": 5.40209578409461e-06,
  "BdotN": 0.0010634857622007238,
  "coil_coil_distance": 0.16710881624123622,
  "coil_surface_distance": 0.22466058212591292,
  "message": "STOP: TOTAL NO. of ITERATIONS REACHED LIMIT",
  "success": false,
  "iterations": 400,
  "function_evaluations": 428,
  "coil_currents": [
    100000.0,
    28843.21922774375,
    41692.53345198364,
    45462.45665420246
  ],
  "UUID": "4cde0fc9fe8a460fa2fdcf7584ce0254",
  "eval_time": 3055.2906224079998
}