{
  "nfp": 2,
  "ncoils": 4,
  "order": 6,
  "nphi": 32,
  "ntheta": 32,
  "R0": 1.0,
  "R1": 0.7222831845126836,
  "UUID_init": null,
  "length_target": 5.60669222191878,
  "length_weight": 0.004930791240260404,
  "max_\u03ba_threshold": 10.840935744271903,
  "max_\u03ba_weight": 6.544826609375848e-09,
  "msc_threshold": 4.102455619516635,
  "msc_weight": 0.0005079850369099994,
  "cc_threshold": 0.08804393196640467,
  "cc_weight": 2665.6155824987227,
  "cs_threshold": 0.292176630376816,
  "cs_weight": 4249.038357186174,
  "force_threshold": 11287.855995042084,
  "force_weight": 1.3917956024103235e-11,
  "arclength_weight": 0.01,
  "JF": 1.1107289625268977e-05,
  "Jf": 1.0753431085932134e-05,
  "gradient_norm": 0.00020509899540337403,
  "linking_number": 3.1849932894042255e-05,
  "lengths": [
    5.610208154562454,
    5.039713613548034,
    4.603848509895739,
    4.593079288025883
  ],
  "max_length": 5.610208154562454,
  "max_\u03ba": [
    2.5464713461373156,
    2.5749307113240905,
    3.1563188773957385,
    3.09231245405924
  ],
  "max_max_\u03ba": 3.1563188773957385,
  "MSCs": [
    2.3251702447836946,
    3.3443935897686736,
    4.104282955937342,
    3.8305982689172544
  ],
  "max_MSC": 4.104282955937342,
  "max_forces": [
    11310.511185274816,
    480.2447220547344,
    5279.45893730503,
    4908.924417884518
  ],
  "max_max_force": 11310.511185274816,
  "arclength_variances": [
    1.775014086414302e-05,
    5.302043817949431e-06,
    3.0090074916127196e-06,
    3.4886432714327024e-06
  ],
  "max_arclength_variance": 1.775014086414302e-05,
  "BdotN": 0.0012080188064547807,
  "coil_coil_distance": 0.08814253017240115,
  "coil_surface_distance": 0.2921667199246988,
  "message": "STOP: TOTAL NO. of ITERATIONS REACHED LIMIT",
  "success": false,
  "iterations": 400,
  "function_evaluations": 514,
  "coil_currents": [
    100000.0,
    3457.6633161763425,
    37282.903633596754,
    43099.261844811685
  ],
  "UUID": "4923e0f1cb9b48b682266ab23a433d01",
  "eval_time": 1269.0623144719993
}