{
  "nfp": 2,
  "ncoils": 4,
  "order": 7,
  "nphi": 32,
  "ntheta": 32,
  "R0": 1.0,
  "R1": 0.4614491080744879,
  "UUID_init": null,
  "length_target": 5.317564295025125,
  "length_weight": 0.0012786952514982925,
  "max_\u03ba_threshold": 8.560552359058958,
  "max_\u03ba_weight": 2.65583809893697e-08,
  "msc_threshold": 4.064803141269114,
  "msc_weight": 0.0005679777705587421,
  "cc_threshold": 0.09695175938213285,
  "cc_weight": 3325.731485690262,
  "cs_threshold": 0.2590117828081774,
  "cs_weight": 2.6665490244356054,
  "force_threshold": 4863.598784485279,
  "force_weight": 1.511936344927877e-14,
  "arclength_weight": 0.01,
  "JF": 5.4170434039214805e-05,
  "Jf": 3.0478292364526518e-05,
  "gradient_norm": 0.0007355913749494807,
  "linking_number": 8.653188539256134e-06,
  "lengths": [
    5.343489893894739,
    5.323396626326364,
    4.781640853828063,
    4.270523787042543
  ],
  "max_length": 5.343489893894739,
  "max_\u03ba": [
    2.2516785750774893,
    3.0338871940758745,
    3.053489255814608,
    3.376344902041356
  ],
  "max_max_\u03ba": 3.376344902041356,
  "MSCs": [
    2.4147012575015125,
    3.832909990911622,
    4.080177030067845,
    4.057828281389455
  ],
  "max_MSC": 4.080177030067845,
  "max_forces": [
    9331.53811954918,
    1388.3620636636542,
    2220.755134797325,
    2833.6499592114005
  ],
  "max_max_force": 9331.53811954918,
  "arclength_variances": [
    1.3625756206056005e-05,
    5.268593675110838e-06,
    7.861949086110448e-06,
    2.577496290077106e-06
  ],
  "max_arclength_variance": 1.3625756206056005e-05,
  "BdotN": 0.002012548343003932,
  "coil_coil_distance": 0.0973294630573667,
  "coil_surface_distance": 0.25489788080871,
  "message": "STOP: TOTAL NO. of ITERATIONS REACHED LIMIT",
  "success": false,
  "iterations": 400,
  "function_evaluations": 609,
  "coil_currents": [
    100000.0,
    -11306.589618459957,
    21529.882080976207,
    27773.324939331575
  ],
  "UUID": "58abfa37df544758bc5463be5a98fa83",
  "eval_time": 1558.0921275500004
}