{
  "nfp": 2,
  "ncoils": 4,
  "order": 7,
  "nphi": 32,
  "ntheta": 32,
  "R0": 1.0,
  "R1": 0.3930379226708187,
  "UUID_init": null,
  "length_target": 5.288936858007235,
  "length_weight": 0.00124985033359348,
  "max_\u03ba_threshold": 7.4844995819857205,
  "max_\u03ba_weight": 1.3981477673211729e-09,
  "msc_threshold": 4.051322488654752,
  "msc_weight": 5.108231339545826e-06,
  "cc_threshold": 0.11418102395310288,
  "cc_weight": 33155.601226538514,
  "cs_threshold": 0.2510840545318994,
  "cs_weight": 7238.065057896154,
  "force_threshold": 45799.5666275957,
  "force_weight": 3.696860915014318e-11,
  "arclength_weight": 0.01,
  "JF": 5.108334956744525e-06,
  "Jf": 3.977108870245044e-06,
  "gradient_norm": 0.0009793408749515379,
  "linking_number": 4.00000091923856,
  "lengths": [
    5.202586447577566,
    4.753816731993643,
    5.031444162141065,
    4.497381889368729
  ],
  "max_length": 5.202586447577566,
  "max_\u03ba": [
    3.6201656843814716,
    3.298731352462202,
    3.443006396695811,
    3.2535752942209184
  ],
  "max_max_\u03ba": 3.6201656843814716,
  "MSCs": [
    4.16201887284188,
    3.923853675148152,
    4.3784176601053755,
    4.227543695706085
  ],
  "max_MSC": 4.3784176601053755,
  "max_forces": [
    40390.20532646211,
    26549.524871769558,
    36569.81447595888,
    24321.708586004475
  ],
  "max_max_force": 40390.20532646211,
  "arclength_variances": [
    2.7917280253375276e-05,
    1.6294224535091228e-05,
    1.6349297472051554e-05,
    1.4173740453577577e-05
  ],
  "max_arclength_variance": 2.7917280253375276e-05,
  "BdotN": 0.0008148653552757226,
  "coil_coil_distance": 0.11425204335943641,
  "coil_surface_distance": 0.29180968023046683,
  "message": "STOP: TOTAL NO. of ITERATIONS REACHED LIMIT",
  "success": false,
  "iterations": 400,
  "function_evaluations": 769,
  "coil_currents": [
    100000.0,
    83667.5314214405,
    86567.05764379674,
    88511.65841912075
  ],
  "UUID": "807f9551f400496fb52bf222655b6650",
  "eval_time": 2587.1062059329997
}