{
  "nfp": 2,
  "ncoils": 4,
  "order": 14,
  "nphi": 32,
  "ntheta": 32,
  "R0": 1.0,
  "R1": 0.43119000701717597,
  "UUID_init": null,
  "length_target": 4.524578383658649,
  "length_weight": 0.001629421930353127,
  "max_\u03ba_threshold": 5.660863114540311,
  "max_\u03ba_weight": 2.569794037201238e-09,
  "msc_threshold": 5.398181824753033,
  "msc_weight": 0.00043975760872744626,
  "cc_threshold": 0.11110465031912609,
  "cc_weight": 585.9196190788713,
  "cs_threshold": 0.2716886641939168,
  "cs_weight": 159.15771085665716,
  "force_threshold": 23981.391789257796,
  "force_weight": 7.917893694502457e-12,
  "arclength_weight": 0.01,
  "JF": 2.7213060337887205e-06,
  "Jf": 2.66015606260509e-06,
  "gradient_norm": 0.000816539038451174,
  "linking_number": 1.1521064951275112e-14,
  "lengths": [
    4.529470981942223,
    4.197949188505861,
    4.008812710471002,
    3.9124171791438114
  ],
  "max_length": 4.529470981942223,
  "max_\u03ba": [
    4.450633310676996,
    4.449853115521601,
    3.99440376848589,
    3.7582431042665836
  ],
  "max_max_\u03ba": 4.450633310676996,
  "MSCs": [
    4.531955661795905,
    5.0149387129553755,
    5.099966601472829,
    5.339108460678216
  ],
  "max_MSC": 5.339108460678216,
  "max_forces": [
    23975.742759797187,
    23955.017395317493,
    22216.85168408612,
    19295.681175432386
  ],
  "max_max_force": 23975.742759797187,
  "arclength_variances": [
    6.24652957258123e-07,
    9.61906594526593e-07,
    1.3085256289254577e-06,
    1.1262920444312233e-06
  ],
  "max_arclength_variance": 1.3085256289254577e-06,
  "BdotN": 0.0006101656291845352,
  "coil_coil_distance": 0.14113114115460562,
  "coil_surface_distance": 0.27153419422976843,
  "message": "STOP: TOTAL NO. of ITERATIONS REACHED LIMIT",
  "success": false,
  "iterations": 400,
  "function_evaluations": 430,
  "coil_currents": [
    100000.0,
    88299.74151880183,
    89426.17632696709,
    89011.24985414965
  ],
  "UUID": "af41a68639114e49b08b936fea63aa23",
  "eval_time": 98.19917787400004
}