{
  "nfp": 2,
  "ncoils": 4,
  "order": 9,
  "nphi": 32,
  "ntheta": 32,
  "R0": 1.0,
  "R1": 0.7361413909116818,
  "UUID_init": null,
  "length_target": 4.902892124021477,
  "length_weight": 0.00023185563072782101,
  "max_\u03ba_threshold": 5.587501188281152,
  "max_\u03ba_weight": 5.703357152756128e-07,
  "msc_threshold": 4.278867965916061,
  "msc_weight": 0.0001053559385025763,
  "cc_threshold": 0.11537458469615361,
  "cc_weight": 2062.3676140286557,
  "cs_threshold": 0.24387088802249335,
  "cs_weight": 2.38267840066299,
  "force_threshold": 42638.75155837652,
  "force_weight": 1.8181528177697093e-12,
  "arclength_weight": 0.01,
  "JF": 6.795381654101815e-07,
  "Jf": 6.523301627884724e-07,
  "gradient_norm": 0.00018586452775378416,
  "linking_number": 1.3511390988852594e-09,
  "lengths": [
    4.906495139387745,
    4.866297979582631,
    4.903159136917626,
    4.804086811475759
  ],
  "max_length": 4.906495139387745,
  "max_\u03ba": [
    3.312192611252599,
    3.659547752066449,
    3.685176523404753,
    2.967992531304606
  ],
  "max_max_\u03ba": 3.685176523404753,
  "MSCs": [
    3.812419715143327,
    4.280797242573172,
    4.2777352915861115,
    3.666047060112663
  ],
  "max_MSC": 4.280797242573172,
  "max_forces": [
    27378.260347071744,
    25948.53514852091,
    22044.272840500464,
    20110.855727913804
  ],
  "max_max_force": 27378.260347071744,
  "arclength_variances": [
    1.9646700724585537e-07,
    1.010197080600815e-06,
    9.167520632536124e-07,
    4.2645604135189413e-07
  ],
  "max_arclength_variance": 1.010197080600815e-06,
  "BdotN": 0.00029266727500358775,
  "coil_coil_distance": 0.12018872502532185,
  "coil_surface_distance": 0.2752495326841706,
  "message": "STOP: TOTAL NO. of ITERATIONS REACHED LIMIT",
  "success": false,
  "iterations": 400,
  "function_evaluations": 423,
  "coil_currents": [
    100000.0,
    84312.21501216461,
    87865.48948874908,
    89049.46658793387
  ],
  "UUID": "d83e2c27d02a4b23813a4d385d6bcc8f",
  "eval_time": 2632.3853004049997
}