{
  "nfp": 2,
  "ncoils": 4,
  "order": 8,
  "nphi": 32,
  "ntheta": 32,
  "R0": 1.0,
  "R1": 0.41436119068993466,
  "UUID_init": null,
  "length_target": 4.781098441536381,
  "length_weight": 0.0010008695636693184,
  "max_\u03ba_threshold": 6.642032891910791,
  "max_\u03ba_weight": 4.213831455382945e-07,
  "msc_threshold": 5.918807874421383,
  "msc_weight": 0.00018414730381861936,
  "cc_threshold": 0.1049332028966245,
  "cc_weight": 5825.391654840531,
  "cs_threshold": 0.19242842877613936,
  "cs_weight": 702.1369056243084,
  "force_threshold": 11621.595586582107,
  "force_weight": 1.5169657869530496e-11,
  "arclength_weight": 0.01,
  "JF": 7.2007846616832895e-06,
  "Jf": 7.0401934841842115e-06,
  "gradient_norm": 8.216666734519435e-05,
  "linking_number": 7.776560611812915e-15,
  "lengths": [
    4.796062899266361,
    3.530498392874703,
    3.498236201350298,
    3.4257850724220087
  ],
  "max_length": 4.796062899266361,
  "max_\u03ba": [
    2.921415794805688,
    4.234147597493791,
    3.7225631556151586,
    3.5655126452824955
  ],
  "max_max_\u03ba": 4.234147597493791,
  "MSCs": [
    3.1144907209713506,
    5.9231059688803835,
    5.909984873017463,
    5.70045573477126
  ],
  "max_MSC": 5.9231059688803835,
  "max_forces": [
    11632.122851193017,
    6719.9033642972545,
    6247.3879782902295,
    5910.113865519767
  ],
  "max_max_force": 11632.122851193017,
  "arclength_variances": [
    6.378040689393244e-07,
    2.3650636815067323e-06,
    1.9008464881032137e-07,
    3.2616803650693274e-07
  ],
  "max_arclength_variance": 2.3650636815067323e-06,
  "BdotN": 0.0010064074751126887,
  "coil_coil_distance": 0.18524122845962068,
  "coil_surface_distance": 0.20061324479928666,
  "message": "STOP: TOTAL NO. of ITERATIONS REACHED LIMIT",
  "success": false,
  "iterations": 400,
  "function_evaluations": 420,
  "coil_currents": [
    100000.0,
    34433.57400478483,
    44233.44278491448,
    48143.976294481196
  ],
  "UUID": "1564e0ef49e04a7bb8d89ed4b91d4b21",
  "eval_time": 1593.320567531
}