{
  "nfp": 2,
  "ncoils": 4,
  "order": 5,
  "nphi": 32,
  "ntheta": 32,
  "R0": 1.0,
  "R1": 0.6314663379225975,
  "UUID_init": null,
  "length_target": 5.061199541960551,
  "length_weight": 0.0003982719812028359,
  "max_\u03ba_threshold": 5.968205850209562,
  "max_\u03ba_weight": 2.5079960391832443e-08,
  "msc_threshold": 5.4764483556343375,
  "msc_weight": 0.0002340012488630043,
  "cc_threshold": 0.08381650598563004,
  "cc_weight": 5225.778412617989,
  "cs_threshold": 0.2017762866705622,
  "cs_weight": 697.8416320055237,
  "force_threshold": 41291.40264743329,
  "force_weight": 8.65237608362744e-10,
  "arclength_weight": 0.01,
  "JF": 6.906118881261203e-07,
  "Jf": 6.010940778589155e-07,
  "gradient_norm": 5.496218406424182e-05,
  "linking_number": 0.0005026216286175623,
  "lengths": [
    5.063984552794701,
    4.897556728365148,
    4.987897593372233,
    4.794288188359812
  ],
  "max_length": 5.063984552794701,
  "max_\u03ba": [
    2.6228159072940316,
    2.5440414139474896,
    2.571961880547481,
    2.398206194108478
  ],
  "max_max_\u03ba": 2.6228159072940316,
  "MSCs": [
    3.0367996150451693,
    3.219070136675478,
    3.409757895674599,
    3.3449685703089256
  ],
  "max_MSC": 3.409757895674599,
  "max_forces": [
    39437.75657581223,
    30989.814319082343,
    30073.912482690106,
    25392.63167564266
  ],
  "max_max_force": 39437.75657581223,
  "arclength_variances": [
    1.44857500935817e-06,
    1.458667674357503e-06,
    5.703260234491658e-06,
    1.8682255193023436e-07
  ],
  "max_arclength_variance": 5.703260234491658e-06,
  "BdotN": 0.00031321981128617674,
  "coil_coil_distance": 0.0838329615966504,
  "coil_surface_distance": 0.3208806114738176,
  "message": "STOP: TOTAL NO. of ITERATIONS REACHED LIMIT",
  "success": false,
  "iterations": 400,
  "function_evaluations": 473,
  "coil_currents": [
    100000.0,
    85596.41056253012,
    88795.21637525652,
    92076.75624396211
  ],
  "UUID": "5ef6045637684700992d44e161315c8e",
  "eval_time": 1657.4441532830006
}