{
  "nfp": 2,
  "ncoils": 4,
  "order": 6,
  "nphi": 32,
  "ntheta": 32,
  "R0": 1.0,
  "R1": 0.6377078393550759,
  "UUID_init": null,
  "length_target": 5.769302891437777,
  "length_weight": 0.0015244948474876729,
  "max_\u03ba_threshold": 5.337187935003049,
  "max_\u03ba_weight": 3.4903063045084007e-07,
  "msc_threshold": 4.014305990057358,
  "msc_weight": 0.00019662513871965932,
  "cc_threshold": 0.1063841306987702,
  "cc_weight": 4935.561940770398,
  "cs_threshold": 0.27578609919618513,
  "cs_weight": 1506.6501743270271,
  "force_threshold": 18738.680001830482,
  "force_weight": 2.9242648764494936e-13,
  "arclength_weight": 0.01,
  "JF": 3.7515239269346547e-07,
  "Jf": 3.599202248233789e-07,
  "gradient_norm": 4.394906409225602e-05,
  "linking_number": 3.9540277355912513e-07,
  "lengths": [
    5.769658713260517,
    4.836428306977594,
    4.637944953928787,
    4.542590487890151
  ],
  "max_length": 5.769658713260517,
  "max_\u03ba": [
    2.6474016110880543,
    3.0548844920746183,
    2.74772766824608,
    2.7180553628803494
  ],
  "max_max_\u03ba": 3.0548844920746183,
  "MSCs": [
    2.492217048236397,
    3.670350777019139,
    3.701429125187951,
    3.6166132818339496
  ],
  "max_MSC": 3.701429125187951,
  "max_forces": [
    18774.742551033898,
    12377.994973131423,
    11755.728470393258,
    11099.235364039401
  ],
  "max_max_force": 18774.742551033898,
  "arclength_variances": [
    1.5980947824753824e-07,
    1.0245682846554648e-06,
    8.842989442147723e-08,
    1.2968222867660138e-07
  ],
  "max_arclength_variance": 1.0245682846554648e-06,
  "BdotN": 0.0002404860932177665,
  "coil_coil_distance": 0.1492882651506941,
  "coil_surface_distance": 0.2757835463629058,
  "message": "STOP: TOTAL NO. of ITERATIONS REACHED LIMIT",
  "success": false,
  "iterations": 400,
  "function_evaluations": 455,
  "coil_currents": [
    100000.0,
    54747.14326312924,
    61388.45944836057,
    65502.42126284484
  ],
  "UUID": "bca1f2f1ee154327b404c0ebd05c5c66",
  "eval_time": 1387.602443444
}