{
  "nfp": 2,
  "ncoils": 4,
  "order": 7,
  "nphi": 32,
  "ntheta": 32,
  "R0": 1.0,
  "R1": 0.47422251914287183,
  "UUID_init": null,
  "length_target": 5.074738222702916,
  "length_weight": 0.0007270989122928024,
  "max_\u03ba_threshold": 11.842417037638926,
  "max_\u03ba_weight": 4.847176474956123e-09,
  "msc_threshold": 5.480156175073347,
  "msc_weight": 2.2538653963319153e-06,
  "cc_threshold": 0.10717556567532162,
  "cc_weight": 191.39018392966864,
  "cs_threshold": 0.17486499699756897,
  "cs_weight": 1.0386433245118631,
  "force_threshold": 33919.239114706514,
  "force_weight": 5.933493929629905e-13,
  "arclength_weight": 0.01,
  "JF": 1.0071769605242856e-06,
  "Jf": 9.526390847594267e-07,
  "gradient_norm": 3.5554016851271625e-05,
  "linking_number": 2.6937072575623986e-06,
  "lengths": [
    5.076675798055849,
    4.785360643081963,
    4.514461905505205,
    4.414533852973994
  ],
  "max_length": 5.076675798055849,
  "max_\u03ba": [
    3.169959342257303,
    3.7929182730744273,
    2.9973818081679067,
    2.8708784522635638
  ],
  "max_max_\u03ba": 3.7929182730744273,
  "MSCs": [
    4.0821307725392995,
    4.643562475977572,
    4.002862304195294,
    3.896554747490387
  ],
  "max_MSC": 4.643562475977572,
  "max_forces": [
    33937.369637296055,
    30675.64094072819,
    24283.029292257168,
    20734.399552996354
  ],
  "max_max_force": 33937.369637296055,
  "arclength_variances": [
    1.6811915801046537e-06,
    2.780076600049424e-06,
    1.1567734468129388e-07,
    6.652417370553758e-07
  ],
  "max_arclength_variance": 2.780076600049424e-06,
  "BdotN": 0.00034758115622162225,
  "coil_coil_distance": 0.10715317639103221,
  "coil_surface_distance": 0.26948515637716286,
  "message": "STOP: TOTAL NO. of ITERATIONS REACHED LIMIT",
  "success": false,
  "iterations": 400,
  "function_evaluations": 434,
  "coil_currents": [
    100000.0,
    84812.9135365075,
    87833.46009479833,
    90339.11891511951
  ],
  "UUID": "5bcc64b3931543ff834adb4340a689c4",
  "eval_time": 3433.278223927002
}