{
  "nfp": 2,
  "ncoils": 4,
  "order": 13,
  "nphi": 32,
  "ntheta": 32,
  "R0": 1.0,
  "R1": 0.5216780551404818,
  "UUID_init": null,
  "length_target": 4.743794317077193,
  "length_weight": 0.0015888367973162008,
  "max_\u03ba_threshold": 7.534515307938493,
  "max_\u03ba_weight": 4.209582713099868e-06,
  "msc_threshold": 4.261164791292687,
  "msc_weight": 1.8931729790351377e-06,
  "cc_threshold": 0.09033790688078368,
  "cc_weight": 2653.236030684914,
  "cs_threshold": 0.2876926721335215,
  "cs_weight": 8159.443770872033,
  "force_threshold": 15326.070298864008,
  "force_weight": 6.861879677859402e-10,
  "arclength_weight": 0.01,
  "JF": 0.01555400236284251,
  "Jf": 0.0032755293940299993,
  "gradient_norm": 18.984380863858274,
  "linking_number": 8.562508899335195e-08,
  "lengths": [
    5.945030212980182,
    4.526406639539759,
    3.8103191646282633,
    3.483722365308814
  ],
  "max_length": 5.945030212980182,
  "max_\u03ba": [
    25.121029364281085,
    18.32798994436438,
    10.52986438913733,
    6.958976557601354
  ],
  "max_max_\u03ba": 25.121029364281085,
  "MSCs": [
    19.966220365846613,
    32.45776207641307,
    18.824264610540165,
    7.8932045356849
  ],
  "max_MSC": 32.45776207641307,
  "max_forces": [
    15396.10538843307,
    15267.181183716366,
    14602.428967726155,
    14182.838504893845
  ],
  "max_max_force": 15396.10538843307,
  "arclength_variances": [
    0.7008084993186102,
    0.2595535973076536,
    0.01571805901677097,
    0.007197216467710391
  ],
  "max_arclength_variance": 0.7008084993186102,
  "BdotN": 0.02495598451296968,
  "coil_coil_distance": 0.08760727493433561,
  "coil_surface_distance": 0.2857284113215385,
  "message": "STOP: TOTAL NO. of ITERATIONS REACHED LIMIT",
  "success": false,
  "iterations": 400,
  "function_evaluations": 488,
  "coil_currents": [
    100000.0,
    66841.94975265197,
    73558.06912481898,
    73167.15643693996
  ],
  "UUID": "f2a4ec87a3854a39803d73dae26b3856",
  "eval_time": 110.71837174500001
}