{
  "nfp": 2,
  "ncoils": 4,
  "order": 5,
  "nphi": 32,
  "ntheta": 32,
  "R0": 1.0,
  "R1": 0.5901616467956305,
  "UUID_init": null,
  "length_target": 4.702777804963802,
  "length_weight": 0.0021720791503063593,
  "max_\u03ba_threshold": 9.870934210152857,
  "max_\u03ba_weight": 1.5232232585546248e-07,
  "msc_threshold": 5.91493713919765,
  "msc_weight": 5.316709427410298e-07,
  "cc_threshold": 0.10274601947043313,
  "cc_weight": 4140.619776172459,
  "cs_threshold": 0.2958791281687121,
  "cs_weight": 0.14784301121061155,
  "force_threshold": 1572.2531922047478,
  "force_weight": 9.795564127595843e-14,
  "arclength_weight": 0.01,
  "JF": 0.0001842362341767593,
  "Jf": 0.00012638861863632783,
  "gradient_norm": 0.0013031794827322103,
  "linking_number": 2.4806185796223126e-05,
  "lengths": [
    3.9310782798971045,
    4.7696210825525345,
    3.7267775823883595,
    3.6551454587521026
  ],
  "max_length": 4.7696210825525345,
  "max_\u03ba": [
    2.6374454569504984,
    2.0187533498290104,
    3.2395203532533587,
    3.1455270666798043
  ],
  "max_max_\u03ba": 3.2395203532533587,
  "MSCs": [
    3.602973138729474,
    2.086675158511628,
    5.375688606396171,
    5.322202124899295
  ],
  "max_MSC": 5.375688606396171,
  "max_forces": [
    3708.7078808862752,
    3493.600815648912,
    652.5816993082055,
    1817.653271031095
  ],
  "max_max_force": 3708.7078808862752,
  "arclength_variances": [
    3.803903963293359e-05,
    2.3284094542923928e-05,
    5.1400277421089575e-05,
    1.5644637318446977e-05
  ],
  "max_arclength_variance": 5.1400277421089575e-05,
  "BdotN": 0.0037459612222096998,
  "coil_coil_distance": 0.10300007628852595,
  "coil_surface_distance": 0.2754456523159838,
  "message": "STOP: TOTAL NO. of ITERATIONS REACHED LIMIT",
  "success": false,
  "iterations": 400,
  "function_evaluations": 572,
  "coil_currents": [
    100000.0,
    -31614.903812112334,
    11412.712558874922,
    28599.29162141774
  ],
  "UUID": "ed27fe2543cd41d1a4ce5a70c0d7f236",
  "eval_time": 1074.963390043
}