{
  "nfp": 2,
  "ncoils": 4,
  "order": 10,
  "nphi": 32,
  "ntheta": 32,
  "R0": 1.0,
  "R1": 0.39305844977101323,
  "UUID_init": null,
  "length_target": 4.868702301862348,
  "length_weight": 0.006585460526576386,
  "max_\u03ba_threshold": 6.291682894771345,
  "max_\u03ba_weight": 4.4645571430537725e-07,
  "msc_threshold": 5.921748466821347,
  "msc_weight": 6.406142279688079e-06,
  "cc_threshold": 0.09984103168491526,
  "cc_weight": 3334.77457963756,
  "cs_threshold": 0.1757030934631992,
  "cs_weight": 415.67040500018214,
  "force_threshold": 47121.73661297354,
  "force_weight": 2.16620179595896e-11,
  "arclength_weight": 0.01,
  "JF": 6.54131015335694e-07,
  "Jf": 6.414451086253367e-07,
  "gradient_norm": 5.179208114077093e-05,
  "linking_number": 2.7805614142517035e-10,
  "lengths": [
    4.868919932296974,
    4.56537962516061,
    4.458810195216681,
    4.4475331074700115
  ],
  "max_length": 4.868919932296974,
  "max_\u03ba": [
    2.9943761745682536,
    3.54530934266076,
    4.682723428345536,
    4.208743253956927
  ],
  "max_max_\u03ba": 4.682723428345536,
  "MSCs": [
    3.9651613948711706,
    4.285698486930076,
    5.007417049120799,
    5.214794409730066
  ],
  "max_MSC": 5.214794409730066,
  "max_forces": [
    32202.4500079333,
    26971.226219030625,
    23701.146600097854,
    27324.780577190137
  ],
  "max_max_force": 32202.4500079333,
  "arclength_variances": [
    6.521086488684923e-07,
    2.7202486439013325e-07,
    1.5224274963404655e-07,
    1.7661904779661346e-07
  ],
  "max_arclength_variance": 6.521086488684923e-07,
  "BdotN": 0.00032115205343966383,
  "coil_coil_distance": 0.10796187155903744,
  "coil_surface_distance": 0.29225398768248545,
  "message": "STOP: TOTAL NO. of ITERATIONS REACHED LIMIT",
  "success": false,
  "iterations": 400,
  "function_evaluations": 452,
  "coil_currents": [
    100000.0,
    85162.69068649119,
    89233.98050520514,
    90370.4706819164
  ],
  "UUID": "152b021d788d481990d041ad2fa63b23",
  "eval_time": 2711.7910875159996
}