{
  "nfp": 2,
  "ncoils": 4,
  "order": 5,
  "nphi": 32,
  "ntheta": 32,
  "R0": 1.0,
  "R1": 0.4828809030773621,
  "UUID_init": null,
  "length_target": 4.504728522325278,
  "length_weight": 0.001259033579173123,
  "max_\u03ba_threshold": 6.519148909667008,
  "max_\u03ba_weight": 1.796775914739888e-08,
  "msc_threshold": 5.40232561998969,
  "msc_weight": 0.00043611487084313245,
  "cc_threshold": 0.11796732218703782,
  "cc_weight": 1380.0005138273414,
  "cs_threshold": 0.20603586208506786,
  "cs_weight": 838.85055613588,
  "force_threshold": 35251.60536745044,
  "force_weight": 1.6652336899394343e-12,
  "arclength_weight": 0.01,
  "JF": 1.1544251078644488e-06,
  "Jf": 1.131935842730842e-06,
  "gradient_norm": 1.955925921481391e-05,
  "linking_number": 3.442514261067148e-06,
  "lengths": [
    4.506772680311207,
    4.426161244504177,
    4.505103091570307,
    4.458886801452455
  ],
  "max_length": 4.506772680311207,
  "max_\u03ba": [
    2.7519387729285625,
    3.0255051408395643,
    2.8712332432966376,
    2.662656126410812
  ],
  "max_max_\u03ba": 3.0255051408395643,
  "MSCs": [
    3.433329069896361,
    4.065922634668012,
    3.7145121696188244,
    3.6931734825003693
  ],
  "max_MSC": 4.065922634668012,
  "max_forces": [
    29214.42653889284,
    25764.465112649974,
    25426.587243432976,
    22544.254911158223
  ],
  "max_max_force": 29214.42653889284,
  "arclength_variances": [
    1.339843707226865e-06,
    1.4619137757226534e-07,
    1.3283042082618423e-07,
    3.5818000928946687e-07
  ],
  "max_arclength_variance": 1.339843707226865e-06,
  "BdotN": 0.0004181461703601056,
  "coil_coil_distance": 0.1180059728729955,
  "coil_surface_distance": 0.28420257139739646,
  "message": "STOP: TOTAL NO. of ITERATIONS REACHED LIMIT",
  "success": false,
  "iterations": 400,
  "function_evaluations": 458,
  "coil_currents": [
    100000.0,
    84802.56473347607,
    95439.34239228975,
    96972.15272842388
  ],
  "UUID": "145a35ac16cc429cb616b1ad19cbb51f",
  "eval_time": 1173.2675076180003
}