{
  "nfp": 2,
  "ncoils": 4,
  "order": 9,
  "nphi": 32,
  "ntheta": 32,
  "R0": 1.0,
  "R1": 0.3611806489677155,
  "UUID_init": null,
  "length_target": 4.845436588814417,
  "length_weight": 0.007317172138959429,
  "max_\u03ba_threshold": 6.232374043724642,
  "max_\u03ba_weight": 5.195585279581767e-06,
  "msc_threshold": 5.596629607362474,
  "msc_weight": 1.9711377729643928e-05,
  "cc_threshold": 0.09846145285298775,
  "cc_weight": 2779.1137084540096,
  "cs_threshold": 0.26256574578335734,
  "cs_weight": 23.22263520415662,
  "force_threshold": 26034.020296846837,
  "force_weight": 2.5474377106268566e-11,
  "arclength_weight": 0.01,
  "JF": 2.357020806260167e-06,
  "Jf": 2.279963765615073e-06,
  "gradient_norm": 0.00011142935597945144,
  "linking_number": 7.618998461026766e-08,
  "lengths": [
    4.846125809840955,
    4.73129404239692,
    4.501464438258124,
    4.339181886330535
  ],
  "max_length": 4.846125809840955,
  "max_\u03ba": [
    3.641324851668184,
    4.165438914600518,
    3.6298244246086284,
    4.262056180617832
  ],
  "max_max_\u03ba": 4.262056180617832,
  "MSCs": [
    4.6883970001041835,
    5.348597440247256,
    4.542790109020609,
    5.320670129786576
  ],
  "max_MSC": 5.348597440247256,
  "max_forces": [
    26003.495198243607,
    26031.724876974553,
    24198.793561565508,
    20833.33111706295
  ],
  "max_max_force": 26031.724876974553,
  "arclength_variances": [
    3.7775577806328173e-06,
    3.7336833712515083e-07,
    2.878092596417678e-07,
    3.0931764742599047e-06
  ],
  "max_arclength_variance": 3.7775577806328173e-06,
  "BdotN": 0.0005401701318579108,
  "coil_coil_distance": 0.09846499396597269,
  "coil_surface_distance": 0.26395966119576303,
  "message": "STOP: TOTAL NO. of ITERATIONS REACHED LIMIT",
  "success": false,
  "iterations": 400,
  "function_evaluations": 434,
  "coil_currents": [
    100000.0,
    74598.53202435446,
    83384.2154793667,
    80896.20865202766
  ],
  "UUID": "ed63d41e905f44fea93ced53663c02db",
  "eval_time": 2007.7575406999995
}