{
  "nfp": 2,
  "ncoils": 4,
  "order": 7,
  "nphi": 32,
  "ntheta": 32,
  "R0": 1.0,
  "R1": 0.6126695333983379,
  "UUID_init": null,
  "length_target": 4.585928969129585,
  "length_weight": 0.000376198988386302,
  "max_\u03ba_threshold": 8.761394162324981,
  "max_\u03ba_weight": 3.8849133267010166e-07,
  "msc_threshold": 5.57971811921013,
  "msc_weight": 9.296990145928268e-07,
  "cc_threshold": 0.1090848259462088,
  "cc_weight": 10038.021396216242,
  "cs_threshold": 0.2844029319465741,
  "cs_weight": 232.7950932882532,
  "force_threshold": 6245.53384811416,
  "force_weight": 2.3151626076321325e-11,
  "arclength_weight": 0.01,
  "JF": 0.00010870917526755643,
  "Jf": 8.854145272754564e-05,
  "gradient_norm": 0.0011134033430812759,
  "linking_number": 3.639337157027348e-06,
  "lengths": [
    4.7500924022457145,
    4.7601931766015655,
    4.6173465968318315,
    4.366633700190949
  ],
  "max_length": 4.7601931766015655,
  "max_\u03ba": [
    2.8120714356681664,
    6.163816903619252,
    5.01772449141412,
    3.6800576045142304
  ],
  "max_max_\u03ba": 6.163816903619252,
  "MSCs": [
    2.7251071887178724,
    9.321276372279277,
    6.9683006912778485,
    5.965684048170208
  ],
  "max_MSC": 9.321276372279277,
  "max_forces": [
    6282.198200306733,
    5429.314163309377,
    298.00463669210694,
    806.9118802447664
  ],
  "max_max_force": 6282.198200306733,
  "arclength_variances": [
    2.7266999967209683e-05,
    8.39259465650407e-05,
    8.101300792529667e-06,
    1.2163975947835688e-05
  ],
  "max_arclength_variance": 8.39259465650407e-05,
  "BdotN": 0.0036906589571867937,
  "coil_coil_distance": 0.10917416870922639,
  "coil_surface_distance": 0.2838778127325155,
  "message": "STOP: TOTAL NO. of ITERATIONS REACHED LIMIT",
  "success": false,
  "iterations": 400,
  "function_evaluations": 575,
  "coil_currents": [
    100000.0,
    -37169.478189524954,
    4845.528278081938,
    16498.818077781387
  ],
  "UUID": "c4e36df29a3748cb82551afe7b9f7807",
  "eval_time": 1332.486093742
}