{
  "nfp": 2,
  "ncoils": 4,
  "order": 7,
  "nphi": 32,
  "ntheta": 32,
  "R0": 1.0,
  "R1": 0.379477948704416,
  "UUID_init": null,
  "length_target": 4.913522207690647,
  "length_weight": 0.008899808803344735,
  "max_\u03ba_threshold": 5.217099693841952,
  "max_\u03ba_weight": 9.508962629865586e-06,
  "msc_threshold": 5.709235141105396,
  "msc_weight": 0.0008419001904774932,
  "cc_threshold": 0.09829504980995869,
  "cc_weight": 516.8011617698418,
  "cs_threshold": 0.1901895017775525,
  "cs_weight": 5185.370053062569,
  "force_threshold": 9385.172316250973,
  "force_weight": 2.85524663248601e-12,
  "arclength_weight": 0.01,
  "JF": 0.003754377858636394,
  "Jf": 0.0004880803706105713,
  "gradient_norm": 0.006682152894820482,
  "linking_number": 4.00000717310117,
  "lengths": [
    3.7177088548893695,
    4.781526778568954,
    3.3135267749462365,
    4.887008078874148
  ],
  "max_length": 4.887008078874148,
  "max_\u03ba": [
    4.6589374300043325,
    3.476539648210752,
    3.6498001630033596,
    3.6382565139508785
  ],
  "max_max_\u03ba": 4.6589374300043325,
  "MSCs": [
    6.043009798811276,
    5.716420844000772,
    5.644675691051166,
    5.6888387844012245
  ],
  "max_MSC": 6.043009798811276,
  "max_forces": [
    11042.576157792142,
    8190.419192584676,
    17.363311961969977,
    563.9557254806923
  ],
  "max_max_force": 11042.576157792142,
  "arclength_variances": [
    0.31517377442379163,
    0.00031126893577288487,
    3.6913794115560436e-05,
    5.7853412067213884e-05
  ],
  "max_arclength_variance": 0.31517377442379163,
  "BdotN": 0.008575124164526752,
  "coil_coil_distance": 0.09771207424287066,
  "coil_surface_distance": 0.18967804831469365,
  "message": "STOP: TOTAL NO. of ITERATIONS REACHED LIMIT",
  "success": false,
  "iterations": 400,
  "function_evaluations": 418,
  "coil_currents": [
    100000.0,
    32623.20770437617,
    -204.26108444042882,
    10753.035779010894
  ],
  "UUID": "54f7f61f3ccd47a7ab03e3b4f2ad92dd",
  "eval_time": 1494.2795402769998
}