{
  "nfp": 2,
  "ncoils": 4,
  "order": 5,
  "nphi": 32,
  "ntheta": 32,
  "R0": 1.0,
  "R1": 0.6790380671645436,
  "UUID_init": null,
  "length_target": 4.824393649834991,
  "length_weight": 0.0008003084359496636,
  "max_\u03ba_threshold": 11.546572039097132,
  "max_\u03ba_weight": 4.2786610124092464e-08,
  "msc_threshold": 5.363597708783158,
  "msc_weight": 1.1412416799839261e-05,
  "cc_threshold": 0.10570896171352327,
  "cc_weight": 8130.436180349816,
  "cs_threshold": 0.26362010734617614,
  "cs_weight": 2854.5486875081187,
  "force_threshold": 33721.63889914451,
  "force_weight": 8.14655483068318e-10,
  "arclength_weight": 0.01,
  "JF": 1.321948079957511e-06,
  "Jf": 1.2292595923139415e-06,
  "gradient_norm": 7.497086047605728e-05,
  "linking_number": 0.0001243470076128632,
  "lengths": [
    4.825309848668655,
    4.817037947717537,
    4.815672172319237,
    4.800371632153697
  ],
  "max_length": 4.825309848668655,
  "max_\u03ba": [
    2.8757183142479312,
    2.845344412363846,
    2.780449040542117,
    2.460759801126547
  ],
  "max_max_\u03ba": 2.8757183142479312,
  "MSCs": [
    3.4155696478864495,
    3.698267270008185,
    3.531012896621134,
    3.1887314327274563
  ],
  "max_MSC": 3.698267270008185,
  "max_forces": [
    33719.536757616,
    29312.481036487767,
    23506.798276797723,
    28129.070252821723
  ],
  "max_max_force": 33719.536757616,
  "arclength_variances": [
    1.5232691978205783e-06,
    7.611714457727406e-07,
    1.587877290999401e-06,
    5.3629410722819974e-06
  ],
  "max_arclength_variance": 5.3629410722819974e-06,
  "BdotN": 0.00043986506985520485,
  "coil_coil_distance": 0.10581521208731842,
  "coil_surface_distance": 0.2978866359229488,
  "message": "STOP: TOTAL NO. of ITERATIONS REACHED LIMIT",
  "success": false,
  "iterations": 400,
  "function_evaluations": 595,
  "coil_currents": [
    100000.0,
    86851.52927236095,
    91578.06420108254,
    93287.70105193066
  ],
  "UUID": "a0140ea1d9b34eaa83a09b984b27b583",
  "eval_time": 67.080744608
}