{
  "nfp": 2,
  "ncoils": 4,
  "order": 7,
  "nphi": 32,
  "ntheta": 32,
  "R0": 1.0,
  "R1": 0.7474030879965801,
  "UUID_init": null,
  "length_target": 5.485981364587875,
  "length_weight": 0.0001842640160011668,
  "max_\u03ba_threshold": 11.084340333125915,
  "max_\u03ba_weight": 7.593954456894891e-06,
  "msc_threshold": 5.333615505765465,
  "msc_weight": 1.164274831645157e-06,
  "cc_threshold": 0.09785913290513626,
  "cc_weight": 16031.549712015762,
  "cs_threshold": 0.25553141754270836,
  "cs_weight": 2.761282630420022,
  "force_threshold": 22191.699194006487,
  "force_weight": 4.914236265784135e-13,
  "arclength_weight": 0.01,
  "JF": 2.3221172310957585e-06,
  "Jf": 2.0305253384833696e-06,
  "gradient_norm": 0.004996354848150218,
  "linking_number": 1.9654509774141633e-05,
  "lengths": [
    5.507252005517289,
    5.406500149860787,
    5.498189244422264,
    4.036800281281585
  ],
  "max_length": 5.507252005517289,
  "max_\u03ba": [
    2.743149558446197,
    3.6324435615737483,
    3.63617968472867,
    4.045106584244984
  ],
  "max_max_\u03ba": 4.045106584244984,
  "MSCs": [
    2.6778728129982325,
    4.490728564608665,
    4.442821599024435,
    5.483019771120863
  ],
  "max_MSC": 5.483019771120863,
  "max_forces": [
    22193.375988601823,
    18664.34998706188,
    17206.6459893626,
    8467.286948818224
  ],
  "max_max_force": 22193.375988601823,
  "arclength_variances": [
    2.138745378428908e-06,
    3.766112572692113e-06,
    6.394586304559615e-06,
    9.21052011555785e-06
  ],
  "max_arclength_variance": 9.21052011555785e-06,
  "BdotN": 0.0005783873247870968,
  "coil_coil_distance": 0.0978460877862099,
  "coil_surface_distance": 0.2774222365159643,
  "message": "STOP: TOTAL NO. of ITERATIONS REACHED LIMIT",
  "success": false,
  "iterations": 400,
  "function_evaluations": 563,
  "coil_currents": [
    100000.0,
    72270.22981897768,
    83321.72245359224,
    35116.36534670231
  ],
  "UUID": "2da3e67d4af9412ebf5973eff9d9a1c7",
  "eval_time": 1501.504682061
}