{
  "nfp": 2,
  "ncoils": 4,
  "order": 6,
  "nphi": 32,
  "ntheta": 32,
  "R0": 1.0,
  "R1": 0.5535558647599881,
  "UUID_init": null,
  "length_target": 4.859948605015463,
  "length_weight": 0.0017739864735855202,
  "max_\u03ba_threshold": 7.845414840943291,
  "max_\u03ba_weight": 5.438502066299521e-09,
  "msc_threshold": 4.963632933658684,
  "msc_weight": 4.3235080042664363e-07,
  "cc_threshold": 0.09267228918618794,
  "cc_weight": 38843.869613157265,
  "cs_threshold": 0.24710150443326856,
  "cs_weight": 0.3359753231263209,
  "force_threshold": 30004.550014287805,
  "force_weight": 5.715823647907722e-12,
  "arclength_weight": 0.01,
  "JF": 7.544570109209325e-07,
  "Jf": 7.175170664392773e-07,
  "gradient_norm": 3.206778183586858e-05,
  "linking_number": 2.9537509915163257e-05,
  "lengths": [
    4.860839350093003,
    4.7203828693551335,
    4.56605574498606,
    4.437794245032117
  ],
  "max_length": 4.860839350093003,
  "max_\u03ba": [
    2.748853409062524,
    2.9017377379241065,
    2.743631553978147,
    2.743422352310886
  ],
  "max_max_\u03ba": 2.9017377379241065,
  "MSCs": [
    3.184923964649253,
    3.910715212863367,
    3.8544279916523982,
    3.9352334508056033
  ],
  "max_MSC": 3.9352334508056033,
  "max_forces": [
    30001.609977802746,
    27268.843675088014,
    24069.961048475234,
    28005.069149752104
  ],
  "max_max_force": 30001.609977802746,
  "arclength_variances": [
    7.932508823484399e-07,
    1.473117106584398e-06,
    3.8093072087937936e-07,
    9.763193184108187e-07
  ],
  "max_arclength_variance": 1.473117106584398e-06,
  "BdotN": 0.000332058857517445,
  "coil_coil_distance": 0.0926729300203369,
  "coil_surface_distance": 0.3032770822115938,
  "message": "STOP: TOTAL NO. of ITERATIONS REACHED LIMIT",
  "success": false,
  "iterations": 400,
  "function_evaluations": 653,
  "coil_currents": [
    100000.0,
    83217.2426985196,
    85811.91643297835,
    88445.7859361616
  ],
  "UUID": "d40aabd028824318b40dfaf5e1690d9a",
  "eval_time": 1400.479739052
}