{
  "nfp": 2,
  "ncoils": 4,
  "order": 8,
  "nphi": 32,
  "ntheta": 32,
  "R0": 1.0,
  "R1": 0.43998914085297647,
  "UUID_init": null,
  "length_target": 5.145238610799069,
  "length_weight": 0.0017570941908114483,
  "max_\u03ba_threshold": 8.210311736069707,
  "max_\u03ba_weight": 2.805616220149577e-07,
  "msc_threshold": 4.939506207354723,
  "msc_weight": 3.4349397688158424e-06,
  "cc_threshold": 0.09605424868806073,
  "cc_weight": 1437.196678455818,
  "cs_threshold": 0.20570456309726748,
  "cs_weight": 216.72396606508033,
  "force_threshold": 47028.02737046799,
  "force_weight": 8.146109757483197e-12,
  "arclength_weight": 0.01,
  "JF": 3.9711732076224534e-07,
  "Jf": 3.8287677657930034e-07,
  "gradient_norm": 5.190355170855638e-05,
  "linking_number": 1.307304550674529e-06,
  "lengths": [
    5.145673707192513,
    5.022677401782956,
    4.894503939252587,
    4.762445165526446
  ],
  "max_length": 5.145673707192513,
  "max_\u03ba": [
    2.72110031657884,
    3.4832701855052806,
    3.132539327929394,
    3.3875011009309786
  ],
  "max_max_\u03ba": 3.4832701855052806,
  "MSCs": [
    3.201502113376387,
    4.451222850966119,
    3.9887373333977334,
    4.091517907270039
  ],
  "max_MSC": 4.451222850966119,
  "max_forces": [
    36058.40501789137,
    30687.239570569567,
    29988.3381982039,
    30064.402120935814
  ],
  "max_max_force": 36058.40501789137,
  "arclength_variances": [
    4.248997831956147e-07,
    2.3179135783818252e-07,
    4.659976252352901e-07,
    2.8473397609860745e-07
  ],
  "max_arclength_variance": 4.659976252352901e-07,
  "BdotN": 0.0002646341138327722,
  "coil_coil_distance": 0.09630614265628686,
  "coil_surface_distance": 0.29743260378635883,
  "message": "STOP: TOTAL NO. of ITERATIONS REACHED LIMIT",
  "success": false,
  "iterations": 400,
  "function_evaluations": 469,
  "coil_currents": [
    100000.0,
    87476.08837141613,
    92363.08142482999,
    93539.9650732993
  ],
  "UUID": "6114568d45b745fc86a3f0ebcd78f0c1",
  "eval_time": 2072.927305849
}