{
  "nfp": 2,
  "ncoils": 4,
  "order": 4,
  "nphi": 32,
  "ntheta": 32,
  "R0": 1.0,
  "R1": 0.7242296176168029,
  "UUID_init": null,
  "length_target": 5.335220473127629,
  "length_weight": 0.0010653352905423189,
  "max_\u03ba_threshold": 7.328900308512628,
  "max_\u03ba_weight": 1.3467079541194105e-09,
  "msc_threshold": 5.41858352706002,
  "msc_weight": 1.970636195560508e-05,
  "cc_threshold": 0.08675637074593182,
  "cc_weight": 117.89763937437486,
  "cs_threshold": 0.25442233347433263,
  "cs_weight": 7.395428112493715,
  "force_threshold": 42345.013804062924,
  "force_weight": 5.351879855620606e-11,
  "arclength_weight": 0.01,
  "JF": 1.928321605620047e-06,
  "Jf": 1.6659101719834412e-06,
  "gradient_norm": 6.083210739320414e-05,
  "linking_number": 0.017926851335472938,
  "lengths": [
    5.3310116548890605,
    5.336410164438507,
    5.298854811490333,
    4.523022593023516
  ],
  "max_length": 5.336410164438507,
  "max_\u03ba": [
    2.246432427942458,
    2.5486482443884757,
    2.810971818493599,
    2.505956761666763
  ],
  "max_max_\u03ba": 2.810971818493599,
  "MSCs": [
    2.3404532720487725,
    3.2447466322064247,
    3.2587405169651085,
    3.6149323113375464
  ],
  "max_MSC": 3.6149323113375464,
  "max_forces": [
    41965.194382280366,
    27365.01156102938,
    31704.942208791883,
    22057.573159679505
  ],
  "max_max_force": 41965.194382280366,
  "arclength_variances": [
    8.085663689167887e-07,
    9.054513945454537e-07,
    9.048812104598555e-06,
    1.538853143726954e-05
  ],
  "max_arclength_variance": 1.538853143726954e-05,
  "BdotN": 0.000543464057321225,
  "coil_coil_distance": 0.08674283825746185,
  "coil_surface_distance": 0.2697467580180847,
  "message": "STOP: TOTAL NO. of ITERATIONS REACHED LIMIT",
  "success": false,
  "iterations": 400,
  "function_evaluations": 505,
  "coil_currents": [
    100000.0,
    79305.07354792212,
    86898.00043655575,
    80006.08036040845
  ],
  "UUID": "66058cb586ea491f85530ff4d93459d6",
  "eval_time": 456.2308385739998
}