{
  "nfp": 2,
  "ncoils": 4,
  "order": 9,
  "nphi": 32,
  "ntheta": 32,
  "R0": 1.0,
  "R1": 0.4402620214527647,
  "UUID_init": null,
  "length_target": 4.752957420226223,
  "length_weight": 0.0006989163547413892,
  "max_\u03ba_threshold": 8.22138228769058,
  "max_\u03ba_weight": 5.824290534375873e-07,
  "msc_threshold": 5.419313792244336,
  "msc_weight": 1.7149143862671874e-07,
  "cc_threshold": 0.09770161275754127,
  "cc_weight": 64392.7094277832,
  "cs_threshold": 0.28146056397905184,
  "cs_weight": 24.94953273549892,
  "force_threshold": 43890.507201958215,
  "force_weight": 6.442800221115057e-13,
  "arclength_weight": 0.01,
  "JF": 7.828870978299506e-07,
  "Jf": 7.577850554670409e-07,
  "gradient_norm": 0.00021515208351962465,
  "linking_number": 4.3696154752865633e-08,
  "lengths": [
    4.755597377942392,
    4.588916364512749,
    4.425971334151003,
    4.364726858305452
  ],
  "max_length": 4.755597377942392,
  "max_\u03ba": [
    3.5512813448316765,
    3.0894605473587706,
    3.642529983218532,
    3.4801202839658365
  ],
  "max_max_\u03ba": 3.642529983218532,
  "MSCs": [
    4.212265254666735,
    4.1649165598324815,
    4.763277466809377,
    4.442683114843122
  ],
  "max_MSC": 4.763277466809377,
  "max_forces": [
    34186.37143351406,
    30181.415144751092,
    29731.774614824015,
    22748.85062125054
  ],
  "max_max_force": 34186.37143351406,
  "arclength_variances": [
    4.223008709208235e-07,
    6.982702504773106e-07,
    3.1365895115121923e-07,
    8.324235943341852e-07
  ],
  "max_arclength_variance": 8.324235943341852e-07,
  "BdotN": 0.0003393087336421939,
  "coil_coil_distance": 0.0977056123452956,
  "coil_surface_distance": 0.29922887600573317,
  "message": "STOP: TOTAL NO. of ITERATIONS REACHED LIMIT",
  "success": false,
  "iterations": 400,
  "function_evaluations": 536,
  "coil_currents": [
    100000.0,
    92969.77665673119,
    91489.44988043797,
    92394.02964554362
  ],
  "UUID": "e7b9e7c5a60b48b2b46ff7789062a5f4",
  "eval_time": 80.436839502
}