{
  "nfp": 2,
  "ncoils": 4,
  "order": 8,
  "nphi": 32,
  "ntheta": 32,
  "R0": 1.0,
  "R1": 0.6859671524773154,
  "UUID_init": null,
  "length_target": 4.500192808013859,
  "length_weight": 0.007195468977213394,
  "max_\u03ba_threshold": 5.324478380680543,
  "max_\u03ba_weight": 1.7108618508747901e-06,
  "msc_threshold": 5.783146316160644,
  "msc_weight": 0.0002454502145529577,
  "cc_threshold": 0.10266941826990339,
  "cc_weight": 6759.885439773749,
  "cs_threshold": 0.18841148805198357,
  "cs_weight": 31.174818085560453,
  "force_threshold": 8064.274015809741,
  "force_weight": 1.7436242571804104e-12,
  "arclength_weight": 0.01,
  "JF": 7.146727836878364e-05,
  "Jf": 6.790508560867409e-05,
  "gradient_norm": 0.0010687478215586409,
  "linking_number": 1.134172657930479e-08,
  "lengths": [
    4.518482735665782,
    4.486303174245114,
    4.007888383812906,
    3.8549617754349437
  ],
  "max_length": 4.518482735665782,
  "max_\u03ba": [
    3.1540018804866685,
    3.956536946872171,
    4.127913696079515,
    3.826570713234201
  ],
  "max_max_\u03ba": 4.127913696079515,
  "MSCs": [
    3.6962416163755814,
    5.79695508060479,
    5.788076111938574,
    5.7797365624277495
  ],
  "max_MSC": 5.79695508060479,
  "max_forces": [
    8251.53933079933,
    6024.780113357678,
    4153.31936716508,
    3740.366785738685
  ],
  "max_max_force": 8251.53933079933,
  "arclength_variances": [
    3.584961606091903e-05,
    1.6953752622703412e-05,
    4.191521737382579e-06,
    9.90135123922695e-06
  ],
  "max_arclength_variance": 3.584961606091903e-05,
  "BdotN": 0.0030771961561881413,
  "coil_coil_distance": 0.10272379157363168,
  "coil_surface_distance": 0.18837596006958357,
  "message": "STOP: TOTAL NO. of ITERATIONS REACHED LIMIT",
  "success": false,
  "iterations": 400,
  "function_evaluations": 483,
  "coil_currents": [
    100000.0,
    18837.88011764529,
    30929.57117283775,
    36691.64072671133
  ],
  "UUID": "4a646e0c31c147fc85f6841bfaf8f959",
  "eval_time": 2102.0248366829996
}