{
  "nfp": 2,
  "ncoils": 4,
  "order": 1,
  "nphi": 32,
  "ntheta": 32,
  "R0": 1.0,
  "R1": 0.6749658549675626,
  "UUID_init": null,
  "length_target": 4.502703471483343,
  "length_weight": 0.0021755060752386684,
  "max_\u03ba_threshold": 6.731113005350091,
  "max_\u03ba_weight": 3.989596378363856e-08,
  "msc_threshold": 5.19307016312911,
  "msc_weight": 1.1618954483039075e-07,
  "cc_threshold": 0.10675237941073588,
  "cc_weight": 1003.0417374266183,
  "cs_threshold": 0.17015947007833468,
  "cs_weight": 196.09390716969378,
  "force_threshold": 22121.370974416044,
  "force_weight": 4.016220495501116e-10,
  "arclength_weight": 0.01,
  "JF": 0.06344991579605477,
  "Jf": 0.00047437396571522203,
  "gradient_norm": 0.0020483649429288288,
  "linking_number": 1.377784251725133,
  "lengths": [
    4.59003721663797,
    4.149303856660022,
    4.201362422767888,
    4.263059690793577
  ],
  "max_length": 4.59003721663797,
  "max_\u03ba": [
    1.3804984374105211,
    1.5626963375801657,
    1.5381477848487934,
    1.4888984503027858
  ],
  "max_max_\u03ba": 1.5626963375801657,
  "MSCs": [
    1.8738846715499953,
    2.2941787733108367,
    2.237435108892941,
    2.1723983163302685
  ],
  "max_MSC": 2.2941787733108367,
  "max_forces": [
    7843.204175339223,
    47.15787842586268,
    850.2523412725383,
    606.6997043289615
  ],
  "max_max_force": 7843.204175339223,
  "arclength_variances": [
    8.37403782567853e-05,
    0.000960200048304018,
    0.0007722341281827905,
    0.00010483910781631994
  ],
  "max_arclength_variance": 0.000960200048304018,
  "BdotN": 0.009222443438038562,
  "coil_coil_distance": 0.10647000271047184,
  "coil_surface_distance": 0.11334516794257976,
  "message": "STOP: TOTAL NO. of ITERATIONS REACHED LIMIT",
  "success": false,
  "iterations": 400,
  "function_evaluations": 609,
  "coil_currents": [
    100000.0,
    533.0841292376728,
    -12448.690570124067,
    7918.741547340227
  ],
  "UUID": "d8b7a3455eaa42b5aa9716a7796c5404",
  "eval_time": 79.734861165
}