{
  "nfp": 2,
  "ncoils": 4,
  "order": 14,
  "nphi": 32,
  "ntheta": 32,
  "R0": 1.0,
  "R1": 0.6453280233736196,
  "UUID_init": null,
  "length_target": 4.758321231514859,
  "length_weight": 0.004522697810362166,
  "max_\u03ba_threshold": 9.921706135679145,
  "max_\u03ba_weight": 6.6545352131740984e-06,
  "msc_threshold": 4.363038948668423,
  "msc_weight": 1.8337336261824546e-07,
  "cc_threshold": 0.08781612624819676,
  "cc_weight": 99420.02484975352,
  "cs_threshold": 0.19393419191631095,
  "cs_weight": 0.10726823638983579,
  "force_threshold": 44460.64508694137,
  "force_weight": 1.9761759927436514e-10,
  "arclength_weight": 0.01,
  "JF": 3.4471002767767713e-06,
  "Jf": 3.0844438590606425e-06,
  "gradient_norm": 0.0004927491746165012,
  "linking_number": 5.781827717714907e-11,
  "lengths": [
    4.730511796492315,
    4.543555006097796,
    4.628223153697391,
    4.759459028014009
  ],
  "max_length": 4.759459028014009,
  "max_\u03ba": [
    4.985971702023296,
    4.620692660290552,
    3.904352253143806,
    3.9702110331306617
  ],
  "max_max_\u03ba": 4.985971702023296,
  "MSCs": [
    5.403942712804926,
    5.06179927621573,
    5.008890548327172,
    5.076241904468979
  ],
  "max_MSC": 5.403942712804926,
  "max_forces": [
    44080.210287538466,
    32655.66649040842,
    38481.08304168374,
    38721.5767978277
  ],
  "max_max_force": 44080.210287538466,
  "arclength_variances": [
    4.6361192501654074e-06,
    2.6520568371032135e-06,
    4.718105060510391e-06,
    1.0675926277971704e-06
  ],
  "max_arclength_variance": 4.718105060510391e-06,
  "BdotN": 0.0006949333899991686,
  "coil_coil_distance": 0.08801654913736769,
  "coil_surface_distance": 0.3009921587300767,
  "message": "STOP: TOTAL NO. of ITERATIONS REACHED LIMIT",
  "success": false,
  "iterations": 400,
  "function_evaluations": 543,
  "coil_currents": [
    100000.0,
    86677.51630734328,
    89831.42917041585,
    92095.39963514933
  ],
  "UUID": "bd94b946454344448420b0d57e4b66e1",
  "eval_time": 116.40938362499992
}