{
  "nfp": 2,
  "ncoils": 4,
  "order": 13,
  "nphi": 32,
  "ntheta": 32,
  "R0": 1.0,
  "R1": 0.5755403317729038,
  "UUID_init": null,
  "length_target": 4.6387998394999235,
  "length_weight": 0.008022989311388217,
  "max_\u03ba_threshold": 10.747948811357563,
  "max_\u03ba_weight": 5.057984495731953e-08,
  "msc_threshold": 5.450097334926602,
  "msc_weight": 3.4989733085601882e-06,
  "cc_threshold": 0.11406894170447178,
  "cc_weight": 46044.230391691315,
  "cs_threshold": 0.2608777530200258,
  "cs_weight": 0.19393241254348384,
  "force_threshold": 6667.715557453802,
  "force_weight": 1.0773545109621257e-11,
  "arclength_weight": 0.01,
  "JF": 0.00795085995796852,
  "Jf": 0.001377794525123546,
  "gradient_norm": 0.262679780184556,
  "linking_number": 1.5800838287404688e-13,
  "lengths": [
    5.100214945797019,
    4.4346920512985095,
    4.062741938160272,
    4.147558320997775
  ],
  "max_length": 5.100214945797019,
  "max_\u03ba": [
    12.00643355012987,
    7.8318800237347705,
    9.210006106315083,
    8.797118197008544
  ],
  "max_max_\u03ba": 12.00643355012987,
  "MSCs": [
    14.39636929288777,
    15.258579895191936,
    14.701496966311161,
    15.129477818953395
  ],
  "max_MSC": 15.258579895191936,
  "max_forces": [
    7772.669498495892,
    6132.744043251236,
    1819.0668499282935,
    1928.3634940166019
  ],
  "max_max_force": 7772.669498495892,
  "arclength_variances": [
    0.021417221325059615,
    0.003913640343851651,
    0.0029194169654115035,
    0.0012729257895918269
  ],
  "max_arclength_variance": 0.021417221325059615,
  "BdotN": 0.012172365326981469,
  "coil_coil_distance": 0.11394698770211407,
  "coil_surface_distance": 0.0033485437083720674,
  "message": "STOP: TOTAL NO. of ITERATIONS REACHED LIMIT",
  "success": false,
  "iterations": 400,
  "function_evaluations": 538,
  "coil_currents": [
    100000.0,
    20667.73325160199,
    24115.20622313747,
    27239.90324699352
  ],
  "UUID": "f0c786f7747c47b8b5e41b156aa5d82f",
  "eval_time": 115.13294445100001
}