{
  "nfp": 2,
  "ncoils": 4,
  "order": 8,
  "nphi": 32,
  "ntheta": 32,
  "R0": 1.0,
  "R1": 0.5,
  "UUID_init": null,
  "length_target": 5.0,
  "length_weight": 0.001,
  "max_\u03ba_threshold": 12.0,
  "max_\u03ba_weight": 1e-08,
  "msc_threshold": 5.0,
  "msc_weight": 0.0001,
  "cc_threshold": 0.083,
  "cc_weight": 1000.0,
  "cs_threshold": 0.166,
  "cs_weight": 1000.0,
  "force_threshold": 20000.0,
  "force_weight": 1e-10,
  "arclength_weight": 0.01,
  "JF": 8.527822520666167e-07,
  "Jf": 8.126018872482698e-07,
  "gradient_norm": 5.600784715353757e-05,
  "linking_number": 9.779138857266662e-12,
  "lengths": [
    5.001756931146811,
    4.604771568769337,
    4.57972980970769,
    4.331451889805424
  ],
  "max_length": 5.001756931146811,
  "max_\u03ba": [
    2.7934748587974902,
    3.365044197875011,
    3.609842102128113,
    3.9817794549082066
  ],
  "max_max_\u03ba": 3.9817794549082066,
  "MSCs": [
    3.1878091916188263,
    4.99402211818496,
    4.341583427517013,
    4.502835072384459
  ],
  "max_MSC": 4.99402211818496,
  "max_forces": [
    19996.839218123474,
    15467.805247829407,
    15178.483768088201,
    13023.590357525029
  ],
  "max_max_force": 19996.839218123474,
  "arclength_variances": [
    9.244798531675231e-07,
    1.2494970532665675e-06,
    1.3277107591722873e-06,
    3.6200846349664457e-07
  ],
  "max_arclength_variance": 1.3277107591722873e-06,
  "BdotN": 0.00036126840705765384,
  "coil_coil_distance": 0.16435191402658617,
  "coil_surface_distance": 0.25787326652860504,
  "message": "STOP: TOTAL NO. of ITERATIONS REACHED LIMIT",
  "success": false,
  "iterations": 400,
  "function_evaluations": 418,
  "coil_currents": [
    100000.0,
    67231.74308330227,
    74800.35241214052,
    74233.41315077529
  ],
  "UUID": "013e840dcf1641759fe88a0dc96ad79b",
  "eval_time": 1583.187282258
}