{
  "nfp": 2,
  "ncoils": 4,
  "order": 6,
  "nphi": 32,
  "ntheta": 32,
  "R0": 1.0,
  "R1": 0.40001221295659034,
  "UUID_init": null,
  "length_target": 5.527602385495168,
  "length_weight": 0.00018114793442346029,
  "max_\u03ba_threshold": 7.966817212952805,
  "max_\u03ba_weight": 2.1899065976313032e-08,
  "msc_threshold": 5.7689408895445755,
  "msc_weight": 1.748256953935153e-05,
  "cc_threshold": 0.11949299639200123,
  "cc_weight": 2392.6536692788945,
  "cs_threshold": 0.22234580722004763,
  "cs_weight": 2860.4010703790973,
  "force_threshold": 3280.343734764296,
  "force_weight": 8.409102054964909e-13,
  "arclength_weight": 0.01,
  "JF": 0.0005806074022322503,
  "Jf": 0.00023236495117056932,
  "gradient_norm": 0.012043846540568004,
  "linking_number": 4.000053935958915,
  "lengths": [
    6.729220025556265,
    4.240472408830974,
    4.491988572812813,
    5.006571231611942
  ],
  "max_length": 6.729220025556265,
  "max_\u03ba": [
    3.8331027700055897,
    2.6133112700279293,
    3.236951858805228,
    3.4770640331779683
  ],
  "max_max_\u03ba": 3.8331027700055897,
  "MSCs": [
    4.622238834237022,
    2.966983086851879,
    3.8003819760867663,
    4.857886231441928
  ],
  "max_MSC": 4.857886231441928,
  "max_forces": [
    6842.2571027100175,
    3730.298957687523,
    3687.6782520869097,
    2730.9554386143272
  ],
  "max_max_force": 6842.2571027100175,
  "arclength_variances": [
    0.00216418002555475,
    0.0001627212360876591,
    0.00026482915467951736,
    0.00018226032204597052
  ],
  "max_arclength_variance": 0.00216418002555475,
  "BdotN": 0.006152049222038368,
  "coil_coil_distance": 0.11942190245411251,
  "coil_surface_distance": 0.22370120183639108,
  "message": "STOP: TOTAL NO. of ITERATIONS REACHED LIMIT",
  "success": false,
  "iterations": 400,
  "function_evaluations": 592,
  "coil_currents": [
    100000.0,
    15407.796462507415,
    -33214.12695326645,
    26194.655759425023
  ],
  "UUID": "827d5efa61494b69974207dde5e29c08",
  "eval_time": 1170.7341386389999
}