{
  "nfp": 2,
  "ncoils": 4,
  "order": 4,
  "nphi": 32,
  "ntheta": 32,
  "R0": 1.0,
  "R1": 0.598734239624208,
  "UUID_init": null,
  "length_target": 4.913056051811377,
  "length_weight": 0.002366838953402017,
  "max_\u03ba_threshold": 11.257506324741454,
  "max_\u03ba_weight": 6.489051106672163e-09,
  "msc_threshold": 5.990893920541588,
  "msc_weight": 5.2346052040806e-06,
  "cc_threshold": 0.11163986217405192,
  "cc_weight": 43760.727383285855,
  "cs_threshold": 0.21856981019735058,
  "cs_weight": 0.3030866880549357,
  "force_threshold": 12424.784925418686,
  "force_weight": 4.181799980848953e-12,
  "arclength_weight": 0.01,
  "JF": 5.871699630220878e-06,
  "Jf": 5.545037780831735e-06,
  "gradient_norm": 8.385474204200693e-05,
  "linking_number": 0.00014202978619930307,
  "lengths": [
    4.916127776995992,
    3.668414161891723,
    3.878212751600722,
    4.117064973954161
  ],
  "max_length": 4.916127776995992,
  "max_\u03ba": [
    2.45898847403281,
    3.1530543308353884,
    2.950322634645237,
    3.3312465874451203
  ],
  "max_max_\u03ba": 3.3312465874451203,
  "MSCs": [
    2.679128916889851,
    5.547796524672128,
    4.617919947566122,
    4.709667756249717
  ],
  "max_MSC": 5.547796524672128,
  "max_forces": [
    12460.161790351785,
    9163.71659330643,
    7844.155366815063,
    7284.776185374782
  ],
  "max_max_force": 12460.161790351785,
  "arclength_variances": [
    5.381280875110084e-06,
    7.406292540994338e-06,
    7.440516375682654e-06,
    9.25849282081357e-06
  ],
  "max_arclength_variance": 9.25849282081357e-06,
  "BdotN": 0.0009046526097183677,
  "coil_coil_distance": 0.11164140255619723,
  "coil_surface_distance": 0.21440697057144567,
  "message": "STOP: TOTAL NO. of ITERATIONS REACHED LIMIT",
  "success": false,
  "iterations": 400,
  "function_evaluations": 571,
  "coil_currents": [
    100000.0,
    29502.58949716433,
    48425.76116178972,
    55882.52400436276
  ],
  "UUID": "e4612fa12c23435581b70d18e96115f3",
  "eval_time": 522.1308442939999
}