{
  "nfp": 2,
  "ncoils": 4,
  "order": 6,
  "nphi": 32,
  "ntheta": 32,
  "R0": 1.0,
  "R1": 0.5167381178620933,
  "UUID_init": null,
  "length_target": 5.941988600478134,
  "length_weight": 0.005488076887812977,
  "max_\u03ba_threshold": 9.759888564637578,
  "max_\u03ba_weight": 5.866623659372806e-07,
  "msc_threshold": 4.907005184299184,
  "msc_weight": 0.0008663642413124719,
  "cc_threshold": 0.09435908869284373,
  "cc_weight": 178.78813951718186,
  "cs_threshold": 0.2255662008541403,
  "cs_weight": 70.11714420094505,
  "force_threshold": 31588.59062376102,
  "force_weight": 2.5855899825179475e-11,
  "arclength_weight": 0.01,
  "JF": 1.512779174690675e-07,
  "Jf": 1.3549034839283286e-07,
  "gradient_norm": 2.6723919359382275e-05,
  "linking_number": 7.833543964847155e-05,
  "lengths": [
    5.941317740367845,
    5.274229352706099,
    4.953258252662373,
    4.837246011842811
  ],
  "max_length": 5.941317740367845,
  "max_\u03ba": [
    2.307143649515682,
    2.647063319030894,
    2.497905853092169,
    2.5434698560323494
  ],
  "max_max_\u03ba": 2.647063319030894,
  "MSCs": [
    2.4391519787979226,
    3.230581169019866,
    3.6421314819539736,
    3.512522110778811
  ],
  "max_MSC": 3.6421314819539736,
  "max_forces": [
    30319.972749462235,
    25355.73578809068,
    22870.457643567985,
    20348.13391336786
  ],
  "max_max_force": 30319.972749462235,
  "arclength_variances": [
    4.743324899692915e-07,
    3.576449154318387e-07,
    5.965612323393459e-07,
    1.5021826988298833e-07
  ],
  "max_arclength_variance": 5.965612323393459e-07,
  "BdotN": 0.00014808293308322604,
  "coil_coil_distance": 0.09471943993385733,
  "coil_surface_distance": 0.31535489208425643,
  "message": "STOP: TOTAL NO. of ITERATIONS REACHED LIMIT",
  "success": false,
  "iterations": 400,
  "function_evaluations": 462,
  "coil_currents": [
    100000.0,
    77961.242608543,
    81527.46409319594,
    83395.23944617453
  ],
  "UUID": "38c3ca030e40473195098f22d726d5b6",
  "eval_time": 1106.8756573690002
}