{
  "nfp": 2,
  "ncoils": 4,
  "order": 8,
  "nphi": 32,
  "ntheta": 32,
  "R0": 1.0,
  "R1": 0.5142598947383675,
  "UUID_init": null,
  "length_target": 4.96298304521204,
  "length_weight": 0.0015042308006676984,
  "max_\u03ba_threshold": 7.8176562778481395,
  "max_\u03ba_weight": 1.799335292058395e-06,
  "msc_threshold": 4.350916102620504,
  "msc_weight": 0.0005414234689648776,
  "cc_threshold": 0.10238564063910338,
  "cc_weight": 7164.47648513362,
  "cs_threshold": 0.27772763703965797,
  "cs_weight": 0.12568888501055364,
  "force_threshold": 720.662624624846,
  "force_weight": 3.6892816567495716e-13,
  "arclength_weight": 0.01,
  "JF": 0.0002532229160867714,
  "Jf": 0.0001295428934817472,
  "gradient_norm": 0.0010156497942051855,
  "linking_number": 7.831535721441602e-08,
  "lengths": [
    3.9552544195250654,
    5.0062562279359195,
    5.00636770146267,
    4.1499426856294175
  ],
  "max_length": 5.00636770146267,
  "max_\u03ba": [
    2.726058168836352,
    2.217704217192628,
    1.8941492039523584,
    3.5707115064250345
  ],
  "max_max_\u03ba": 3.5707115064250345,
  "MSCs": [
    3.374056437798021,
    2.3447058934660037,
    2.036533247795615,
    4.352590960472422
  ],
  "max_MSC": 4.352590960472422,
  "max_forces": [
    1353.6587716709826,
    1699.1374441289795,
    1629.151576764901,
    702.8730019111604
  ],
  "max_max_force": 1699.1374441289795,
  "arclength_variances": [
    1.696144189747486e-06,
    8.125997786057793e-06,
    1.0784370621196338e-05,
    1.2042836351522035e-05
  ],
  "max_arclength_variance": 1.2042836351522035e-05,
  "BdotN": 0.004378258397241474,
  "coil_coil_distance": 0.10792127220829249,
  "coil_surface_distance": 0.26296314676006255,
  "message": "STOP: TOTAL NO. of ITERATIONS REACHED LIMIT",
  "success": false,
  "iterations": 400,
  "function_evaluations": 482,
  "coil_currents": [
    100000.0,
    -19139.99334310597,
    -22952.367928252617,
    16505.267887356407
  ],
  "UUID": "f2cadd47f72f43128ad9763b5f60a2c6",
  "eval_time": 2085.757444463
}