{
  "nfp": 2,
  "ncoils": 4,
  "order": 1,
  "nphi": 32,
  "ntheta": 32,
  "R0": 1.0,
  "R1": 0.43291427860666154,
  "UUID_init": null,
  "length_target": 4.911944032785136,
  "length_weight": 0.0015695223285842302,
  "max_\u03ba_threshold": 9.138164673875135,
  "max_\u03ba_weight": 3.5144417927020207e-09,
  "msc_threshold": 4.025401474028948,
  "msc_weight": 1.8337590947724974e-06,
  "cc_threshold": 0.09968720709290395,
  "cc_weight": 85034.55032239904,
  "cs_threshold": 0.1842717771325045,
  "cs_weight": 761.7053304728316,
  "force_threshold": 4628.016249521083,
  "force_weight": 8.767455068745379e-14,
  "arclength_weight": 0.01,
  "JF": 3.5741958841816555e-05,
  "Jf": 1.595438338681955e-05,
  "gradient_norm": 0.00015806161350631205,
  "linking_number": 1.2619874507161621,
  "lengths": [
    4.837331030608393,
    4.923262652077606,
    4.277866081949344,
    3.125228387804639
  ],
  "max_length": 4.923262652077606,
  "max_\u03ba": [
    1.304089819177709,
    1.2791916882064565,
    1.469983577639179,
    2.0108714414328714
  ],
  "max_max_\u03ba": 2.0108714414328714,
  "MSCs": [
    1.6871419390193538,
    1.6287517616784462,
    2.157275053047983,
    4.041999209281494
  ],
  "max_MSC": 4.041999209281494,
  "max_forces": [
    8949.502549549927,
    7848.714540834813,
    2016.1003659066794,
    366.3628900529623
  ],
  "max_max_force": 8949.502549549927,
  "arclength_variances": [
    2.09596606821001e-05,
    7.2743295361379575e-06,
    7.228457550805447e-07,
    2.145260881136249e-08
  ],
  "max_arclength_variance": 2.09596606821001e-05,
  "BdotN": 0.0016382149288935752,
  "coil_coil_distance": 0.09968899307848193,
  "coil_surface_distance": 0.20091887656698104,
  "message": "ABNORMAL_TERMINATION_IN_LNSRCH",
  "success": false,
  "iterations": 155,
  "function_evaluations": 604,
  "coil_currents": [
    100000.0,
    -75205.292246076,
    -21717.420334890914,
    8521.867607693397
  ],
  "UUID": "5a1323626bc842b9962dda1479846e5d",
  "eval_time": 38.762026012
}