{
  "nfp": 2,
  "ncoils": 4,
  "order": 4,
  "nphi": 32,
  "ntheta": 32,
  "R0": 1.0,
  "R1": 0.6780241002271901,
  "UUID_init": null,
  "length_target": 4.86663894321107,
  "length_weight": 0.0001752008318243065,
  "max_\u03ba_threshold": 10.51618315177095,
  "max_\u03ba_weight": 6.383672333059607e-09,
  "msc_threshold": 4.966213211284619,
  "msc_weight": 7.825105893393536e-05,
  "cc_threshold": 0.09016096470792057,
  "cc_weight": 137.17181112285306,
  "cs_threshold": 0.17307900795896597,
  "cs_weight": 61.70740114647998,
  "force_threshold": 6649.216240354727,
  "force_weight": 1.0141892240888869e-13,
  "arclength_weight": 0.01,
  "JF": 6.0476374748523454e-05,
  "Jf": 3.0232804667673328e-05,
  "gradient_norm": 9.448703520154615e-05,
  "linking_number": 2.311581820486541e-06,
  "lengths": [
    5.134065732212884,
    3.50774029141867,
    3.6201905174112095,
    4.02397200803769
  ],
  "max_length": 5.134065732212884,
  "max_\u03ba": [
    2.266304690420742,
    3.297936492546054,
    3.3692415140584275,
    3.5523872971026753
  ],
  "max_max_\u03ba": 3.5523872971026753,
  "MSCs": [
    2.3736555898026586,
    4.991849734550026,
    4.9917431816308735,
    4.996649038949387
  ],
  "max_MSC": 4.996649038949387,
  "max_forces": [
    9258.998014220238,
    2016.3659210882718,
    1898.1613462205976,
    2073.4826600995984
  ],
  "max_max_force": 9258.998014220238,
  "arclength_variances": [
    4.897816720747784e-05,
    6.662916336578193e-06,
    2.070597108833864e-05,
    1.8816639790351824e-06
  ],
  "max_arclength_variance": 4.897816720747784e-05,
  "BdotN": 0.002015124411926441,
  "coil_coil_distance": 0.11290017319171984,
  "coil_surface_distance": 0.17278648978726285,
  "message": "STOP: TOTAL NO. of ITERATIONS REACHED LIMIT",
  "success": false,
  "iterations": 400,
  "function_evaluations": 450,
  "coil_currents": [
    100000.0,
    15189.261556340009,
    19125.7057762241,
    25602.944773489246
  ],
  "UUID": "d8e003d592dd47c38365762d1afaeb88",
  "eval_time": 532.2470278630001
}