{
  "nfp": 2,
  "ncoils": 4,
  "order": 8,
  "nphi": 32,
  "ntheta": 32,
  "R0": 1.0,
  "R1": 0.46347789629369696,
  "UUID_init": null,
  "length_target": 4.528324109987704,
  "length_weight": 0.00015078283369320702,
  "max_\u03ba_threshold": 10.472897688281147,
  "max_\u03ba_weight": 2.5198396908197374e-07,
  "msc_threshold": 5.865165052971086,
  "msc_weight": 8.62904380291329e-06,
  "cc_threshold": 0.08674284665218222,
  "cc_weight": 15257.272678288968,
  "cs_threshold": 0.29248798974983803,
  "cs_weight": 2.338907572258177,
  "force_threshold": 42149.113091759406,
  "force_weight": 3.8958608409654757e-13,
  "arclength_weight": 0.01,
  "JF": 1.458232023318668e-06,
  "Jf": 1.389319790088471e-06,
  "gradient_norm": 0.00016587113834747546,
  "linking_number": 2.2772150930786457e-06,
  "lengths": [
    4.548149941425735,
    4.529463757794466,
    4.3976096308409565,
    4.318454537414984
  ],
  "max_length": 4.548149941425735,
  "max_\u03ba": [
    3.112210853840284,
    3.1324194335144284,
    3.6647130403255868,
    3.6247242310120966
  ],
  "max_max_\u03ba": 3.6647130403255868,
  "MSCs": [
    3.8045628736207426,
    4.372923389754663,
    5.242665129559542,
    4.930919985050466
  ],
  "max_MSC": 5.242665129559542,
  "max_forces": [
    41428.73871651699,
    33892.20353457965,
    40270.71694968429,
    29685.767016011385
  ],
  "max_max_force": 41428.73871651699,
  "arclength_variances": [
    1.0282068002839731e-06,
    9.083792690564466e-07,
    1.0663666976511672e-06,
    9.151166277478023e-07
  ],
  "max_arclength_variance": 1.0663666976511672e-06,
  "BdotN": 0.00043270249903138683,
  "coil_coil_distance": 0.08680027522839273,
  "coil_surface_distance": 0.3134898392714807,
  "message": "STOP: TOTAL NO. of ITERATIONS REACHED LIMIT",
  "success": false,
  "iterations": 400,
  "function_evaluations": 558,
  "coil_currents": [
    100000.0,
    91529.07655693637,
    91130.43290605735,
    93402.6638191201
  ],
  "UUID": "b7072d878b814999a1f3ff345042cba6",
  "eval_time": 1496.082693038
}