{
  "nfp": 2,
  "ncoils": 4,
  "order": 6,
  "nphi": 32,
  "ntheta": 32,
  "R0": 1.0,
  "R1": 0.3464574722848691,
  "UUID_init": null,
  "length_target": 4.775326568664148,
  "length_weight": 0.000349896982869758,
  "max_\u03ba_threshold": 9.873588878127745,
  "max_\u03ba_weight": 2.985077915094968e-08,
  "msc_threshold": 5.117926298265975,
  "msc_weight": 7.1713094939754e-05,
  "cc_threshold": 0.11967742969121792,
  "cc_weight": 2268.55935259884,
  "cs_threshold": 0.19017668226189574,
  "cs_weight": 78.75183601106036,
  "force_threshold": 20201.859854009857,
  "force_weight": 2.5114184003772987e-11,
  "arclength_weight": 0.01,
  "JF": 0.0664026367653263,
  "Jf": 1.9823643778394448e-05,
  "gradient_norm": 0.0009058327031011736,
  "linking_number": 2.8424144802879612e-06,
  "lengths": [
    4.844031191051648,
    4.68255424477357,
    4.799142824823786,
    3.6010377507543456
  ],
  "max_length": 4.844031191051648,
  "max_\u03ba": [
    2.5251305760879745,
    3.2901681932420943,
    3.155145804768661,
    3.611340769796678
  ],
  "max_max_\u03ba": 3.611340769796678,
  "MSCs": [
    2.5907288968798676,
    4.44128913052956,
    4.7719101441442024,
    5.1634071424854575
  ],
  "max_MSC": 5.1634071424854575,
  "max_forces": [
    19565.049313840987,
    16899.88513525361,
    17288.220472032204,
    2422.265195246565
  ],
  "max_max_force": 19565.049313840987,
  "arclength_variances": [
    1.0110104081360656e-05,
    1.6242780556775266e-05,
    2.9858016367002827e-05,
    0.0004123643730390321
  ],
  "max_arclength_variance": 0.0004123643730390321,
  "BdotN": 0.0018243883713506114,
  "coil_coil_distance": 0.11966422906018981,
  "coil_surface_distance": 0.024226796658145165,
  "message": "STOP: TOTAL NO. of ITERATIONS REACHED LIMIT",
  "success": false,
  "iterations": 400,
  "function_evaluations": 608,
  "coil_currents": [
    100000.0,
    60135.05400348647,
    85594.35778313143,
    10973.243492060754
  ],
  "UUID": "33e1757513c1425399c01a9a841a77be",
  "eval_time": 1599.6401749299998
}