{
  "nfp": 2,
  "ncoils": 4,
  "order": 7,
  "nphi": 32,
  "ntheta": 32,
  "R0": 1.0,
  "R1": 0.3217905401856128,
  "UUID_init": null,
  "length_target": 4.848166137426254,
  "length_weight": 0.0027940470959204856,
  "max_\u03ba_threshold": 9.181958783483589,
  "max_\u03ba_weight": 1.8129792899129564e-08,
  "msc_threshold": 5.050296197633459,
  "msc_weight": 3.39240621195548e-05,
  "cc_threshold": 0.0920109837401201,
  "cc_weight": 251.18401792942677,
  "cs_threshold": 0.25542726894170137,
  "cs_weight": 0.7609343571131729,
  "force_threshold": 31219.527445490807,
  "force_weight": 4.638916128704031e-13,
  "arclength_weight": 0.01,
  "JF": 0.014036636084296181,
  "Jf": 0.00040951981501381095,
  "gradient_norm": 0.24031361023268008,
  "linking_number": 2.2896809422784602e-05,
  "lengths": [
    4.968277406069443,
    4.635514810586203,
    4.932236696601236,
    4.431492661039382
  ],
  "max_length": 4.968277406069443,
  "max_\u03ba": [
    5.311831593036657,
    3.551999965193223,
    4.008598369918484,
    4.084909381163509
  ],
  "max_max_\u03ba": 5.311831593036657,
  "MSCs": [
    7.366551458271588,
    4.76073045850643,
    4.552634719920185,
    4.370605273443791
  ],
  "max_MSC": 7.366551458271588,
  "max_forces": [
    23816.682537444205,
    4845.968955932437,
    2608.638309213878,
    1957.3248675917564
  ],
  "max_max_force": 23816.682537444205,
  "arclength_variances": [
    0.010898644479584753,
    0.012910770430846548,
    0.025250340411966585,
    0.010072232637592929
  ],
  "max_arclength_variance": 0.025250340411966585,
  "BdotN": 0.006708778987353375,
  "coil_coil_distance": 0.08155104412443061,
  "coil_surface_distance": 0.013520087922317415,
  "message": "STOP: TOTAL NO. of ITERATIONS REACHED LIMIT",
  "success": false,
  "iterations": 400,
  "function_evaluations": 555,
  "coil_currents": [
    100000.0,
    28662.31700768349,
    18690.529027402445,
    25072.021753784185
  ],
  "UUID": "21b7330b6f574e9ca12d6cf31d69a1dd",
  "eval_time": 1647.7348209379998
}