{
  "nfp": 2,
  "ncoils": 4,
  "order": 7,
  "nphi": 32,
  "ntheta": 32,
  "R0": 1.0,
  "R1": 0.42084936560456376,
  "UUID_init": null,
  "length_target": 5.675100312916883,
  "length_weight": 0.0036321093182151228,
  "max_\u03ba_threshold": 7.644057963582624,
  "max_\u03ba_weight": 2.599083128502473e-08,
  "msc_threshold": 5.946631450733217,
  "msc_weight": 1.61997299232848e-05,
  "cc_threshold": 0.08894929315645575,
  "cc_weight": 6350.177459891575,
  "cs_threshold": 0.18606380644587844,
  "cs_weight": 296.71904835891934,
  "force_threshold": 8309.522987407276,
  "force_weight": 1.6252438935113057e-14,
  "arclength_weight": 0.01,
  "JF": 8.654901297316168e-06,
  "Jf": 5.847988964621597e-06,
  "gradient_norm": 0.0001810813662916946,
  "linking_number": 1.6846213228820215e-12,
  "lengths": [
    5.677443706053021,
    3.7417774115353066,
    3.7489305707686422,
    3.716916534065452
  ],
  "max_length": 5.677443706053021,
  "max_\u03ba": [
    2.291260847981092,
    3.6664399988665495,
    3.75799046757692,
    3.9580144144679803
  ],
  "max_max_\u03ba": 3.9580144144679803,
  "MSCs": [
    2.3819517612690326,
    5.854630111003836,
    5.788293262889885,
    5.862408639854754
  ],
  "max_MSC": 5.862408639854754,
  "max_forces": [
    10779.319293384502,
    2633.648424795928,
    3711.8017223730308,
    3880.0643609952194
  ],
  "max_max_force": 10779.319293384502,
  "arclength_variances": [
    1.136352845976487e-06,
    1.8855653232423631e-06,
    2.1726306234334233e-06,
    1.2294371994066349e-06
  ],
  "max_arclength_variance": 2.1726306234334233e-06,
  "BdotN": 0.0008854185175306674,
  "coil_coil_distance": 0.18030044850094856,
  "coil_surface_distance": 0.18604355201218592,
  "message": "STOP: TOTAL NO. of ITERATIONS REACHED LIMIT",
  "success": false,
  "iterations": 400,
  "function_evaluations": 412,
  "coil_currents": [
    100000.0,
    16891.60364681993,
    31143.618016217028,
    38663.99947336107
  ],
  "UUID": "98670a6355614a3caa7088c9e1d39a91",
  "eval_time": 1636.640671045001
}