{
  "nfp": 2,
  "ncoils": 4,
  "order": 8,
  "nphi": 32,
  "ntheta": 32,
  "R0": 1.0,
  "R1": 0.3781952767426664,
  "UUID_init": null,
  "length_target": 4.738344925536876,
  "length_weight": 0.0030622721611868403,
  "max_\u03ba_threshold": 7.509994458278015,
  "max_\u03ba_weight": 1.3104758432851479e-09,
  "msc_threshold": 4.896706493765774,
  "msc_weight": 6.342105193829893e-05,
  "cc_threshold": 0.09992192322239521,
  "cc_weight": 2094.1435649782816,
  "cs_threshold": 0.24396516656422346,
  "cs_weight": 32.12491045865315,
  "force_threshold": 24287.045240784722,
  "force_weight": 1.628666659450868e-10,
  "arclength_weight": 0.01,
  "JF": 8.014438756712822e-07,
  "Jf": 7.602162464201615e-07,
  "gradient_norm": 8.296297473838656e-05,
  "linking_number": 1.4565429959781505e-10,
  "lengths": [
    4.738991476215246,
    4.631657580669319,
    4.630282299604905,
    4.5030006490313275
  ],
  "max_length": 4.738991476215246,
  "max_\u03ba": [
    3.0728698051795473,
    3.353213394136765,
    3.2075842971971538,
    3.305775046371304
  ],
  "max_max_\u03ba": 3.353213394136765,
  "MSCs": [
    3.5302106055409097,
    4.339078355801892,
    4.2242610064110835,
    4.479275812845843
  ],
  "max_MSC": 4.479275812845843,
  "max_forces": [
    24287.23877050972,
    21807.497290827057,
    20317.07909446842,
    16970.172987669626
  ],
  "max_max_force": 24287.23877050972,
  "arclength_variances": [
    2.8098386034556615e-06,
    3.8153452456100533e-07,
    2.1323311354428826e-07,
    6.527048972865562e-07
  ],
  "max_arclength_variance": 2.8098386034556615e-06,
  "BdotN": 0.0003342082526039726,
  "coil_coil_distance": 0.14529781734636268,
  "coil_surface_distance": 0.27058313318985966,
  "message": "STOP: TOTAL NO. of ITERATIONS REACHED LIMIT",
  "success": false,
  "iterations": 400,
  "function_evaluations": 470,
  "coil_currents": [
    100000.0,
    84343.23069242042,
    87179.00554369995,
    83909.39578317782
  ],
  "UUID": "57196db0ab3c45ad8ebc62cfa4dadd62",
  "eval_time": 1759.7076964520002
}