{
  "nfp": 2,
  "ncoils": 4,
  "order": 11,
  "nphi": 32,
  "ntheta": 32,
  "R0": 1.0,
  "R1": 0.3390843786445726,
  "UUID_init": null,
  "length_target": 4.58876776491733,
  "length_weight": 0.003793436577028611,
  "max_\u03ba_threshold": 7.384258468081161,
  "max_\u03ba_weight": 6.259138668287956e-09,
  "msc_threshold": 4.741671560396583,
  "msc_weight": 1.8766087151417776e-07,
  "cc_threshold": 0.09018148085473071,
  "cc_weight": 13033.573058421489,
  "cs_threshold": 0.24394436906313738,
  "cs_weight": 25.084661791872445,
  "force_threshold": 234.4067986373488,
  "force_weight": 7.278523462410851e-11,
  "arclength_weight": 0.01,
  "JF": 0.05828906508842741,
  "Jf": 2.633186278358009e-06,
  "gradient_norm": 172.9503005197748,
  "linking_number": 1.5574927728375592e-15,
  "lengths": [
    2.93551028342297,
    2.631313656393601,
    2.132648038883365,
    2.1482569012231214
  ],
  "max_length": 2.93551028342297,
  "max_\u03ba": [
    130.93385168941745,
    32.14284351403557,
    27.792009960558214,
    36.87230487343704
  ],
  "max_max_\u03ba": 130.93385168941745,
  "MSCs": [
    305.75148654972884,
    155.8892378484723,
    125.91326891510872,
    94.30432961841029
  ],
  "max_MSC": 305.75148654972884,
  "max_forces": [
    6016.114190276253,
    508.2112471286438,
    401.33769745568145,
    358.48868710839116
  ],
  "max_max_force": 6016.114190276253,
  "arclength_variances": [
    3.161643852980409,
    0.20561536799283647,
    0.1290558708922274,
    0.1029169113210354
  ],
  "max_arclength_variance": 3.161643852980409,
  "BdotN": 0.000430963989543501,
  "coil_coil_distance": 0.37592382047638506,
  "coil_surface_distance": 0.20369629890139776,
  "message": "STOP: TOTAL NO. of ITERATIONS REACHED LIMIT",
  "success": false,
  "iterations": 400,
  "function_evaluations": 500,
  "coil_currents": [
    100000.0,
    -10273.330688171807,
    -8088.857017930462,
    -7546.469725826026
  ],
  "UUID": "14706a5a76224ed2881c7be8a69d707e",
  "eval_time": 90.04857939799999
}