{
  "nfp": 2,
  "ncoils": 4,
  "order": 6,
  "nphi": 32,
  "ntheta": 32,
  "R0": 1.0,
  "R1": 0.7113357811384164,
  "UUID_init": null,
  "length_target": 4.634611816643323,
  "length_weight": 0.0029849320898239413,
  "max_\u03ba_threshold": 5.834232002129468,
  "max_\u03ba_weight": 5.976436914906883e-06,
  "msc_threshold": 4.873493468759042,
  "msc_weight": 6.940376820421893e-05,
  "cc_threshold": 0.09293218609071634,
  "cc_weight": 372.98232698743976,
  "cs_threshold": 0.20474389437858306,
  "cs_weight": 0.6094634509343637,
  "force_threshold": 18701.174027116394,
  "force_weight": 2.068362416360956e-12,
  "arclength_weight": 0.01,
  "JF": 2.3047594730643523e-06,
  "Jf": 2.2095843289984396e-06,
  "gradient_norm": 4.97081594818215e-05,
  "linking_number": 1.0856691754265123e-09,
  "lengths": [
    4.6365451346329705,
    4.592995538313482,
    4.606270484930897,
    4.627741573007541
  ],
  "max_length": 4.6365451346329705,
  "max_\u03ba": [
    3.1540234054099483,
    3.842156304818701,
    3.6342788882110635,
    3.3457115474052572
  ],
  "max_max_\u03ba": 3.842156304818701,
  "MSCs": [
    3.5059873631612564,
    4.874978331578156,
    4.5403214902242555,
    4.476489844240209
  ],
  "max_MSC": 4.874978331578156,
  "max_forces": [
    18724.33868814535,
    14371.817963939277,
    14300.673496258425,
    13686.383598242106
  ],
  "max_max_force": 18724.33868814535,
  "arclength_variances": [
    5.038423011073824e-06,
    7.703737086015827e-07,
    1.6897098609012705e-06,
    1.0349430326714067e-06
  ],
  "max_arclength_variance": 5.038423011073824e-06,
  "BdotN": 0.0005547229804836634,
  "coil_coil_distance": 0.17163149761538193,
  "coil_surface_distance": 0.23350407270679957,
  "message": "STOP: TOTAL NO. of ITERATIONS REACHED LIMIT",
  "success": false,
  "iterations": 400,
  "function_evaluations": 408,
  "coil_currents": [
    100000.0,
    63383.70544786667,
    74157.29268695306,
    80105.96138994755
  ],
  "UUID": "d3852dcb2c50455c932aa51cc4d1da9a",
  "eval_time": 1231.220367378999
}