{
  "nfp": 2,
  "ncoils": 4,
  "order": 5,
  "nphi": 32,
  "ntheta": 32,
  "R0": 1.0,
  "R1": 0.5121446678738533,
  "UUID_init": null,
  "length_target": 5.88390055748422,
  "length_weight": 0.00017183632671732436,
  "max_\u03ba_threshold": 5.868261848770969,
  "max_\u03ba_weight": 7.785926215906158e-09,
  "msc_threshold": 4.798612874223959,
  "msc_weight": 1.51228035224137e-05,
  "cc_threshold": 0.08895728785546973,
  "cc_weight": 1537.708852421925,
  "cs_threshold": 0.26795441701828204,
  "cs_weight": 0.15147978809368623,
  "force_threshold": 26629.159122093937,
  "force_weight": 5.009833524953426e-11,
  "arclength_weight": 0.01,
  "JF": 2.3738162018279323e-07,
  "Jf": 2.2735385207683987e-07,
  "gradient_norm": 6.744475261342025e-05,
  "linking_number": 0.0005685664005523633,
  "lengths": [
    5.885430001590077,
    5.2966003170010225,
    4.966629144651622,
    4.780009010334604
  ],
  "max_length": 5.885430001590077,
  "max_\u03ba": [
    2.385729254216566,
    2.5995355861724354,
    2.6555340329476667,
    2.5726535494468012
  ],
  "max_max_\u03ba": 2.6555340329476667,
  "MSCs": [
    2.5786149076910236,
    3.1684398543301944,
    3.3116073449499037,
    3.318841534970354
  ],
  "max_MSC": 3.318841534970354,
  "max_forces": [
    26629.577506651403,
    24935.9606296253,
    20640.132039706383,
    18376.345057103474
  ],
  "max_max_force": 26629.577506651403,
  "arclength_variances": [
    7.956225249485652e-08,
    4.766916065220257e-07,
    1.9264251133849428e-07,
    2.312015788038879e-07
  ],
  "max_arclength_variance": 4.766916065220257e-07,
  "BdotN": 0.00020270755736115996,
  "coil_coil_distance": 0.09791085478810352,
  "coil_surface_distance": 0.3124525979002253,
  "message": "STOP: TOTAL NO. of ITERATIONS REACHED LIMIT",
  "success": false,
  "iterations": 400,
  "function_evaluations": 508,
  "coil_currents": [
    100000.0,
    71017.83803837872,
    77091.26965595021,
    79226.48656360278
  ],
  "UUID": "42e22c7355de4a4cb1fa96cefe686ea9",
  "eval_time": 697.8749679390003
}