{
  "nfp": 2,
  "ncoils": 4,
  "order": 9,
  "nphi": 32,
  "ntheta": 32,
  "R0": 1.0,
  "R1": 0.3770123563993284,
  "UUID_init": null,
  "length_target": 4.69260620178096,
  "length_weight": 0.00012031337320470526,
  "max_\u03ba_threshold": 9.40503923390126,
  "max_\u03ba_weight": 7.71174141532516e-09,
  "msc_threshold": 4.710857958465155,
  "msc_weight": 5.164335910807937e-05,
  "cc_threshold": 0.10458123852593348,
  "cc_weight": 66388.4850645046,
  "cs_threshold": 0.2683822557614103,
  "cs_weight": 608.7565023393493,
  "force_threshold": 4026.4102000604594,
  "force_weight": 2.8457841849574528e-12,
  "arclength_weight": 0.01,
  "JF": 0.00019862134362024725,
  "Jf": 0.00012811657475127875,
  "gradient_norm": 0.002937628386254769,
  "linking_number": 2.034402251973854e-07,
  "lengths": [
    5.223496107547774,
    5.128177803937215,
    5.357129168789077,
    4.68863687642671
  ],
  "max_length": 5.357129168789077,
  "max_\u03ba": [
    5.045990049998166,
    2.4382840413270266,
    2.855668682452523,
    4.200506370118503
  ],
  "max_max_\u03ba": 5.045990049998166,
  "MSCs": [
    4.65801219784767,
    2.153756302118351,
    2.5107892663555393,
    4.477308445699248
  ],
  "max_MSC": 4.65801219784767,
  "max_forces": [
    4336.09767539535,
    4215.9155149838925,
    4112.483376215919,
    371.16436462702944
  ],
  "max_max_force": 4336.09767539535,
  "arclength_variances": [
    0.0006978671069296119,
    9.285052373786381e-05,
    7.539094862436077e-05,
    0.00015846083859363504
  ],
  "max_arclength_variance": 0.0006978671069296119,
  "BdotN": 0.004400724924828229,
  "coil_coil_distance": 0.109211876578355,
  "coil_surface_distance": 0.2690250948135393,
  "message": "STOP: TOTAL NO. of ITERATIONS REACHED LIMIT",
  "success": false,
  "iterations": 400,
  "function_evaluations": 625,
  "coil_currents": [
    100000.0,
    -38018.37306794406,
    -35139.37199969453,
    -3242.713888187958
  ],
  "UUID": "4d3f00bd078f4dd38014a63fd9e8eccb",
  "eval_time": 2216.010011587
}