{
  "nfp": 2,
  "ncoils": 4,
  "order": 9,
  "nphi": 32,
  "ntheta": 32,
  "R0": 1.0,
  "R1": 0.3868072830518134,
  "UUID_init": null,
  "length_target": 4.50624157795195,
  "length_weight": 0.0003751961085537387,
  "max_\u03ba_threshold": 11.95896543637302,
  "max_\u03ba_weight": 5.365513437998715e-06,
  "msc_threshold": 4.019763835992021,
  "msc_weight": 2.8705899393436683e-05,
  "cc_threshold": 0.08698314738431628,
  "cc_weight": 2407.7863127398136,
  "cs_threshold": 0.24337391795392282,
  "cs_weight": 71.2138409582372,
  "force_threshold": 44446.51624203953,
  "force_weight": 4.339266133016144e-11,
  "arclength_weight": 0.01,
  "JF": 1.010294749988156e-06,
  "Jf": 9.892728609353597e-07,
  "gradient_norm": 6.499205405344498e-05,
  "linking_number": 7.770898799518388e-08,
  "lengths": [
    4.512438477116669,
    4.50884605492003,
    4.506845258313906,
    4.452733586753437
  ],
  "max_length": 4.512438477116669,
  "max_\u03ba": [
    3.1191667741159224,
    3.081868859974613,
    3.5922780731830524,
    3.406125026134604
  ],
  "max_max_\u03ba": 3.5922780731830524,
  "MSCs": [
    3.6908582558886502,
    3.9818578730175016,
    3.9928213981468184,
    4.026616995361224
  ],
  "max_MSC": 4.026616995361224,
  "max_forces": [
    44404.30014231201,
    33837.14477914777,
    35702.50221568806,
    28784.909575910395
  ],
  "max_max_force": 44404.30014231201,
  "arclength_variances": [
    6.627720304903453e-07,
    9.607564331051637e-08,
    1.5595851131035287e-07,
    2.6547714458218246e-07
  ],
  "max_arclength_variance": 6.627720304903453e-07,
  "BdotN": 0.000362881944192197,
  "coil_coil_distance": 0.08726492048633525,
  "coil_surface_distance": 0.3160016729322515,
  "message": "STOP: TOTAL NO. of ITERATIONS REACHED LIMIT",
  "success": false,
  "iterations": 400,
  "function_evaluations": 475,
  "coil_currents": [
    100000.0,
    93489.77305576763,
    94418.56325754238,
    95412.50079024465
  ],
  "UUID": "b54092879aae4474a72bb668934bb263",
  "eval_time": 2301.9537600270005
}