{
  "nfp": 2,
  "ncoils": 4,
  "order": 5,
  "nphi": 32,
  "ntheta": 32,
  "R0": 1.0,
  "R1": 0.5077684967219206,
  "UUID_init": null,
  "length_target": 4.772036996743271,
  "length_weight": 0.00394014914376069,
  "max_\u03ba_threshold": 10.223762105996014,
  "max_\u03ba_weight": 1.5613651983995344e-07,
  "msc_threshold": 5.524599903040407,
  "msc_weight": 3.3685888308398255e-05,
  "cc_threshold": 0.09817343273679982,
  "cc_weight": 5936.092197754102,
  "cs_threshold": 0.2295614494756307,
  "cs_weight": 11.622350578076006,
  "force_threshold": 11950.18081624088,
  "force_weight": 2.4573224414347017e-13,
  "arclength_weight": 0.01,
  "JF": 6.380688873344395e-06,
  "Jf": 6.14318341770886e-06,
  "gradient_norm": 0.0002744368422452083,
  "linking_number": 4.767103682013263e-06,
  "lengths": [
    4.775135974615212,
    3.6614803006202155,
    3.570942462817844,
    3.577551727789147
  ],
  "max_length": 4.775135974615212,
  "max_\u03ba": [
    2.408364643297108,
    3.3076205683241913,
    3.1548597708461417,
    3.2026812013593213
  ],
  "max_max_\u03ba": 3.3076205683241913,
  "MSCs": [
    2.7330276780538667,
    5.55042727570782,
    5.441210484936609,
    5.135789470305865
  ],
  "max_MSC": 5.55042727570782,
  "max_forces": [
    12210.036858280571,
    12102.964263832257,
    7524.3458814583255,
    6709.9047974387195
  ],
  "max_max_force": 12210.036858280571,
  "arclength_variances": [
    4.323579364241475e-07,
    1.6319348649969686e-06,
    1.4620991583880218e-06,
    5.82463519415943e-07
  ],
  "max_arclength_variance": 1.6319348649969686e-06,
  "BdotN": 0.0008926596676420533,
  "coil_coil_distance": 0.09817089087729863,
  "coil_surface_distance": 0.22884542950113348,
  "message": "STOP: TOTAL NO. of ITERATIONS REACHED LIMIT",
  "success": false,
  "iterations": 400,
  "function_evaluations": 484,
  "coil_currents": [
    100000.0,
    34504.93469401729,
    45273.77233413283,
    51074.58062207599
  ],
  "UUID": "e2f18e6300c743ea9004d58b96f971af",
  "eval_time": 734.9086110999997
}