{
  "nfp": 2,
  "ncoils": 4,
  "order": 4,
  "nphi": 32,
  "ntheta": 32,
  "R0": 1.0,
  "R1": 0.5054541598868059,
  "UUID_init": null,
  "length_target": 4.621188191731993,
  "length_weight": 0.0019295496055757857,
  "max_\u03ba_threshold": 11.7667113014968,
  "max_\u03ba_weight": 1.3245581968611084e-08,
  "msc_threshold": 5.867817766762464,
  "msc_weight": 8.604851111740968e-05,
  "cc_threshold": 0.09143165989145591,
  "cc_weight": 42126.405483068826,
  "cs_threshold": 0.2403104328236875,
  "cs_weight": 37.956038627416426,
  "force_threshold": 26026.58663227812,
  "force_weight": 4.0746356622600584e-14,
  "arclength_weight": 0.01,
  "JF": 3.5514463346402965e-06,
  "Jf": 3.1372095449521223e-06,
  "gradient_norm": 3.088964651073879e-05,
  "linking_number": 0.0001880489617379337,
  "lengths": [
    4.623638307915185,
    4.357505221410421,
    4.409815101701539,
    4.324356296319044
  ],
  "max_length": 4.623638307915185,
  "max_\u03ba": [
    2.8486093342664787,
    2.817805927753999,
    2.7054064050832807,
    2.4718817539900995
  ],
  "max_max_\u03ba": 2.8486093342664787,
  "MSCs": [
    3.446326116663788,
    4.169937628423817,
    4.088054249133947,
    3.9182894950373393
  ],
  "max_MSC": 4.169937628423817,
  "max_forces": [
    26114.45329776366,
    22396.74966354259,
    20487.340812073704,
    17908.618486337295
  ],
  "max_max_force": 26114.45329776366,
  "arclength_variances": [
    1.2417399228554077e-05,
    8.035008265932689e-06,
    8.524016009784237e-06,
    1.179531975043662e-05
  ],
  "max_arclength_variance": 1.2417399228554077e-05,
  "BdotN": 0.0006776191757215276,
  "coil_coil_distance": 0.09143579015132781,
  "coil_surface_distance": 0.2897067329981681,
  "message": "STOP: TOTAL NO. of ITERATIONS REACHED LIMIT",
  "success": false,
  "iterations": 400,
  "function_evaluations": 579,
  "coil_currents": [
    100000.0,
    72336.0483139657,
    82126.6168822185,
    85939.41116577423
  ],
  "UUID": "bdc04e7eec844fa98828e08c1bf444e2",
  "eval_time": 418.122629456
}