{
  "nfp": 2,
  "ncoils": 4,
  "order": 9,
  "nphi": 32,
  "ntheta": 32,
  "R0": 1.0,
  "R1": 0.5071843363782828,
  "UUID_init": null,
  "length_target": 4.891004897868095,
  "length_weight": 0.0006652617851617648,
  "max_\u03ba_threshold": 6.572418881597643,
  "max_\u03ba_weight": 1.7056027164631722e-08,
  "msc_threshold": 5.417270535003354,
  "msc_weight": 3.0713285067392743e-06,
  "cc_threshold": 0.10636790223427021,
  "cc_weight": 77450.40452868954,
  "cs_threshold": 0.20454362420916405,
  "cs_weight": 115.21032972525701,
  "force_threshold": 41116.5732383601,
  "force_weight": 7.22503036451435e-13,
  "arclength_weight": 0.01,
  "JF": 1.7487869768310726e-06,
  "Jf": 1.6836765184286076e-06,
  "gradient_norm": 0.00029456276966879886,
  "linking_number": 1.4446283832469188e-08,
  "lengths": [
    4.845749448702918,
    4.529174793775585,
    4.409187175352855,
    4.35451869503525
  ],
  "max_length": 4.845749448702918,
  "max_\u03ba": [
    3.6906116181644406,
    3.9356441104564324,
    3.6518964192292125,
    3.4698483867497165
  ],
  "max_max_\u03ba": 3.9356441104564324,
  "MSCs": [
    4.675856758546207,
    4.825517205036191,
    4.788120044613486,
    5.037418334243273
  ],
  "max_MSC": 5.037418334243273,
  "max_forces": [
    40522.21211403415,
    34314.92213317308,
    25474.96632940039,
    23985.84576628893
  ],
  "max_max_force": 40522.21211403415,
  "arclength_variances": [
    1.6139905392925055e-06,
    2.099488566796566e-06,
    5.862178495633392e-07,
    2.2113488845940816e-06
  ],
  "max_arclength_variance": 2.2113488845940816e-06,
  "BdotN": 0.000497144665752284,
  "coil_coil_distance": 0.10695772158720585,
  "coil_surface_distance": 0.26802574917481714,
  "message": "STOP: TOTAL NO. of ITERATIONS REACHED LIMIT",
  "success": false,
  "iterations": 400,
  "function_evaluations": 533,
  "coil_currents": [
    100000.0,
    88025.6426692136,
    91527.95432052786,
    93487.98846820444
  ],
  "UUID": "cc75d5b6f35a42f9b2db37ce7a680f38",
  "eval_time": 80.21616914999993
}