{
  "nfp": 2,
  "ncoils": 4,
  "order": 7,
  "nphi": 32,
  "ntheta": 32,
  "R0": 1.0,
  "R1": 0.6035195504034909,
  "UUID_init": null,
  "length_target": 5.261324264285616,
  "length_weight": 0.00010613681745645481,
  "max_\u03ba_threshold": 7.476323314504574,
  "max_\u03ba_weight": 5.124139824024739e-06,
  "msc_threshold": 5.839453490126415,
  "msc_weight": 0.000745779818007491,
  "cc_threshold": 0.08935413552804959,
  "cc_weight": 1389.326641162813,
  "cs_threshold": 0.25147167794658515,
  "cs_weight": 2134.592221366201,
  "force_threshold": 11632.675340438509,
  "force_weight": 9.958921744158943e-13,
  "arclength_weight": 0.01,
  "JF": 5.2684934812452304e-06,
  "Jf": 4.884217504924372e-06,
  "gradient_norm": 0.00018650791929230808,
  "linking_number": 9.681056228383284e-08,
  "lengths": [
    5.330472052396571,
    4.416065039682437,
    4.0808703335625225,
    3.8922473087128067
  ],
  "max_length": 5.330472052396571,
  "max_\u03ba": [
    2.763314080996358,
    3.8028017181692673,
    4.164804998201732,
    3.4104427434143942
  ],
  "max_max_\u03ba": 4.164804998201732,
  "MSCs": [
    2.5282321478706717,
    5.824175970080761,
    5.72098586385084,
    4.81657971494595
  ],
  "max_MSC": 5.824175970080761,
  "max_forces": [
    11664.530716883866,
    5786.886889075925,
    6040.500328630412,
    5791.948826306118
  ],
  "max_max_force": 11664.530716883866,
  "arclength_variances": [
    6.857002048991207e-06,
    2.683343440222929e-06,
    7.658324063054829e-07,
    7.332367643028237e-07
  ],
  "max_arclength_variance": 6.857002048991207e-06,
  "BdotN": 0.0008103018327139421,
  "coil_coil_distance": 0.10384141730771092,
  "coil_surface_distance": 0.2514385510900852,
  "message": "STOP: TOTAL NO. of ITERATIONS REACHED LIMIT",
  "success": false,
  "iterations": 400,
  "function_evaluations": 459,
  "coil_currents": [
    100000.0,
    26017.55433091757,
    41238.02917529872,
    46416.45729683501
  ],
  "UUID": "70344b5947b7497a81ecea85de79162f",
  "eval_time": 2461.2058746389994
}