{
  "nfp": 2,
  "ncoils": 4,
  "order": 9,
  "nphi": 32,
  "ntheta": 32,
  "R0": 1.0,
  "R1": 0.5960461603521272,
  "UUID_init": null,
  "length_target": 4.646972992019383,
  "length_weight": 0.00015140256988759452,
  "max_\u03ba_threshold": 7.295690581239347,
  "max_\u03ba_weight": 4.999457527180021e-08,
  "msc_threshold": 4.727887227182465,
  "msc_weight": 0.0002091782550422785,
  "cc_threshold": 0.10189378637525749,
  "cc_weight": 1661.6011625516737,
  "cs_threshold": 0.26990962114425815,
  "cs_weight": 219.87620604687126,
  "force_threshold": 1783.215903658397,
  "force_weight": 1.3391233952793344e-12,
  "arclength_weight": 0.01,
  "JF": 8.154409014540327e-05,
  "Jf": 6.657362926524108e-05,
  "gradient_norm": 0.0011843165244931687,
  "linking_number": 1.8483545715577572e-08,
  "lengths": [
    4.204187381169481,
    4.936179573736526,
    4.881367553314041,
    4.025585163617941
  ],
  "max_length": 4.936179573736526,
  "max_\u03ba": [
    2.680379005456759,
    2.1674434985501443,
    2.2431892556152127,
    3.6823954401439245
  ],
  "max_max_\u03ba": 3.6823954401439245,
  "MSCs": [
    3.247071210949957,
    2.178976832321448,
    2.226944974613307,
    4.7461230377498245
  ],
  "max_MSC": 4.7461230377498245,
  "max_forces": [
    1896.568454014725,
    1934.3215785159434,
    1894.0799230010216,
    861.5819314553605
  ],
  "max_max_force": 1934.3215785159434,
  "arclength_variances": [
    7.452732054303198e-06,
    1.09411712052349e-05,
    1.4842192592120794e-05,
    8.495943011839856e-06
  ],
  "max_arclength_variance": 1.4842192592120794e-05,
  "BdotN": 0.002981723094707438,
  "coil_coil_distance": 0.10234750638179416,
  "coil_surface_distance": 0.2694677614387949,
  "message": "STOP: TOTAL NO. of ITERATIONS REACHED LIMIT",
  "success": false,
  "iterations": 400,
  "function_evaluations": 427,
  "coil_currents": [
    100000.0,
    -21735.214111109417,
    -32235.704411372302,
    26862.222278051788
  ],
  "UUID": "f7ae53dcee014ec0b66c28d518950b17",
  "eval_time": 69.214406624
}