{
  "nfp": 2,
  "ncoils": 4,
  "order": 4,
  "nphi": 32,
  "ntheta": 32,
  "R0": 1.0,
  "R1": 0.5363503300188215,
  "UUID_init": null,
  "length_target": 4.661769386366708,
  "length_weight": 0.0023579502759368204,
  "max_\u03ba_threshold": 6.547586530296163,
  "max_\u03ba_weight": 1.541158061963517e-08,
  "msc_threshold": 4.578505531505888,
  "msc_weight": 5.6388645418043205e-05,
  "cc_threshold": 0.09006747177620261,
  "cc_weight": 71752.7953733222,
  "cs_threshold": 0.23729491781053436,
  "cs_weight": 2405.066525923071,
  "force_threshold": 13053.57761179437,
  "force_weight": 2.003001673813576e-11,
  "arclength_weight": 0.01,
  "JF": 8.866077808525149e-06,
  "Jf": 8.42893969069928e-06,
  "gradient_norm": 5.691708452226157e-05,
  "linking_number": 0.00019285799764032062,
  "lengths": [
    4.669738544012457,
    3.9807664851854714,
    3.988747676437494,
    3.9724211010262676
  ],
  "max_length": 4.669738544012457,
  "max_\u03ba": [
    2.5119349321763758,
    2.9422721978879576,
    3.022860348184289,
    3.3202798042016624
  ],
  "max_max_\u03ba": 3.3202798042016624,
  "MSCs": [
    2.8472598346650164,
    4.625896565465957,
    4.546786958388971,
    4.583847741328573
  ],
  "max_MSC": 4.625896565465957,
  "max_forces": [
    13067.606560677232,
    13056.308004476787,
    8922.432765427027,
    7462.091621643585
  ],
  "max_max_force": 13067.606560677232,
  "arclength_variances": [
    3.4926250625436002e-06,
    4.080447453855804e-06,
    7.787008500442444e-06,
    1.3372701210858914e-05
  ],
  "max_arclength_variance": 1.3372701210858914e-05,
  "BdotN": 0.0010826643824355837,
  "coil_coil_distance": 0.0902753283810691,
  "coil_surface_distance": 0.23729891557320487,
  "message": "STOP: TOTAL NO. of ITERATIONS REACHED LIMIT",
  "success": false,
  "iterations": 400,
  "function_evaluations": 610,
  "coil_currents": [
    100000.0,
    35435.15773031261,
    51830.411315424164,
    55089.006558786234
  ],
  "UUID": "a37d78999a8c43f6bbe98a8d60d8bb7f",
  "eval_time": 790.3529036629998
}