{
  "nfp": 2,
  "ncoils": 4,
  "order": 7,
  "nphi": 32,
  "ntheta": 32,
  "R0": 1.0,
  "R1": 0.5999921504906334,
  "UUID_init": null,
  "length_target": 4.602515485231744,
  "length_weight": 0.004892216273093418,
  "max_\u03ba_threshold": 5.206722240977258,
  "max_\u03ba_weight": 1.671129109760676e-08,
  "msc_threshold": 4.842942506007863,
  "msc_weight": 3.7254475134021037e-06,
  "cc_threshold": 0.09788983530818504,
  "cc_weight": 54205.108382027356,
  "cs_threshold": 0.2944042920236588,
  "cs_weight": 20.699198245487477,
  "force_threshold": 18958.970202126613,
  "force_weight": 5.058755335729257e-12,
  "arclength_weight": 0.01,
  "JF": 3.087469340977059e-06,
  "Jf": 3.03162265904283e-06,
  "gradient_norm": 6.818488116597527e-05,
  "linking_number": 3.634768738532287e-07,
  "lengths": [
    4.6043327101070295,
    4.153379101780487,
    4.252994773592791,
    4.152005650189927
  ],
  "max_length": 4.6043327101070295,
  "max_\u03ba": [
    2.884472827497659,
    3.5989845263946263,
    3.1589305738293056,
    3.0357138930508527
  ],
  "max_max_\u03ba": 3.5989845263946263,
  "MSCs": [
    3.2431657069834103,
    4.913862860107968,
    4.5128250201151126,
    4.432518423065492
  ],
  "max_MSC": 4.913862860107968,
  "max_forces": [
    18966.660501756203,
    18824.534188528658,
    14631.639787488079,
    12261.686531157857
  ],
  "max_max_force": 18966.660501756203,
  "arclength_variances": [
    6.359821593018926e-07,
    7.973345512746861e-07,
    4.623710592593908e-07,
    5.051684959404301e-07
  ],
  "max_arclength_variance": 7.973345512746861e-07,
  "BdotN": 0.0006213533791144285,
  "coil_coil_distance": 0.097889699534664,
  "coil_surface_distance": 0.29376487959265685,
  "message": "STOP: TOTAL NO. of ITERATIONS REACHED LIMIT",
  "success": false,
  "iterations": 400,
  "function_evaluations": 468,
  "coil_currents": [
    100000.0,
    55103.58298378828,
    67176.35710629256,
    69962.73345732484
  ],
  "UUID": "6a02443e074445acbc3b7bed36e31820",
  "eval_time": 1491.620690973
}