{
  "nfp": 2,
  "ncoils": 4,
  "order": 8,
  "nphi": 32,
  "ntheta": 32,
  "R0": 1.0,
  "R1": 0.6254100423783775,
  "UUID_init": null,
  "length_target": 4.928466924215193,
  "length_weight": 0.0077690517351200195,
  "max_\u03ba_threshold": 10.175291203655515,
  "max_\u03ba_weight": 2.2205174173643742e-06,
  "msc_threshold": 5.634299937896938,
  "msc_weight": 0.0003046405743197385,
  "cc_threshold": 0.09249622039421809,
  "cc_weight": 26921.942478106354,
  "cs_threshold": 0.21901887704694803,
  "cs_weight": 25.976984637361603,
  "force_threshold": 23287.91328357114,
  "force_weight": 2.3646893710584346e-10,
  "arclength_weight": 0.01,
  "JF": 1.0057778033608263e-06,
  "Jf": 9.59552774818486e-07,
  "gradient_norm": 0.00011014260228144488,
  "linking_number": 6.766126617193294e-08,
  "lengths": [
    4.928696812056643,
    4.9285275752455,
    4.920143787290417,
    4.755811286944946
  ],
  "max_length": 4.928696812056643,
  "max_\u03ba": [
    3.3383658224427353,
    4.305936022924266,
    4.0807650629826435,
    2.9466029667642366
  ],
  "max_max_\u03ba": 4.305936022924266,
  "MSCs": [
    3.4090497870937906,
    4.852664823716158,
    5.063304258057672,
    4.3689454026781736
  ],
  "max_MSC": 5.063304258057672,
  "max_forces": [
    23286.49378518831,
    21941.419121553743,
    18398.34924210795,
    17289.415064277324
  ],
  "max_max_force": 23286.49378518831,
  "arclength_variances": [
    7.975257564958633e-07,
    1.816065950997246e-06,
    1.0428299144587809e-06,
    9.441231856813746e-07
  ],
  "max_arclength_variance": 1.816065950997246e-06,
  "BdotN": 0.00039721006662612687,
  "coil_coil_distance": 0.106997945060511,
  "coil_surface_distance": 0.2759906639213078,
  "message": "STOP: TOTAL NO. of ITERATIONS REACHED LIMIT",
  "success": false,
  "iterations": 400,
  "function_evaluations": 470,
  "coil_currents": [
    100000.0,
    77352.65240096008,
    82905.41767706371,
    81709.90005729678
  ],
  "UUID": "8e3f662d34b448eca00c0210f9b92563",
  "eval_time": 1729.233030357
}