{
  "nfp": 2,
  "ncoils": 4,
  "order": 5,
  "nphi": 32,
  "ntheta": 32,
  "R0": 1.0,
  "R1": 0.6075052496804696,
  "UUID_init": null,
  "length_target": 4.676814858027408,
  "length_weight": 0.0007431929313065587,
  "max_\u03ba_threshold": 9.581405258795812,
  "max_\u03ba_weight": 3.816216137065837e-08,
  "msc_threshold": 4.9174338396755735,
  "msc_weight": 0.0002848042397321014,
  "cc_threshold": 0.11812694151997544,
  "cc_weight": 43662.47865606941,
  "cs_threshold": 0.29546879406391635,
  "cs_weight": 1028.1636202972545,
  "force_threshold": 1490.6026196150613,
  "force_weight": 1.5919303465689096e-12,
  "arclength_weight": 0.01,
  "JF": 0.0002571815200045553,
  "Jf": 0.0001560551495258731,
  "gradient_norm": 0.0021361291001065963,
  "linking_number": 3.2664431438429956e-05,
  "lengths": [
    3.9743042086372893,
    4.7724133767164885,
    4.841621553046427,
    4.047895558951755
  ],
  "max_length": 4.841621553046427,
  "max_\u03ba": [
    2.49459577383441,
    1.7546245998543908,
    1.9233265796421781,
    2.7222017624337593
  ],
  "max_max_\u03ba": 2.7222017624337593,
  "MSCs": [
    3.0244867903028725,
    2.0396832844673987,
    2.0150897272680655,
    3.3177754866491327
  ],
  "max_MSC": 3.3177754866491327,
  "max_forces": [
    2152.2909489436074,
    2224.198081099733,
    1809.8399314662033,
    54.827325113650815
  ],
  "max_max_force": 2224.198081099733,
  "arclength_variances": [
    9.090591969721992e-05,
    0.0003306654157967769,
    0.0002533227552777444,
    1.5258473634833145e-06
  ],
  "max_arclength_variance": 0.0003306654157967769,
  "BdotN": 0.00540340019182623,
  "coil_coil_distance": 0.11895944166260176,
  "coil_surface_distance": 0.29713706816070423,
  "message": "STOP: TOTAL NO. of ITERATIONS REACHED LIMIT",
  "success": false,
  "iterations": 400,
  "function_evaluations": 1069,
  "coil_currents": [
    100000.0,
    -16802.13409056975,
    -27466.39678562257,
    2679.22126876306
  ],
  "UUID": "8900a3af53084f368407b8cbb6683cf5",
  "eval_time": 99.58390807199999
}