{
  "nfp": 2,
  "ncoils": 4,
  "order": 7,
  "nphi": 32,
  "ntheta": 32,
  "R0": 1.0,
  "R1": 0.6082064920122467,
  "UUID_init": null,
  "length_target": 4.5926111152232725,
  "length_weight": 0.000944285016391707,
  "max_\u03ba_threshold": 5.730660711302086,
  "max_\u03ba_weight": 3.0856962522929547e-06,
  "msc_threshold": 5.264548178434233,
  "msc_weight": 0.0006900083270370967,
  "cc_threshold": 0.10964523262799693,
  "cc_weight": 3527.5133355154144,
  "cs_threshold": 0.21235693360106608,
  "cs_weight": 1.264879598735541,
  "force_threshold": 48140.66471774961,
  "force_weight": 1.1780613860709577e-13,
  "arclength_weight": 0.01,
  "JF": 1.0923432782623024e-06,
  "Jf": 1.0596512571056725e-06,
  "gradient_norm": 8.431278299014167e-05,
  "linking_number": 4.0652203055501317e-07,
  "lengths": [
    4.594631762030053,
    4.589902321038955,
    4.581765318946502,
    4.5874568646404335
  ],
  "max_length": 4.594631762030053,
  "max_\u03ba": [
    2.856819210516639,
    3.745289073534938,
    3.2621326110787323,
    3.3491528833768816
  ],
  "max_max_\u03ba": 3.745289073534938,
  "MSCs": [
    3.523787990681437,
    4.406816670139823,
    4.080525873182039,
    4.138268996573881
  ],
  "max_MSC": 4.406816670139823,
  "max_forces": [
    33578.264675956154,
    29187.802919975577,
    26049.956661346856,
    28309.150282462433
  ],
  "max_max_force": 33578.264675956154,
  "arclength_variances": [
    8.152424837624069e-07,
    1.4907748783506453e-06,
    5.595150616832056e-07,
    2.1089326753980335e-07
  ],
  "max_arclength_variance": 1.4907748783506453e-06,
  "BdotN": 0.0003898702770226761,
  "coil_coil_distance": 0.11016420519808237,
  "coil_surface_distance": 0.3004107459500397,
  "message": "STOP: TOTAL NO. of ITERATIONS REACHED LIMIT",
  "success": false,
  "iterations": 400,
  "function_evaluations": 469,
  "coil_currents": [
    100000.0,
    88006.3523844186,
    91631.613107407,
    93707.83481090184
  ],
  "UUID": "c6d6ce2eca784d1381b441817bdc5233",
  "eval_time": 1061.052597988
}