{
  "nfp": 2,
  "ncoils": 4,
  "order": 5,
  "nphi": 32,
  "ntheta": 32,
  "R0": 1.0,
  "R1": 0.5,
  "UUID_init": null,
  "length_target": 5.0,
  "length_weight": 0.001,
  "max_\u03ba_threshold": 12.0,
  "max_\u03ba_weight": 1e-08,
  "msc_threshold": 5.0,
  "msc_weight": 0.0001,
  "cc_threshold": 0.083,
  "cc_weight": 1000.0,
  "cs_threshold": 0.166,
  "cs_weight": 1000.0,
  "force_threshold": 0,
  "force_weight": 1e-10,
  "arclength_weight": 0.01,
  "JF": 0.05240552569082033,
  "Jf": 0.0005072523156901066,
  "gradient_norm": 0.00033747195827606575,
  "linking_number": 0.0013074096708790496,
  "lengths": [
    3.8135107672693063,
    5.6887041903174485,
    5.437695350163353,
    6.278587153152365
  ],
  "max_length": 6.278587153152365,
  "max_\u03ba": [
    2.3041070003827535,
    2.934849079755525,
    1.6754178949141678,
    3.159719449264896
  ],
  "max_max_\u03ba": 3.159719449264896,
  "MSCs": [
    2.7954949514728686,
    2.4387501871070203,
    1.4986423350801379,
    4.28780989295794
  ],
  "max_MSC": 4.28780989295794,
  "max_forces": [
    896.1947859164372,
    1826.7725808817552,
    991.1242261983462,
    1130.4001815908293
  ],
  "max_max_force": 1826.7725808817552,
  "arclength_variances": [
    0.0005253996599355787,
    0.015028675340170335,
    0.0006659331373015027,
    0.01778651020332695
  ],
  "max_arclength_variance": 0.01778651020332695,
  "BdotN": 0.009152680742800876,
  "coil_coil_distance": 0.0827817774252071,
  "coil_surface_distance": 0.16328738352835487,
  "message": "STOP: TOTAL NO. of ITERATIONS REACHED LIMIT",
  "success": false,
  "iterations": 400,
  "function_evaluations": 419,
  "coil_currents": [
    100000.0,
    -26248.947471479318,
    -18124.28411328951,
    -13865.328347695762
  ],
  "UUID": "1bf4f9a7b8294af48200d7b69d8f11b6",
  "eval_time": 920.9276146699999
}