{
  "nfp": 2,
  "ncoils": 4,
  "order": 5,
  "nphi": 32,
  "ntheta": 32,
  "R0": 1.0,
  "R1": 0.34767832280257704,
  "UUID_init": null,
  "length_target": 4.696512140403386,
  "length_weight": 0.0009400906888648663,
  "max_\u03ba_threshold": 9.658108763902693,
  "max_\u03ba_weight": 6.635725382076121e-06,
  "msc_threshold": 5.305372266700342,
  "msc_weight": 0.0008626951358759924,
  "cc_threshold": 0.11525350956334904,
  "cc_weight": 35033.927155649435,
  "cs_threshold": 0.2901095621074299,
  "cs_weight": 5.803582482244467,
  "force_threshold": 16015.79261669468,
  "force_weight": 3.961588427432937e-14,
  "arclength_weight": 0.01,
  "JF": 1.5871592794303686e-05,
  "Jf": 1.2375000996453248e-05,
  "gradient_norm": 0.0005361985232835027,
  "linking_number": 6.2620427203998465e-06,
  "lengths": [
    4.708338679520439,
    4.47597858401959,
    4.48474744607198,
    4.333012560857047
  ],
  "max_length": 4.708338679520439,
  "max_\u03ba": [
    2.4404172445774592,
    3.1674753397514324,
    3.294853742023911,
    2.7992690401729177
  ],
  "max_max_\u03ba": 3.294853742023911,
  "MSCs": [
    2.9108284477177655,
    4.652259486811528,
    4.889869327802536,
    4.585909431243594
  ],
  "max_MSC": 4.889869327802536,
  "max_forces": [
    17720.14055565889,
    15899.244526024208,
    8640.660088153765,
    11325.10695091232
  ],
  "max_max_force": 17720.14055565889,
  "arclength_variances": [
    1.6395287802256204e-05,
    3.979514456291348e-05,
    9.083469626115024e-06,
    1.5176436525867825e-05
  ],
  "max_arclength_variance": 3.979514456291348e-05,
  "BdotN": 0.0013603986360879857,
  "coil_coil_distance": 0.11805522407894527,
  "coil_surface_distance": 0.2854815611805181,
  "message": "STOP: TOTAL NO. of ITERATIONS REACHED LIMIT",
  "success": false,
  "iterations": 400,
  "function_evaluations": 768,
  "coil_currents": [
    100000.0,
    63299.48189729385,
    50690.671099491745,
    51255.14455569623
  ],
  "UUID": "d647a6b720e14af39296964924694183",
  "eval_time": 680.9915405910001
}