{
  "nfp": 2,
  "ncoils": 4,
  "order": 5,
  "nphi": 32,
  "ntheta": 32,
  "R0": 1.0,
  "R1": 0.3945005979125505,
  "UUID_init": null,
  "length_target": 5.0,
  "length_weight": 0.0039167813871691685,
  "max_\u03ba_threshold": 8.851211466105148,
  "max_\u03ba_weight": 2.6380454585371386e-07,
  "msc_threshold": 4.780024641257069,
  "msc_weight": 6.72094386334483e-05,
  "cc_threshold": 0.10035208356719845,
  "cc_weight": 285.3945280445511,
  "cs_threshold": 0.16849602213934195,
  "cs_weight": 124.93516289300236,
  "force_threshold": 29431.299474198873,
  "force_weight": 1.4063685987083172e-13,
  "arclength_weight": 0.01,
  "JF": 5.178564966305896e-07,
  "Jf": 5.059936402637844e-07,
  "gradient_norm": 1.9359824572267686e-05,
  "linking_number": 8.861401999819307e-05,
  "lengths": [
    5.0002541440394435,
    4.830761987735972,
    4.797652907863905,
    4.858083131193183
  ],
  "max_length": 5.0002541440394435,
  "max_\u03ba": [
    2.574098606848248,
    2.816375674465499,
    2.51612861801507,
    2.337848935037082
  ],
  "max_max_\u03ba": 2.816375674465499,
  "MSCs": [
    3.058660674750581,
    3.638449609318084,
    3.420399710758692,
    3.3571091019577386
  ],
  "max_MSC": 3.638449609318084,
  "max_forces": [
    29449.912038627335,
    26739.58248472476,
    24391.49689603654,
    22856.377653556887
  ],
  "max_max_force": 29449.912038627335,
  "arclength_variances": [
    2.8562488441556423e-07,
    4.0608840075722884e-07,
    3.5291920248841606e-07,
    1.1682485446429792e-07
  ],
  "max_arclength_variance": 4.0608840075722884e-07,
  "BdotN": 0.00028142298570264763,
  "coil_coil_distance": 0.10045506105368607,
  "coil_surface_distance": 0.3024467737612552,
  "message": "STOP: TOTAL NO. of ITERATIONS REACHED LIMIT",
  "success": false,
  "iterations": 400,
  "function_evaluations": 511,
  "coil_currents": [
    100000.0,
    83448.80586078753,
    87345.19376802916,
    89780.02523368115
  ],
  "UUID": "382b81b1736a4506b319c597bf9498ec",
  "eval_time": 904.43483245
}