{
  "nfp": 2,
  "ncoils": 4,
  "order": 7,
  "nphi": 32,
  "ntheta": 32,
  "R0": 1.0,
  "R1": 0.6756384623237515,
  "UUID_init": null,
  "length_target": 4.942437919283199,
  "length_weight": 0.004028436867161747,
  "max_\u03ba_threshold": 10.111664926751338,
  "max_\u03ba_weight": 8.168253207610848e-09,
  "msc_threshold": 5.911827814778276,
  "msc_weight": 0.0002951892154419806,
  "cc_threshold": 0.08770859990408703,
  "cc_weight": 2211.0348833725125,
  "cs_threshold": 0.19911909657547833,
  "cs_weight": 0.3899515654526173,
  "force_threshold": 22603.22429410182,
  "force_weight": 8.669382769282608e-12,
  "arclength_weight": 0.01,
  "JF": 0.000421614632427608,
  "Jf": 6.429512395353492e-06,
  "gradient_norm": 0.0003052889520220488,
  "linking_number": 1.7589519701667562e-05,
  "lengths": [
    4.9451736264274695,
    4.942913518243224,
    4.9429967075062775,
    4.168616680816572
  ],
  "max_length": 4.9451736264274695,
  "max_\u03ba": [
    2.83594432375951,
    4.635327863985243,
    3.8786649595971183,
    4.111665091245912
  ],
  "max_max_\u03ba": 4.635327863985243,
  "MSCs": [
    3.231725294147273,
    5.557049694843891,
    4.612111959919729,
    5.915488941354793
  ],
  "max_MSC": 5.915488941354793,
  "max_forces": [
    17295.511626851658,
    13296.252723042411,
    12986.231986106362,
    1654.658266551378
  ],
  "max_max_force": 17295.511626851658,
  "arclength_variances": [
    8.437244291945802e-06,
    9.633619104481035e-06,
    5.469075256934458e-06,
    6.033931287340047e-06
  ],
  "max_arclength_variance": 9.633619104481035e-06,
  "BdotN": 0.0010214760517816635,
  "coil_coil_distance": 0.08807506664055911,
  "coil_surface_distance": 0.020500938567138603,
  "message": "STOP: TOTAL NO. of ITERATIONS REACHED LIMIT",
  "success": false,
  "iterations": 400,
  "function_evaluations": 531,
  "coil_currents": [
    100000.0,
    70346.16833203837,
    81268.13615318021,
    8116.296732614996
  ],
  "UUID": "404ea81d5ac444dea87e5d2073ecbf1f",
  "eval_time": 1272.145018333
}