{
  "nfp": 2,
  "ncoils": 4,
  "order": 3,
  "nphi": 32,
  "ntheta": 32,
  "R0": 1.0,
  "R1": 0.578539799561776,
  "UUID_init": null,
  "length_target": 4.6240281163075,
  "length_weight": 0.00015747615644285263,
  "max_\u03ba_threshold": 11.492187130879977,
  "max_\u03ba_weight": 2.0564659181190346e-08,
  "msc_threshold": 5.114567428630656,
  "msc_weight": 4.889962322994265e-06,
  "cc_threshold": 0.10817477745182053,
  "cc_weight": 9735.684989790516,
  "cs_threshold": 0.2979179731904482,
  "cs_weight": 3398.0501170359084,
  "force_threshold": 24883.77215640864,
  "force_weight": 2.4004476329875983e-12,
  "arclength_weight": 0.01,
  "JF": 3.689580326105777e-05,
  "Jf": 2.9055061721769807e-05,
  "gradient_norm": 0.0001567707967314526,
  "linking_number": 0.0022618246814315006,
  "lengths": [
    4.727922167993364,
    3.69836323471398,
    3.687033634754922,
    3.7919291801532515
  ],
  "max_length": 4.727922167993364,
  "max_\u03ba": [
    2.3567607774946397,
    2.776248385168648,
    2.35872302445659,
    2.4193073328037173
  ],
  "max_max_\u03ba": 2.776248385168648,
  "MSCs": [
    2.948545376712604,
    4.519600013867552,
    4.936701159274978,
    5.168287820096037
  ],
  "max_MSC": 5.168287820096037,
  "max_forces": [
    18658.741969689003,
    10884.705025156174,
    9191.024356603742,
    11046.84886577148
  ],
  "max_max_force": 18658.741969689003,
  "arclength_variances": [
    0.0001856913357394593,
    0.0003822493603537158,
    0.00010654035577223416,
    2.369291969191621e-05
  ],
  "max_arclength_variance": 0.0003822493603537158,
  "BdotN": 0.002153179314875119,
  "coil_coil_distance": 0.1081804316737894,
  "coil_surface_distance": 0.29788671496521735,
  "message": "STOP: TOTAL NO. of ITERATIONS REACHED LIMIT",
  "success": false,
  "iterations": 400,
  "function_evaluations": 641,
  "coil_currents": [
    100000.0,
    52193.35357211059,
    50466.90032302993,
    56206.77888222094
  ],
  "UUID": "afd9671fe44a4e3c812ceaa6f043eb34",
  "eval_time": 451.538210666
}