{
  "nfp": 2,
  "ncoils": 4,
  "order": 3,
  "nphi": 32,
  "ntheta": 32,
  "R0": 1.0,
  "R1": 0.5324771377851047,
  "UUID_init": null,
  "length_target": 4.534600675147926,
  "length_weight": 0.00964912087686424,
  "max_\u03ba_threshold": 10.82266299050088,
  "max_\u03ba_weight": 1.580320479980151e-08,
  "msc_threshold": 5.525032283424406,
  "msc_weight": 3.489325328856842e-07,
  "cc_threshold": 0.11304339969761712,
  "cc_weight": 5956.495545167614,
  "cs_threshold": 0.26650772565353953,
  "cs_weight": 3238.3053225135122,
  "force_threshold": 31832.726481061407,
  "force_weight": 9.08128275071996e-10,
  "arclength_weight": 0.01,
  "JF": 3.799438583611159e-05,
  "Jf": 3.3233254776377816e-05,
  "gradient_norm": 0.00037116407415297613,
  "linking_number": 0.004599076973162551,
  "lengths": [
    4.535791207478089,
    4.137495288129695,
    4.534788820663095,
    4.197607153474782
  ],
  "max_length": 4.535791207478089,
  "max_\u03ba": [
    2.3444243297704337,
    2.6794243895690752,
    2.590521250734638,
    2.737590132557748
  ],
  "max_max_\u03ba": 2.737590132557748,
  "MSCs": [
    2.9032533844455854,
    3.813877321400892,
    3.5950555981401404,
    4.005817957856075
  ],
  "max_MSC": 4.005817957856075,
  "max_forces": [
    30693.95626965941,
    13910.794845174578,
    14750.359766198066,
    12352.141342422212
  ],
  "max_max_force": 30693.95626965941,
  "arclength_variances": [
    0.00011310771168941863,
    0.00014456914011207547,
    0.00010956691047324938,
    0.00010811748430354374
  ],
  "max_arclength_variance": 0.00014456914011207547,
  "BdotN": 0.0023249435041212477,
  "coil_coil_distance": 0.11304384560135904,
  "coil_surface_distance": 0.26649190078315926,
  "message": "STOP: TOTAL NO. of ITERATIONS REACHED LIMIT",
  "success": false,
  "iterations": 400,
  "function_evaluations": 766,
  "coil_currents": [
    100000.0,
    56238.70392207123,
    65608.61241282063,
    62596.14663972265
  ],
  "UUID": "1728b11fcc6b43dfb8de8029c1ad8266",
  "eval_time": 455.88307921600017
}