{
  "nfp": 2,
  "ncoils": 4,
  "order": 3,
  "nphi": 32,
  "ntheta": 32,
  "R0": 1.0,
  "R1": 0.6487212287052309,
  "UUID_init": null,
  "length_target": 4.5209056638218446,
  "length_weight": 0.001992845751399029,
  "max_\u03ba_threshold": 6.7675408755773825,
  "max_\u03ba_weight": 3.6284608399868624e-06,
  "msc_threshold": 5.438306886096499,
  "msc_weight": 1.6218943044300906e-05,
  "cc_threshold": 0.11155389072949384,
  "cc_weight": 53301.817414247955,
  "cs_threshold": 0.24000526003289205,
  "cs_weight": 42.60699081453932,
  "force_threshold": 2395.5403442820934,
  "force_weight": 4.3064890370328743e-14,
  "arclength_weight": 0.01,
  "JF": 7.809984603174944e-05,
  "Jf": 3.447342138615315e-05,
  "gradient_norm": 5.354438563606813e-05,
  "linking_number": 0.016462931789458166,
  "lengths": [
    4.530617419509528,
    4.536512464961525,
    3.3887782153227817,
    4.094078414710719
  ],
  "max_length": 4.536512464961525,
  "max_\u03ba": [
    2.1390693143928554,
    1.799170362572733,
    2.9283708063612903,
    2.76279165121803
  ],
  "max_max_\u03ba": 2.9283708063612903,
  "MSCs": [
    2.5043129191631004,
    2.04402701657388,
    4.721891258222139,
    4.071849374327155
  ],
  "max_MSC": 4.721891258222139,
  "max_forces": [
    7624.313843667596,
    4305.239551361404,
    2533.171219660549,
    2601.230320268722
  ],
  "max_max_force": 7624.313843667596,
  "arclength_variances": [
    1.0318997769766958e-05,
    5.7348638222023394e-06,
    3.742700667885747e-05,
    1.367204804978238e-05
  ],
  "max_arclength_variance": 3.742700667885747e-05,
  "BdotN": 0.0022015038849697945,
  "coil_coil_distance": 0.1115788355192791,
  "coil_surface_distance": 0.23940525811524285,
  "message": "STOP: TOTAL NO. of ITERATIONS REACHED LIMIT",
  "success": false,
  "iterations": 400,
  "function_evaluations": 741,
  "coil_currents": [
    100000.0,
    -57807.29377963356,
    40887.84845362231,
    37642.65880989298
  ],
  "UUID": "c9ddb7f0355341aaa0a7ae8c35f10136",
  "eval_time": 503.610454486
}