{
  "nfp": 2,
  "ncoils": 4,
  "order": 8,
  "nphi": 32,
  "ntheta": 32,
  "R0": 1.0,
  "R1": 0.35342456060141236,
  "UUID_init": null,
  "length_target": 4.555927949808982,
  "length_weight": 0.0007927502457364687,
  "max_\u03ba_threshold": 6.3975132395263135,
  "max_\u03ba_weight": 2.4404533594725883e-09,
  "msc_threshold": 5.930585654129445,
  "msc_weight": 5.057637159838146e-07,
  "cc_threshold": 0.10177881758634673,
  "cc_weight": 148.02923575259155,
  "cs_threshold": 0.24840443982810345,
  "cs_weight": 6.050746132424748,
  "force_threshold": 41841.90680657133,
  "force_weight": 5.457923119315623e-13,
  "arclength_weight": 0.01,
  "JF": 2.439129171511932e-05,
  "Jf": 1.7690709032347796e-05,
  "gradient_norm": 0.0010910919333816133,
  "linking_number": 3.214268271477363e-07,
  "lengths": [
    4.588761864933282,
    4.550467359699528,
    4.384379587521005,
    4.567753388673301
  ],
  "max_length": 4.588761864933282,
  "max_\u03ba": [
    5.584232209000287,
    4.906706319260127,
    4.359770686099092,
    5.1583192275475
  ],
  "max_max_\u03ba": 5.584232209000287,
  "MSCs": [
    9.614545274309503,
    7.000666689409902,
    6.908546158937214,
    7.790964306753318
  ],
  "max_MSC": 9.614545274309503,
  "max_forces": [
    41647.29193539437,
    29649.160267541327,
    36511.17966637169,
    26141.01706738342
  ],
  "max_max_force": 41647.29193539437,
  "arclength_variances": [
    7.111311428392307e-05,
    2.072941581202131e-05,
    2.431868252377581e-05,
    2.1362735143175247e-05
  ],
  "max_arclength_variance": 7.111311428392307e-05,
  "BdotN": 0.001641597215605296,
  "coil_coil_distance": 0.10181352407565249,
  "coil_surface_distance": 0.2464476293649086,
  "message": "STOP: TOTAL NO. of ITERATIONS REACHED LIMIT",
  "success": false,
  "iterations": 400,
  "function_evaluations": 534,
  "coil_currents": [
    100000.0,
    83067.00926354033,
    83462.48149569622,
    87637.67527121487
  ],
  "UUID": "df832d456ab344ee8939b8bd3879cd63",
  "eval_time": 1497.816552923
}