{
  "nfp": 2,
  "ncoils": 4,
  "order": 5,
  "nphi": 32,
  "ntheta": 32,
  "R0": 1.0,
  "R1": 0.7389750458347746,
  "UUID_init": null,
  "length_target": 5.389132427470516,
  "length_weight": 0.005082536103243358,
  "max_\u03ba_threshold": 11.447245705786957,
  "max_\u03ba_weight": 5.233735334999864e-06,
  "msc_threshold": 4.815337714615502,
  "msc_weight": 7.764806394113613e-05,
  "cc_threshold": 0.1089572639659712,
  "cc_weight": 55639.72473393751,
  "cs_threshold": 0.2355640539453756,
  "cs_weight": 784.7452266022763,
  "force_threshold": 48841.70754608386,
  "force_weight": 1.5026547719260876e-13,
  "arclength_weight": 0.01,
  "JF": 1.4177535964547582e-06,
  "Jf": 1.3017586560732577e-06,
  "gradient_norm": 0.00018249002408155895,
  "linking_number": 0.00017061851960621378,
  "lengths": [
    5.308423363349928,
    4.9101322927456845,
    5.07546914402406,
    5.021660036995575
  ],
  "max_length": 5.308423363349928,
  "max_\u03ba": [
    2.724402477844406,
    2.7516740925705157,
    2.56210216904965,
    2.2282718958699363
  ],
  "max_max_\u03ba": 2.7516740925705157,
  "MSCs": [
    2.9699972125091585,
    3.372542397234366,
    3.3140690243966415,
    3.054112212934447
  ],
  "max_MSC": 3.372542397234366,
  "max_forces": [
    31261.350150077888,
    26865.81666009565,
    23878.94054093473,
    21472.861813721167
  ],
  "max_max_force": 31261.350150077888,
  "arclength_variances": [
    3.4909527983431684e-06,
    4.026244232991504e-06,
    3.160833673217832e-06,
    9.214633335975592e-07
  ],
  "max_arclength_variance": 4.026244232991504e-06,
  "BdotN": 0.0004563438486722648,
  "coil_coil_distance": 0.10896103719592254,
  "coil_surface_distance": 0.30298464184091695,
  "message": "STOP: TOTAL NO. of ITERATIONS REACHED LIMIT",
  "success": false,
  "iterations": 400,
  "function_evaluations": 901,
  "coil_currents": [
    100000.0,
    82975.54359029324,
    86385.42721927994,
    87854.73769412075
  ],
  "UUID": "c7e64f4907a54b7bab7943704597d03d",
  "eval_time": 806.4773971220002
}