{
  "nfp": 2,
  "ncoils": 4,
  "order": 9,
  "nphi": 32,
  "ntheta": 32,
  "R0": 1.0,
  "R1": 0.531869761857013,
  "UUID_init": null,
  "length_target": 4.549413115315176,
  "length_weight": 0.00031609579115684963,
  "max_\u03ba_threshold": 9.729789928216539,
  "max_\u03ba_weight": 2.076081040725942e-06,
  "msc_threshold": 5.106062691337504,
  "msc_weight": 6.540892056205013e-07,
  "cc_threshold": 0.0928762403320652,
  "cc_weight": 1991.069569124078,
  "cs_threshold": 0.17522814667913084,
  "cs_weight": 24.24883423769826,
  "force_threshold": 33779.96664745477,
  "force_weight": 1.5850504852533234e-10,
  "arclength_weight": 0.01,
  "JF": 1.3859939316559638e-06,
  "Jf": 1.3336375928787935e-06,
  "gradient_norm": 0.00020323399111289326,
  "linking_number": 4.802112240215815e-08,
  "lengths": [
    4.557977743126722,
    4.5049136698881105,
    4.449993287105924,
    4.341500439649883
  ],
  "max_length": 4.557977743126722,
  "max_\u03ba": [
    3.4644313922503907,
    3.7576165851308194,
    3.297772182891782,
    3.65919846297433
  ],
  "max_max_\u03ba": 3.7576165851308194,
  "MSCs": [
    4.020264152930857,
    4.831040371319638,
    4.383272335976476,
    4.98900944193174
  ],
  "max_MSC": 4.98900944193174,
  "max_forces": [
    33779.92577259545,
    33778.118644824826,
    28530.164032845885,
    33509.93481234556
  ],
  "max_max_force": 33779.92577259545,
  "arclength_variances": [
    1.8702172035681289e-06,
    1.0263342734226001e-06,
    4.6725718849367815e-07,
    7.124988616217794e-07
  ],
  "max_arclength_variance": 1.8702172035681289e-06,
  "BdotN": 0.0004298919708915195,
  "coil_coil_distance": 0.09375044357397537,
  "coil_surface_distance": 0.30582695674382954,
  "message": "STOP: TOTAL NO. of ITERATIONS REACHED LIMIT",
  "success": false,
  "iterations": 400,
  "function_evaluations": 495,
  "coil_currents": [
    100000.0,
    88971.09339628302,
    91838.26412837743,
    93894.20550200026
  ],
  "UUID": "774e5198d4f1428b825ba43d0b79260b",
  "eval_time": 3253.3262867619997
}