{
  "nfp": 2,
  "ncoils": 4,
  "order": 8,
  "nphi": 32,
  "ntheta": 32,
  "R0": 1.0,
  "R1": 0.6530451144168566,
  "UUID_init": null,
  "length_target": 4.978183655761848,
  "length_weight": 0.0018328342826808227,
  "max_\u03ba_threshold": 9.407253933518357,
  "max_\u03ba_weight": 2.457835729486823e-06,
  "msc_threshold": 4.0400090592666835,
  "msc_weight": 1.4595243651406366e-06,
  "cc_threshold": 0.103923974862641,
  "cc_weight": 420.9401793714755,
  "cs_threshold": 0.17879696762848907,
  "cs_weight": 1.9180198370476147,
  "force_threshold": 37850.01492937889,
  "force_weight": 2.1530896930554423e-13,
  "arclength_weight": 0.01,
  "JF": 4.25305421093856e-07,
  "Jf": 4.089248420943272e-07,
  "gradient_norm": 0.00011165611816733372,
  "linking_number": 2.1372002335232633e-07,
  "lengths": [
    4.978628696987499,
    4.873610158172913,
    4.78356662871864,
    4.691743256918016
  ],
  "max_length": 4.978628696987499,
  "max_\u03ba": [
    3.1470674397539597,
    3.47130274876806,
    3.080376647442372,
    2.8515353579697647
  ],
  "max_max_\u03ba": 3.47130274876806,
  "MSCs": [
    3.367961240790091,
    3.9906169502785023,
    3.833585004098855,
    3.6311640132150114
  ],
  "max_MSC": 3.9906169502785023,
  "max_forces": [
    32029.948968795186,
    27810.781962684265,
    24469.16704916805,
    21436.12666908537
  ],
  "max_max_force": 32029.948968795186,
  "arclength_variances": [
    1.083491539942989e-06,
    1.957178427438549e-07,
    1.839867025900654e-07,
    1.5020370041471655e-07
  ],
  "max_arclength_variance": 1.083491539942989e-06,
  "BdotN": 0.0002248734654191669,
  "coil_coil_distance": 0.10391449537451568,
  "coil_surface_distance": 0.3030184476628465,
  "message": "STOP: TOTAL NO. of ITERATIONS REACHED LIMIT",
  "success": false,
  "iterations": 400,
  "function_evaluations": 415,
  "coil_currents": [
    100000.0,
    84813.95541112327,
    87833.85476912947,
    90375.8463766754
  ],
  "UUID": "c50094b27b1a45798e630c71f2006ca4",
  "eval_time": 1985.3342451979997
}