{
  "nfp": 2,
  "ncoils": 4,
  "order": 4,
  "nphi": 32,
  "ntheta": 32,
  "R0": 1.0,
  "R1": 0.6366477544571562,
  "UUID_init": null,
  "length_target": 4.914584621723552,
  "length_weight": 0.0005064144027319137,
  "max_\u03ba_threshold": 5.98362609984843,
  "max_\u03ba_weight": 8.663363971604805e-09,
  "msc_threshold": 5.306731488724305,
  "msc_weight": 8.043530629423146e-07,
  "cc_threshold": 0.1109450388234418,
  "cc_weight": 1888.207874313218,
  "cs_threshold": 0.18327955487331898,
  "cs_weight": 32.94952964722091,
  "force_threshold": 23126.58130441253,
  "force_weight": 5.409902226537312e-13,
  "arclength_weight": 0.01,
  "JF": 2.9230499537729058e-06,
  "Jf": 2.7370459474979738e-06,
  "gradient_norm": 2.610284374712623e-05,
  "linking_number": 0.0003560276053048362,
  "lengths": [
    4.922732806094544,
    4.844292014512096,
    4.866776230693663,
    4.429320790481252
  ],
  "max_length": 4.922732806094544,
  "max_\u03ba": [
    2.4255088171176347,
    2.6506628213637566,
    3.05452378792065,
    2.448029027374455
  ],
  "max_max_\u03ba": 3.05452378792065,
  "MSCs": [
    2.7182372093295286,
    3.518111357197245,
    3.7496942377019473,
    3.6718609042943595
  ],
  "max_MSC": 3.7496942377019473,
  "max_forces": [
    23161.16708170955,
    15363.93732724765,
    15410.422514299762,
    11948.86771740786
  ],
  "max_max_force": 23161.16708170955,
  "arclength_variances": [
    1.5101052442808282e-06,
    3.2096151330338825e-06,
    1.5234660200393024e-06,
    1.051685537394474e-05
  ],
  "max_arclength_variance": 1.051685537394474e-05,
  "BdotN": 0.0006661682872578693,
  "coil_coil_distance": 0.11277083685127896,
  "coil_surface_distance": 0.24420808378450456,
  "message": "STOP: TOTAL NO. of ITERATIONS REACHED LIMIT",
  "success": false,
  "iterations": 400,
  "function_evaluations": 450,
  "coil_currents": [
    100000.0,
    63138.24961137833,
    76315.5976030102,
    68465.60107263556
  ],
  "UUID": "9a9d998c942f4adea3599f580b986911",
  "eval_time": 883.7465756479996
}