{
  "nfp": 2,
  "ncoils": 4,
  "order": 11,
  "nphi": 32,
  "ntheta": 32,
  "R0": 1.0,
  "R1": 0.6515785334528337,
  "UUID_init": null,
  "length_target": 4.850887857987293,
  "length_weight": 0.000105955192020256,
  "max_\u03ba_threshold": 8.934879840354379,
  "max_\u03ba_weight": 4.2318122888217715e-08,
  "msc_threshold": 4.025482338283919,
  "msc_weight": 5.54552027985039e-05,
  "cc_threshold": 0.08970359530024613,
  "cc_weight": 19104.49820393576,
  "cs_threshold": 0.17500549371124602,
  "cs_weight": 89.9611745579238,
  "force_threshold": 47881.8036011119,
  "force_weight": 1.242157388779749e-11,
  "arclength_weight": 0.01,
  "JF": 8.481971056819694e-07,
  "Jf": 8.1665126782556e-07,
  "gradient_norm": 0.00025106888182231934,
  "linking_number": 2.170281542710419e-09,
  "lengths": [
    4.864158682312507,
    4.7644955715904285,
    4.743961531953424,
    4.801263719118756
  ],
  "max_length": 4.864158682312507,
  "max_\u03ba": [
    3.4368650085837613,
    3.7161693402888085,
    4.0057626057585844,
    3.2848467435276345
  ],
  "max_max_\u03ba": 4.0057626057585844,
  "MSCs": [
    3.916746759317692,
    4.032051219430563,
    3.9883830135207474,
    4.002243981784057
  ],
  "max_MSC": 4.032051219430563,
  "max_forces": [
    36597.64466683741,
    31946.451856543892,
    29460.74079230822,
    29675.433861478385
  ],
  "max_max_force": 36597.64466683741,
  "arclength_variances": [
    6.555538423978102e-07,
    2.470961712383527e-07,
    9.115686329191493e-07,
    2.8770622836650925e-07
  ],
  "max_arclength_variance": 9.115686329191493e-07,
  "BdotN": 0.0002971220573845278,
  "coil_coil_distance": 0.09543885864739853,
  "coil_surface_distance": 0.2955460474530202,
  "message": "STOP: TOTAL NO. of ITERATIONS REACHED LIMIT",
  "success": false,
  "iterations": 400,
  "function_evaluations": 443,
  "coil_currents": [
    100000.0,
    86102.24517780374,
    89437.54578402094,
    91744.54093957586
  ],
  "UUID": "1ab7f7111e244a9589e40b72d45015e5",
  "eval_time": 78.265773986
}