{
  "nfp": 2,
  "ncoils": 4,
  "order": 6,
  "nphi": 32,
  "ntheta": 32,
  "R0": 1.0,
  "R1": 0.4550326046564134,
  "UUID_init": null,
  "length_target": 5.892641674516131,
  "length_weight": 0.004208101373373915,
  "max_\u03ba_threshold": 5.812402054422506,
  "max_\u03ba_weight": 1.904366655052109e-07,
  "msc_threshold": 4.284519269747698,
  "msc_weight": 0.00015128455552357344,
  "cc_threshold": 0.10968653053152387,
  "cc_weight": 1230.991238669871,
  "cs_threshold": 0.22532288085307525,
  "cs_weight": 5227.08423818923,
  "force_threshold": 6415.180800695619,
  "force_weight": 2.1755162098506267e-14,
  "arclength_weight": 0.01,
  "JF": 0.00018621680365686998,
  "Jf": 0.00011073334096099189,
  "gradient_norm": 0.0018021384869223317,
  "linking_number": 8.000001171616034,
  "lengths": [
    5.944473994588887,
    5.411144546183974,
    5.137979758924025,
    4.546586692684806
  ],
  "max_length": 5.944473994588887,
  "max_\u03ba": [
    3.690315968232565,
    3.45396754400094,
    3.572536135710841,
    3.220098400325604
  ],
  "max_max_\u03ba": 3.690315968232565,
  "MSCs": [
    4.8466193087460985,
    4.401933662362683,
    4.3016773376667,
    3.8541772561007845
  ],
  "max_MSC": 4.8466193087460985,
  "max_forces": [
    13847.572296969758,
    3337.40329226291,
    4613.3470862061195,
    4190.2051438026265
  ],
  "max_max_force": 13847.572296969758,
  "arclength_variances": [
    0.00010149378131879442,
    0.00014457289207085876,
    9.545764651526223e-05,
    0.0001562587732724725
  ],
  "max_arclength_variance": 0.0001562587732724725,
  "BdotN": 0.0037374876889700427,
  "coil_coil_distance": 0.10978433484924412,
  "coil_surface_distance": 0.22591178423969013,
  "message": "STOP: TOTAL NO. of ITERATIONS REACHED LIMIT",
  "success": false,
  "iterations": 400,
  "function_evaluations": 584,
  "coil_currents": [
    100000.0,
    21111.64323375075,
    35954.99390241562,
    42093.443369125125
  ],
  "UUID": "c1f0ba77aa7d43cd93bba55b694efff8",
  "eval_time": 888.7862176350027
}