{
  "nfp": 2,
  "ncoils": 4,
  "order": 6,
  "nphi": 32,
  "ntheta": 32,
  "R0": 1.0,
  "R1": 0.38821511518573915,
  "UUID_init": null,
  "length_target": 4.763302649847725,
  "length_weight": 0.003092577868291728,
  "max_\u03ba_threshold": 5.687490183494223,
  "max_\u03ba_weight": 3.3363532731174974e-07,
  "msc_threshold": 4.755836192165777,
  "msc_weight": 1.5990027959380135e-06,
  "cc_threshold": 0.10575398784179298,
  "cc_weight": 3729.0853097292083,
  "cs_threshold": 0.16908558590669923,
  "cs_weight": 9.765714855488413,
  "force_threshold": 23663.044946624057,
  "force_weight": 6.753642969883365e-14,
  "arclength_weight": 0.01,
  "JF": 2.1312241582493235e-06,
  "Jf": 1.9553197306149145e-06,
  "gradient_norm": 8.410190243608063e-05,
  "linking_number": 6.0599777509427125e-06,
  "lengths": [
    4.764859108134907,
    4.21692257641378,
    4.350378932816675,
    4.390158532386244
  ],
  "max_length": 4.764859108134907,
  "max_\u03ba": [
    2.7309215766728028,
    3.2600396436774974,
    2.780432202828179,
    2.7005068505175145
  ],
  "max_max_\u03ba": 3.2600396436774974,
  "MSCs": [
    3.6771112409726276,
    4.719866307130903,
    4.268415649136174,
    3.9506636674542617
  ],
  "max_MSC": 4.719866307130903,
  "max_forces": [
    24040.441379825672,
    22157.413145783215,
    23852.94165956211,
    19037.73031091032
  ],
  "max_max_force": 24040.441379825672,
  "arclength_variances": [
    9.200015926164775e-06,
    3.927712623234192e-06,
    4.932031399304945e-07,
    2.002173081167792e-07
  ],
  "max_arclength_variance": 9.200015926164775e-06,
  "BdotN": 0.0005128593075953689,
  "coil_coil_distance": 0.10575411333301142,
  "coil_surface_distance": 0.23925398531327333,
  "message": "STOP: TOTAL NO. of ITERATIONS REACHED LIMIT",
  "success": false,
  "iterations": 400,
  "function_evaluations": 514,
  "coil_currents": [
    100000.0,
    60220.636975780704,
    77673.94838682776,
    82850.38566231239
  ],
  "UUID": "1e88caa71d4e41a1bf0c544103b699f0",
  "eval_time": 1321.3667780420005
}