{
  "nfp": 2,
  "ncoils": 4,
  "order": 6,
  "nphi": 32,
  "ntheta": 32,
  "R0": 1.0,
  "R1": 0.4311636786163432,
  "UUID_init": null,
  "length_target": 5.0,
  "length_weight": 0.0004986620318080235,
  "max_\u03ba_threshold": 10.963082047782251,
  "max_\u03ba_weight": 1.8459917077896588e-09,
  "msc_threshold": 4.9320185099257285,
  "msc_weight": 5.348701044442183e-05,
  "cc_threshold": 0.0974561011770974,
  "cc_weight": 44933.42477460239,
  "cs_threshold": 0.258099872980002,
  "cs_weight": 5.490629203349427,
  "force_threshold": 14034.098779538379,
  "force_weight": 4.933696288415358e-13,
  "arclength_weight": 0.01,
  "JF": 2.861220334994568e-06,
  "Jf": 2.7274036789001893e-06,
  "gradient_norm": 6.011448435502873e-05,
  "linking_number": 9.373675603875618e-10,
  "lengths": [
    5.011116442724358,
    3.9077254291158594,
    3.767117153827665,
    3.675540153991164
  ],
  "max_length": 5.011116442724358,
  "max_\u03ba": [
    2.9164277135350742,
    3.5689368905304177,
    3.2607913774604524,
    3.0888439957456355
  ],
  "max_max_\u03ba": 3.5689368905304177,
  "MSCs": [
    2.9872881779937828,
    4.93546587046216,
    4.933102523866177,
    4.930815389961198
  ],
  "max_MSC": 4.93546587046216,
  "max_forces": [
    14138.573553484759,
    8979.547040093057,
    8189.475724283406,
    7559.859726375148
  ],
  "max_max_force": 14138.573553484759,
  "arclength_variances": [
    3.942775227653437e-06,
    1.6643908319971117e-06,
    1.1267410214895984e-07,
    1.2185176972853275e-07
  ],
  "max_arclength_variance": 3.942775227653437e-06,
  "BdotN": 0.0006060693311984595,
  "coil_coil_distance": 0.1698501716129933,
  "coil_surface_distance": 0.25652981652183054,
  "message": "STOP: TOTAL NO. of ITERATIONS REACHED LIMIT",
  "success": false,
  "iterations": 400,
  "function_evaluations": 408,
  "coil_currents": [
    100000.0,
    44251.72224335589,
    49993.884581552105,
    53133.067005355086
  ],
  "UUID": "d19d26eda9ac476886184842a05e8dfd",
  "eval_time": 1200.691090403
}