{
  "nfp": 2,
  "ncoils": 4,
  "order": 7,
  "nphi": 32,
  "ntheta": 32,
  "R0": 1.0,
  "R1": 0.3740200202737515,
  "UUID_init": null,
  "length_target": 4.833440495711507,
  "length_weight": 0.00010719308560637494,
  "max_\u03ba_threshold": 6.58156070545776,
  "max_\u03ba_weight": 7.010343743965198e-07,
  "msc_threshold": 4.285217579209336,
  "msc_weight": 2.522854864930159e-07,
  "cc_threshold": 0.11999040325306454,
  "cc_weight": 15089.38273739967,
  "cs_threshold": 0.21948400219123526,
  "cs_weight": 7.2279310911493475,
  "force_threshold": 18319.717731792458,
  "force_weight": 1.6681000435373804e-10,
  "arclength_weight": 0.01,
  "JF": 0.037632181584436555,
  "Jf": 9.232794003393555e-05,
  "gradient_norm": 0.0016616730013011343,
  "linking_number": 1.3606618365921927e-06,
  "lengths": [
    5.307208723577792,
    4.865269490789628,
    4.318656139128999,
    4.842036861390567
  ],
  "max_length": 5.307208723577792,
  "max_\u03ba": [
    3.3379212042009976,
    4.510312374878294,
    5.182977116841272,
    5.071640808453403
  ],
  "max_max_\u03ba": 5.182977116841272,
  "MSCs": [
    3.0690323783909035,
    8.977394495546953,
    10.468776799439409,
    9.314225424625276
  ],
  "max_MSC": 10.468776799439409,
  "max_forces": [
    12259.822411424375,
    3265.363138044172,
    1787.6490811270264,
    3008.8656531200295
  ],
  "max_max_force": 12259.822411424375,
  "arclength_variances": [
    9.261093627690011e-05,
    0.00012740808119312758,
    0.00012883128006245932,
    0.0001211024888067744
  ],
  "max_arclength_variance": 0.00012883128006245932,
  "BdotN": 0.004084221170705667,
  "coil_coil_distance": 0.12029300451469832,
  "coil_surface_distance": 0.02271705180933894,
  "message": "STOP: TOTAL NO. of ITERATIONS REACHED LIMIT",
  "success": false,
  "iterations": 400,
  "function_evaluations": 658,
  "coil_currents": [
    100000.0,
    21248.416515592788,
    18536.155767011296,
    28609.371099051274
  ],
  "UUID": "b37057f57c5747319cab9186cf6b48c5",
  "eval_time": 1768.3634998860007
}