{
  "nfp": 2,
  "ncoils": 4,
  "order": 7,
  "nphi": 32,
  "ntheta": 32,
  "R0": 1.0,
  "R1": 0.5986805315643615,
  "UUID_init": null,
  "length_target": 5.7250871295777275,
  "length_weight": 0.006965855444154771,
  "max_\u03ba_threshold": 7.080549387385364,
  "max_\u03ba_weight": 1.0018679698935908e-06,
  "msc_threshold": 5.391101397440543,
  "msc_weight": 4.1043020999618155e-07,
  "cc_threshold": 0.11195382742256739,
  "cc_weight": 229.8203041916235,
  "cs_threshold": 0.22724907704680558,
  "cs_weight": 1.4577143397324304,
  "force_threshold": 23567.1222253577,
  "force_weight": 4.5003203778781325e-11,
  "arclength_weight": 0.01,
  "JF": 0.0030224275044821135,
  "Jf": 3.327756670429215e-06,
  "gradient_norm": 0.0002627290287919924,
  "linking_number": 3.3138388587370657e-06,
  "lengths": [
    5.725240448844919,
    5.713817004519613,
    5.724718066533257,
    3.7413447485191966
  ],
  "max_length": 5.725240448844919,
  "max_\u03ba": [
    2.809078272559237,
    4.043852575143219,
    4.545210955744269,
    4.223106530338644
  ],
  "max_max_\u03ba": 4.545210955744269,
  "MSCs": [
    2.707124364553443,
    4.937737212990267,
    6.485221497081105,
    6.094636297616715
  ],
  "max_MSC": 6.485221497081105,
  "max_forces": [
    21822.989830383205,
    16384.56730888993,
    15855.38787213354,
    1713.65590682184
  ],
  "max_max_force": 21822.989830383205,
  "arclength_variances": [
    1.8372172309327404e-06,
    5.240027710983564e-06,
    8.301592277701988e-06,
    6.254420153015684e-05
  ],
  "max_arclength_variance": 6.254420153015684e-05,
  "BdotN": 0.0007696943839081405,
  "coil_coil_distance": 0.11192017942625275,
  "coil_surface_distance": 0.018107958838197272,
  "message": "STOP: TOTAL NO. of ITERATIONS REACHED LIMIT",
  "success": false,
  "iterations": 400,
  "function_evaluations": 478,
  "coil_currents": [
    100000.0,
    74062.645844662,
    89608.64359154362,
    7949.237078920736
  ],
  "UUID": "a1f272d323024dd08f084bf55eee9cac",
  "eval_time": 1864.2566455519998
}