{
  "nfp": 2,
  "ncoils": 4,
  "order": 7,
  "nphi": 32,
  "ntheta": 32,
  "R0": 1.0,
  "R1": 0.6155173647159343,
  "UUID_init": null,
  "length_target": 4.629675410152465,
  "length_weight": 0.0017570729692618589,
  "max_\u03ba_threshold": 9.655037285788973,
  "max_\u03ba_weight": 1.8751212975283114e-07,
  "msc_threshold": 4.865813614327268,
  "msc_weight": 1.445492627401737e-07,
  "cc_threshold": 0.09911604338443261,
  "cc_weight": 282.5285754597243,
  "cs_threshold": 0.26457421153489397,
  "cs_weight": 0.7664726542678063,
  "force_threshold": 25056.829910527,
  "force_weight": 6.564474899173422e-12,
  "arclength_weight": 0.01,
  "JF": 1.4224827001984313e-06,
  "Jf": 1.3658851651442813e-06,
  "gradient_norm": 0.000178112897041069,
  "linking_number": 1.0127142946881419e-06,
  "lengths": [
    4.631199376859036,
    4.630035503611768,
    4.593892088002734,
    4.295028179837011
  ],
  "max_length": 4.631199376859036,
  "max_\u03ba": [
    2.9195278708810353,
    3.6123992713989663,
    3.2864643476558952,
    2.777189578973579
  ],
  "max_max_\u03ba": 3.6123992713989663,
  "MSCs": [
    3.5754658817156946,
    4.619367695248109,
    4.358754866956467,
    3.946688779297614
  ],
  "max_MSC": 4.619367695248109,
  "max_forces": [
    25063.06843115179,
    21723.69410967298,
    20280.9651760645,
    22571.957988863356
  ],
  "max_max_force": 25063.06843115179,
  "arclength_variances": [
    2.314523402618957e-06,
    2.3489380565860766e-06,
    3.1768423145045595e-07,
    3.546082513057768e-07
  ],
  "max_arclength_variance": 2.3489380565860766e-06,
  "BdotN": 0.0004522147067823021,
  "coil_coil_distance": 0.10174013967542248,
  "coil_surface_distance": 0.2820009325284932,
  "message": "STOP: TOTAL NO. of ITERATIONS REACHED LIMIT",
  "success": false,
  "iterations": 400,
  "function_evaluations": 414,
  "coil_currents": [
    100000.0,
    79605.86347468689,
    83617.74368924936,
    87831.23718975521
  ],
  "UUID": "79d0bd7fce5d45f7b3bc721cafa171e6",
  "eval_time": 1134.266029202
}