{
  "nfp": 2,
  "ncoils": 4,
  "order": 5,
  "nphi": 32,
  "ntheta": 32,
  "R0": 1.0,
  "R1": 0.38453469504887733,
  "UUID_init": null,
  "length_target": 4.520777006510596,
  "length_weight": 0.0001585348722734295,
  "max_\u03ba_threshold": 8.410444036499195,
  "max_\u03ba_weight": 8.490084940501333e-07,
  "msc_threshold": 5.851159053133678,
  "msc_weight": 1.3907568638189555e-06,
  "cc_threshold": 0.08563161377982367,
  "cc_weight": 43615.25923267518,
  "cs_threshold": 0.27140389167091217,
  "cs_weight": 643.6653021497189,
  "force_threshold": 42826.07230003519,
  "force_weight": 2.2542114737679334e-10,
  "arclength_weight": 0.01,
  "JF": 6.33250268974881e-06,
  "Jf": 5.752538286206521e-06,
  "gradient_norm": 0.0003676800714289772,
  "linking_number": 3.999802957681283,
  "lengths": [
    4.426693970163652,
    4.120625732999789,
    4.142005931251837,
    4.5508304558042285
  ],
  "max_length": 4.5508304558042285,
  "max_\u03ba": [
    3.171486578111708,
    3.0156725918958966,
    3.1840169024644758,
    3.0363388489674956
  ],
  "max_max_\u03ba": 3.1840169024644758,
  "MSCs": [
    4.1158243615970935,
    4.271469011012927,
    4.989933553882771,
    4.23787217783216
  ],
  "max_MSC": 4.989933553882771,
  "max_forces": [
    34984.9365870303,
    33317.707910164434,
    29335.50241132303,
    35980.794756465344
  ],
  "max_max_force": 35980.794756465344,
  "arclength_variances": [
    3.788113667803138e-06,
    2.6180291245625713e-06,
    4.0208227407490164e-06,
    4.0409962192657593e-05
  ],
  "max_arclength_variance": 4.0409962192657593e-05,
  "BdotN": 0.0009864236219152998,
  "coil_coil_distance": 0.08563559777118102,
  "coil_surface_distance": 0.2991537334463155,
  "message": "ABNORMAL_TERMINATION_IN_LNSRCH",
  "success": false,
  "iterations": 393,
  "function_evaluations": 1464,
  "coil_currents": [
    100000.0,
    96661.57450663538,
    94450.74951472176,
    93755.35135754009
  ],
  "UUID": "2b4e6c8ff8aa4ae1a0c869a3440882f5",
  "eval_time": 888.551133469
}