{
  "nfp": 2,
  "ncoils": 4,
  "order": 5,
  "nphi": 32,
  "ntheta": 32,
  "R0": 1.0,
  "R1": 0.6786416735681609,
  "UUID_init": null,
  "length_target": 5.797988619362994,
  "length_weight": 0.000352845840761465,
  "max_\u03ba_threshold": 9.540851333935887,
  "max_\u03ba_weight": 1.6314675219763102e-07,
  "msc_threshold": 4.422996952726956,
  "msc_weight": 0.00010386447364846427,
  "cc_threshold": 0.10289681606936679,
  "cc_weight": 595.1752558896434,
  "cs_threshold": 0.19657945288434925,
  "cs_weight": 1171.4766393941907,
  "force_threshold": 7395.666447885363,
  "force_weight": 8.876120198458104e-10,
  "arclength_weight": 0.01,
  "JF": 6.272461165967697e-05,
  "Jf": 5.860757364882038e-05,
  "gradient_norm": 0.000461183469942909,
  "linking_number": 0.002903079010210852,
  "lengths": [
    5.927732732818589,
    4.743232620980997,
    5.689349456916782,
    5.527947794245744
  ],
  "max_length": 5.927732732818589,
  "max_\u03ba": [
    1.991430423554561,
    3.015392375367844,
    3.1494344877239913,
    2.9254657537264244
  ],
  "max_max_\u03ba": 3.1494344877239913,
  "MSCs": [
    2.093609854738062,
    4.432896688546884,
    4.221781901888377,
    3.9386985512058508
  ],
  "max_MSC": 4.432896688546884,
  "max_forces": [
    7397.197523498763,
    2514.860468629523,
    1713.8800731630915,
    628.5851415900784
  ],
  "max_max_force": 7397.197523498763,
  "arclength_variances": [
    8.088873200210649e-05,
    1.873423974136886e-05,
    8.30332805664768e-06,
    5.326720196618089e-06
  ],
  "max_arclength_variance": 8.088873200210649e-05,
  "BdotN": 0.003440520806545932,
  "coil_coil_distance": 0.10297283280191223,
  "coil_surface_distance": 0.22126013048649862,
  "message": "STOP: TOTAL NO. of ITERATIONS REACHED LIMIT",
  "success": false,
  "iterations": 400,
  "function_evaluations": 556,
  "coil_currents": [
    100000.0,
    15157.929867130768,
    18728.90673692068,
    11964.636879405796
  ],
  "UUID": "0feb74352b4b44a699a345e500050232",
  "eval_time": 1130.9301074980003
}