{
  "nfp": 2,
  "ncoils": 4,
  "order": 5,
  "nphi": 32,
  "ntheta": 32,
  "R0": 1.0,
  "R1": 0.7139424134543706,
  "UUID_init": null,
  "length_target": 5.141579609392094,
  "length_weight": 0.0020773012142901543,
  "max_\u03ba_threshold": 6.466823508431124,
  "max_\u03ba_weight": 1.4195076059773588e-07,
  "msc_threshold": 5.480831143851679,
  "msc_weight": 0.0002832405556987253,
  "cc_threshold": 0.09302844805588747,
  "cc_weight": 1329.2883731584711,
  "cs_threshold": 0.2264673242702105,
  "cs_weight": 407.3467918017746,
  "force_threshold": 48212.66167506027,
  "force_weight": 3.8623506803228596e-11,
  "arclength_weight": 0.01,
  "JF": 6.335766083677881e-07,
  "Jf": 5.894348485412897e-07,
  "gradient_norm": 8.33211455263078e-05,
  "linking_number": 0.0003561532184567562,
  "lengths": [
    5.141978302567619,
    4.942291585460118,
    4.9735549688498795,
    5.141795277241366
  ],
  "max_length": 5.141978302567619,
  "max_\u03ba": [
    2.6047710844885845,
    2.582208788127631,
    2.6592931119662673,
    2.5520766284489595
  ],
  "max_max_\u03ba": 2.6592931119662673,
  "MSCs": [
    2.9489388406209565,
    3.2096980973779754,
    3.4658264572045003,
    3.04456496043302
  ],
  "max_MSC": 3.4658264572045003,
  "max_forces": [
    34329.87377492568,
    29546.562429945337,
    23755.438701686897,
    23599.83982827235
  ],
  "max_max_force": 34329.87377492568,
  "arclength_variances": [
    3.8279711828324934e-07,
    1.3372956020745874e-06,
    1.9167859645183256e-06,
    7.559562611764866e-07
  ],
  "max_arclength_variance": 1.9167859645183256e-06,
  "BdotN": 0.000311377093311181,
  "coil_coil_distance": 0.09398530167445339,
  "coil_surface_distance": 0.3105707355743331,
  "message": "STOP: TOTAL NO. of ITERATIONS REACHED LIMIT",
  "success": false,
  "iterations": 400,
  "function_evaluations": 511,
  "coil_currents": [
    100000.0,
    80067.69462470878,
    88368.80842104992,
    90515.29872418927
  ],
  "UUID": "55cfe1b3f08c40df8530ca7a211f8386",
  "eval_time": 1182.602214171
}