{
  "nfp": 2,
  "ncoils": 4,
  "order": 3,
  "nphi": 32,
  "ntheta": 32,
  "R0": 1.0,
  "R1": 0.4253541424319601,
  "UUID_init": null,
  "length_target": 5.0,
  "length_weight": 0.001012745996154097,
  "max_\u03ba_threshold": 6.3781912030273045,
  "max_\u03ba_weight": 4.0138231408555624e-09,
  "msc_threshold": 4.987713773829708,
  "msc_weight": 0.00031426093907872826,
  "cc_threshold": 0.10614931736525403,
  "cc_weight": 572.5599468709341,
  "cs_threshold": 0.27461355230990503,
  "cs_weight": 0.391051345014802,
  "force_threshold": 32235.758964157336,
  "force_weight": 7.114204144105398e-13,
  "arclength_weight": 0.01,
  "JF": 2.4945518875479085e-05,
  "Jf": 2.2321820301758654e-05,
  "gradient_norm": 0.00010320849913256117,
  "linking_number": 0.02353395697862532,
  "lengths": [
    5.013488391911217,
    5.001362548519281,
    4.095881902184977,
    3.9457289473270363
  ],
  "max_length": 5.013488391911217,
  "max_\u03ba": [
    2.174756861170544,
    2.414582491545844,
    2.1784710365147744,
    2.38434703521102
  ],
  "max_max_\u03ba": 2.414582491545844,
  "MSCs": [
    2.4995567201253808,
    3.1852902926382267,
    4.186339967432301,
    4.993117707955976
  ],
  "max_MSC": 4.993117707955976,
  "max_forces": [
    23728.694166572688,
    9099.699419341317,
    9727.507668642278,
    8840.95864299355
  ],
  "max_max_force": 23728.694166572688,
  "arclength_variances": [
    0.00017039847904333128,
    1.9781358525410907e-05,
    3.482591594946238e-05,
    7.455357500463543e-06
  ],
  "max_arclength_variance": 0.00017039847904333128,
  "BdotN": 0.0018687941377616923,
  "coil_coil_distance": 0.10614691149569178,
  "coil_surface_distance": 0.2642911497031722,
  "message": "STOP: TOTAL NO. of ITERATIONS REACHED LIMIT",
  "success": false,
  "iterations": 400,
  "function_evaluations": 678,
  "coil_currents": [
    100000.0,
    42407.00453239874,
    46235.640693523936,
    48328.942057071006
  ],
  "UUID": "c600c8f642aa43718ab7a8039b4d6d47",
  "eval_time": 477.69756348199996
}