{
  "nfp": 2,
  "ncoils": 4,
  "order": 3,
  "nphi": 32,
  "ntheta": 32,
  "R0": 1.0,
  "R1": 0.32448097182270436,
  "UUID_init": null,
  "length_target": 4.7348085197630905,
  "length_weight": 0.0006858485500223507,
  "max_\u03ba_threshold": 9.684771985100124,
  "max_\u03ba_weight": 2.4991128343879022e-06,
  "msc_threshold": 4.365311249797352,
  "msc_weight": 0.0005239292751070495,
  "cc_threshold": 0.10720738841776012,
  "cc_weight": 71628.05498810505,
  "cs_threshold": 0.29482890544026885,
  "cs_weight": 794.2331832822,
  "force_threshold": 23751.648065249537,
  "force_weight": 1.075876743893756e-12,
  "arclength_weight": 0.01,
  "JF": 6.872219955354998e-05,
  "Jf": 4.928107114040244e-05,
  "gradient_norm": 0.0009496429096087183,
  "linking_number": 0.004102323735348291,
  "lengths": [
    4.724757015653803,
    4.2713771083172105,
    4.043287390301535,
    4.0522279629130935
  ],
  "max_length": 4.724757015653803,
  "max_\u03ba": [
    2.3231318666454075,
    2.736648814146356,
    2.5462049123481343,
    2.486625844752175
  ],
  "max_max_\u03ba": 2.736648814146356,
  "MSCs": [
    2.8495244963652246,
    3.984665453642667,
    3.897845086961911,
    4.181575518912818
  ],
  "max_MSC": 4.181575518912818,
  "max_forces": [
    24094.843983176495,
    22411.70657779665,
    17391.97738971876,
    15695.87399675322
  ],
  "max_max_force": 24094.843983176495,
  "arclength_variances": [
    8.863969246075409e-05,
    0.00046418962298291607,
    0.0005983770116293849,
    0.0007626856749041543
  ],
  "max_arclength_variance": 0.0007626856749041543,
  "BdotN": 0.0028983801895555036,
  "coil_coil_distance": 0.1072318282155493,
  "coil_surface_distance": 0.294803229223101,
  "message": "ABNORMAL_TERMINATION_IN_LNSRCH",
  "success": false,
  "iterations": 146,
  "function_evaluations": 428,
  "coil_currents": [
    100000.0,
    52852.573028509396,
    79291.07438759015,
    78342.30858125983
  ],
  "UUID": "14ab53b7b27c41659f7b7a203a76e817",
  "eval_time": 326.6191757329998
}