{
  "nfp": 2,
  "ncoils": 4,
  "order": 4,
  "nphi": 32,
  "ntheta": 32,
  "R0": 1.0,
  "R1": 0.7029252252839026,
  "UUID_init": null,
  "length_target": 4.9820029353663156,
  "length_weight": 0.00016041502598238268,
  "max_\u03ba_threshold": 10.67555606563283,
  "max_\u03ba_weight": 3.2241562912684914e-07,
  "msc_threshold": 5.495066029434863,
  "msc_weight": 0.00017141151935198476,
  "cc_threshold": 0.10335774663454114,
  "cc_weight": 1399.2025506482303,
  "cs_threshold": 0.22346678909158713,
  "cs_weight": 6.058117623290003,
  "force_threshold": 13951.973718545674,
  "force_weight": 1.694878818179798e-11,
  "arclength_weight": 0.01,
  "JF": 0.011538564996941805,
  "Jf": 9.510819475267037e-06,
  "gradient_norm": 8.828687789698508e-05,
  "linking_number": 4.3919059249772166e-05,
  "lengths": [
    5.065726498961116,
    4.348168866216681,
    4.917081443437615,
    3.448589061808852
  ],
  "max_length": 5.065726498961116,
  "max_\u03ba": [
    2.429913499883584,
    2.850288648784902,
    2.800968806638579,
    3.7004786767202353
  ],
  "max_max_\u03ba": 3.7004786767202353,
  "MSCs": [
    2.6305303874656047,
    4.046023019124675,
    3.26071240886253,
    5.513870124834971
  ],
  "max_MSC": 5.513870124834971,
  "max_forces": [
    13971.780835983209,
    7553.786146426863,
    8427.257822945949,
    569.7689349836667
  ],
  "max_max_force": 13971.780835983209,
  "arclength_variances": [
    1.3466642200243157e-05,
    3.1824291070709856e-06,
    2.8608648927489135e-05,
    0.0013579196989429098
  ],
  "max_arclength_variance": 0.0013579196989429098,
  "BdotN": 0.0011817575592563579,
  "coil_coil_distance": 0.10523077538438275,
  "coil_surface_distance": 0.03223459950069173,
  "message": "STOP: TOTAL NO. of ITERATIONS REACHED LIMIT",
  "success": false,
  "iterations": 400,
  "function_evaluations": 531,
  "coil_currents": [
    100000.0,
    46963.99897624944,
    69345.35209988474,
    3275.862284925667
  ],
  "UUID": "fabb17cdf41a4ccfb8a980f5ea9fcd49",
  "eval_time": 435.849333215
}