{
  "nfp": 2,
  "ncoils": 4,
  "order": 9,
  "nphi": 32,
  "ntheta": 32,
  "R0": 1.0,
  "R1": 0.7115708307616113,
  "UUID_init": null,
  "length_target": 4.987951024100292,
  "length_weight": 0.006652310483017423,
  "max_\u03ba_threshold": 8.70098199285549,
  "max_\u03ba_weight": 7.082106401040988e-09,
  "msc_threshold": 4.96372976812035,
  "msc_weight": 1.1222209342131995e-07,
  "cc_threshold": 0.08606366632585259,
  "cc_weight": 3671.9312228390454,
  "cs_threshold": 0.1732548643702629,
  "cs_weight": 0.2558051082614619,
  "force_threshold": 35185.09146969971,
  "force_weight": 8.667666502534357e-11,
  "arclength_weight": 0.01,
  "JF": 0.0003653253883886001,
  "Jf": 3.544870890280782e-05,
  "gradient_norm": 0.0012077239451246656,
  "linking_number": 4.767438357077145e-07,
  "lengths": [
    4.990106464537534,
    4.988570705120842,
    4.940779917902294,
    2.7435723878867875
  ],
  "max_length": 4.990106464537534,
  "max_\u03ba": [
    3.1536994744764524,
    5.93407334299705,
    6.749279617075584,
    9.673483085583468
  ],
  "max_max_\u03ba": 9.673483085583468,
  "MSCs": [
    3.23749014401174,
    7.8715215245608965,
    11.651248139814397,
    24.485685233493687
  ],
  "max_MSC": 24.485685233493687,
  "max_forces": [
    17493.731855552407,
    9391.51095089173,
    8046.366498197265,
    6733.896737914543
  ],
  "max_max_force": 17493.731855552407,
  "arclength_variances": [
    1.059622774704666e-05,
    1.2163295193058284e-05,
    6.11350758960466e-05,
    0.00010903233687159218
  ],
  "max_arclength_variance": 0.00010903233687159218,
  "BdotN": 0.002382584664660057,
  "coil_coil_distance": 0.08893903768179644,
  "coil_surface_distance": 0.003891195101872136,
  "message": "STOP: TOTAL NO. of ITERATIONS REACHED LIMIT",
  "success": false,
  "iterations": 400,
  "function_evaluations": 457,
  "coil_currents": [
    100000.0,
    67618.86949001343,
    29577.46596931312,
    41180.35336755197
  ],
  "UUID": "2fb05618c35f47aea293b48122c2dc8e",
  "eval_time": 2600.773208684
}