{
  "nfp": 2,
  "ncoils": 4,
  "order": 9,
  "nphi": 32,
  "ntheta": 32,
  "R0": 1.0,
  "R1": 0.4346633146171014,
  "UUID_init": null,
  "length_target": 4.6868076253868525,
  "length_weight": 0.0007357263559414721,
  "max_\u03ba_threshold": 7.74410441982225,
  "max_\u03ba_weight": 1.1080115160690573e-07,
  "msc_threshold": 4.617541974238973,
  "msc_weight": 1.9146634595854228e-07,
  "cc_threshold": 0.10245689970161793,
  "cc_weight": 205.86995464780338,
  "cs_threshold": 0.27714152224414157,
  "cs_weight": 0.15249879495624932,
  "force_threshold": 30753.088137082133,
  "force_weight": 2.7601318975033707e-14,
  "arclength_weight": 0.01,
  "JF": 1.97298103725903e-06,
  "Jf": 1.8513414588222183e-06,
  "gradient_norm": 0.00018947238571258217,
  "linking_number": 8.017573011661016e-09,
  "lengths": [
    4.692352771544907,
    4.626154706413084,
    4.430790508648813,
    4.365235006980741
  ],
  "max_length": 4.692352771544907,
  "max_\u03ba": [
    4.073895519501889,
    4.668464047162791,
    3.884186809752228,
    3.5081348603327625
  ],
  "max_max_\u03ba": 4.668464047162791,
  "MSCs": [
    4.916365462065136,
    5.410799204397203,
    4.770286416416023,
    4.520332493761192
  ],
  "max_MSC": 5.410799204397203,
  "max_forces": [
    31148.29544597973,
    30783.57182068562,
    24957.074353425367,
    19751.29134015899
  ],
  "max_max_force": 31148.29544597973,
  "arclength_variances": [
    7.823908682094476e-07,
    4.102389210284587e-07,
    4.909308754783272e-07,
    4.897002355319153e-07
  ],
  "max_arclength_variance": 7.823908682094476e-07,
  "BdotN": 0.0005019807092661195,
  "coil_coil_distance": 0.10239966328353807,
  "coil_surface_distance": 0.27407859635888543,
  "message": "STOP: TOTAL NO. of ITERATIONS REACHED LIMIT",
  "success": false,
  "iterations": 400,
  "function_evaluations": 422,
  "coil_currents": [
    100000.0,
    81195.43810016238,
    84658.1745433322,
    88125.35304746823
  ],
  "UUID": "c6e44f9a8dfc4c4bab050fddcf005c83",
  "eval_time": 3046.7356408179994
}