{
  "nfp": 2,
  "ncoils": 4,
  "order": 6,
  "nphi": 32,
  "ntheta": 32,
  "R0": 1.0,
  "R1": 0.326935516902563,
  "UUID_init": null,
  "length_target": 5.924840384932718,
  "length_weight": 0.0009379177754093068,
  "max_\u03ba_threshold": 7.597303744508954,
  "max_\u03ba_weight": 5.199112578532767e-06,
  "msc_threshold": 4.358414175213937,
  "msc_weight": 4.2215234481047006e-06,
  "cc_threshold": 0.09874415285744823,
  "cc_weight": 115.50723775318932,
  "cs_threshold": 0.25656244133534595,
  "cs_weight": 85.76903878307726,
  "force_threshold": 3190.131404797425,
  "force_weight": 5.2524840707539904e-12,
  "arclength_weight": 0.01,
  "JF": 0.9757423257010127,
  "Jf": 0.0007156549269464853,
  "gradient_norm": 0.021646241288079248,
  "linking_number": 4.330672540121888e-06,
  "lengths": [
    4.96605734812869,
    2.6636677731535574,
    5.997988594442111,
    5.34015845636498
  ],
  "max_length": 5.997988594442111,
  "max_\u03ba": [
    5.646512750872838,
    6.7013493783400655,
    3.07951517274413,
    3.072281120152921
  ],
  "max_max_\u03ba": 6.7013493783400655,
  "MSCs": [
    10.573812609227451,
    11.495635494729694,
    3.230896734455916,
    4.438723892841206
  ],
  "max_MSC": 11.495635494729694,
  "max_forces": [
    4312.685913721747,
    3050.604207276777,
    3546.2113436402974,
    4144.6118760907275
  ],
  "max_max_force": 4312.685913721747,
  "arclength_variances": [
    0.010089980762491464,
    0.20395907922650003,
    0.0015926018273467472,
    0.002974239927552882
  ],
  "max_arclength_variance": 0.20395907922650003,
  "BdotN": 0.00965203825708151,
  "coil_coil_distance": 0.09585446522933039,
  "coil_surface_distance": 0.02829384928300249,
  "message": "STOP: TOTAL NO. of ITERATIONS REACHED LIMIT",
  "success": false,
  "iterations": 400,
  "function_evaluations": 471,
  "coil_currents": [
    100000.0,
    -23709.71376640315,
    -54735.81699215102,
    -54069.25854400425
  ],
  "UUID": "9b7fc108d2b14355b57b1b8662e5b4f5",
  "eval_time": 826.512094200003
}