{
  "nfp": 2,
  "ncoils": 4,
  "order": 15,
  "nphi": 32,
  "ntheta": 32,
  "R0": 1.0,
  "R1": 0.6060735021348337,
  "UUID_init": null,
  "length_target": 4.630097166906732,
  "length_weight": 0.00013000631109355573,
  "max_\u03ba_threshold": 6.419545994491287,
  "max_\u03ba_weight": 5.889167972569652e-06,
  "msc_threshold": 5.756939607011869,
  "msc_weight": 8.31755873518735e-07,
  "cc_threshold": 0.08927276161411057,
  "cc_weight": 361.8901530035151,
  "cs_threshold": 0.1723617392675905,
  "cs_weight": 0.944383955338866,
  "force_threshold": 10523.963858326979,
  "force_weight": 1.1861705062597582e-12,
  "arclength_weight": 0.01,
  "JF": 0.005558538499102562,
  "Jf": 0.001032907796986312,
  "gradient_norm": 1.482233536419699,
  "linking_number": 1.8191098016683408e-08,
  "lengths": [
    5.675639044176488,
    5.014587501458637,
    4.3973848046596355,
    4.674792569283645
  ],
  "max_length": 5.675639044176488,
  "max_\u03ba": [
    13.895367639591013,
    10.47889921886466,
    12.316669779128198,
    10.551734645982489
  ],
  "max_max_\u03ba": 13.895367639591013,
  "MSCs": [
    22.555023045605704,
    19.98548965606591,
    24.17826908145245,
    21.269139716440215
  ],
  "max_MSC": 24.17826908145245,
  "max_forces": [
    11528.966294017862,
    10625.131252254425,
    6933.669358953233,
    6950.262470874855
  ],
  "max_max_force": 11528.966294017862,
  "arclength_variances": [
    0.013409666180854906,
    0.0008718657461612637,
    0.002062273931777159,
    0.0012082595798529822
  ],
  "max_arclength_variance": 0.013409666180854906,
  "BdotN": 0.010140872350014154,
  "coil_coil_distance": 0.08979636382642824,
  "coil_surface_distance": 0.000711480709284252,
  "message": "STOP: TOTAL NO. of ITERATIONS REACHED LIMIT",
  "success": false,
  "iterations": 400,
  "function_evaluations": 557,
  "coil_currents": [
    100000.0,
    42190.93661372825,
    46084.92577361628,
    53902.85963065312
  ],
  "UUID": "b9baa72245874a1d8863885bbdbf8619",
  "eval_time": 139.23853021600002
}