{
  "nfp": 2,
  "ncoils": 4,
  "order": 6,
  "nphi": 32,
  "ntheta": 32,
  "R0": 1.0,
  "R1": 0.6546141878609222,
  "UUID_init": null,
  "length_target": 4.876001067808916,
  "length_weight": 0.0018067718804705643,
  "max_\u03ba_threshold": 5.9010847447863854,
  "max_\u03ba_weight": 9.250367265505638e-09,
  "msc_threshold": 5.246318286663203,
  "msc_weight": 2.413623478311854e-05,
  "cc_threshold": 0.09503719739080382,
  "cc_weight": 4399.011322529202,
  "cs_threshold": 0.2676981541475062,
  "cs_weight": 1388.3327449432293,
  "force_threshold": 35136.69551008038,
  "force_weight": 9.192470690238975e-12,
  "arclength_weight": 0.01,
  "JF": 8.459351616647931e-07,
  "Jf": 7.422759645038831e-07,
  "gradient_norm": 3.854667489850476e-05,
  "linking_number": 2.0946980540125507e-05,
  "lengths": [
    4.8769034829938,
    4.821454995807095,
    4.756065940891342,
    4.559424769762251
  ],
  "max_length": 4.8769034829938,
  "max_\u03ba": [
    2.8572625960512084,
    3.464083679375369,
    3.176784282679561,
    2.55689769864342
  ],
  "max_max_\u03ba": 3.464083679375369,
  "MSCs": [
    3.2305802256171705,
    4.3884864196490545,
    4.137030451202107,
    3.435771421632791
  ],
  "max_MSC": 4.3884864196490545,
  "max_forces": [
    29150.7378545068,
    28055.138914137475,
    23205.350860539475,
    19944.330332233738
  ],
  "max_max_force": 29150.7378545068,
  "arclength_variances": [
    2.9758071270422463e-06,
    4.7370403956341785e-06,
    1.9239501226168054e-06,
    6.555545507509539e-07
  ],
  "max_arclength_variance": 4.7370403956341785e-06,
  "BdotN": 0.0003332121946735837,
  "coil_coil_distance": 0.09620992706864073,
  "coil_surface_distance": 0.3027614485874235,
  "message": "STOP: TOTAL NO. of ITERATIONS REACHED LIMIT",
  "success": false,
  "iterations": 400,
  "function_evaluations": 537,
  "coil_currents": [
    100000.0,
    81100.36761953587,
    84634.93698278072,
    89718.0459137553
  ],
  "UUID": "f18dddbe8abb4a2e9a69723f193b6d8c",
  "eval_time": 1681.1209471370003
}