{
  "nfp": 2,
  "ncoils": 4,
  "order": 4,
  "nphi": 32,
  "ntheta": 32,
  "R0": 1.0,
  "R1": 0.5678601883816097,
  "UUID_init": null,
  "length_target": 4.752517864783858,
  "length_weight": 0.005509081442242071,
  "max_\u03ba_threshold": 11.241817620669845,
  "max_\u03ba_weight": 1.3430624992601294e-09,
  "msc_threshold": 5.820832295057382,
  "msc_weight": 0.0001155660206671657,
  "cc_threshold": 0.092428493186025,
  "cc_weight": 2346.986219267588,
  "cs_threshold": 0.22367937336262717,
  "cs_weight": 4705.508662181679,
  "force_threshold": 14267.59892813807,
  "force_weight": 3.307026460902793e-10,
  "arclength_weight": 0.01,
  "JF": 6.547225680883396e-06,
  "Jf": 6.288692762626172e-06,
  "gradient_norm": 3.687037718219645e-05,
  "linking_number": 5.03974097228964e-08,
  "lengths": [
    4.754393232151752,
    3.6182839457533196,
    3.8121118063617305,
    3.754305172056961
  ],
  "max_length": 4.754393232151752,
  "max_\u03ba": [
    2.518224490791733,
    3.096378285776221,
    3.0106628509348465,
    3.564949555989101
  ],
  "max_max_\u03ba": 3.564949555989101,
  "MSCs": [
    2.8824170288148103,
    5.129125305261839,
    4.887984743859883,
    5.400585966787325
  ],
  "max_MSC": 5.400585966787325,
  "max_forces": [
    14268.538551474767,
    7800.858162184716,
    7150.4998648483,
    6261.476129277553
  ],
  "max_max_force": 14268.538551474767,
  "arclength_variances": [
    1.21349400885631e-05,
    2.2526007571771992e-06,
    7.26390500695631e-06,
    3.1636242355943368e-06
  ],
  "max_arclength_variance": 1.21349400885631e-05,
  "BdotN": 0.0009395356729960122,
  "coil_coil_distance": 0.19214199048875252,
  "coil_surface_distance": 0.22396586720903952,
  "message": "STOP: TOTAL NO. of ITERATIONS REACHED LIMIT",
  "success": false,
  "iterations": 400,
  "function_evaluations": 452,
  "coil_currents": [
    100000.0,
    43511.09708987702,
    48859.58118820597,
    48641.49363766229
  ],
  "UUID": "613393e85476457fb51aebafeec37653",
  "eval_time": 692.9340558510003
}