{
  "nfp": 2,
  "ncoils": 4,
  "order": 4,
  "nphi": 32,
  "ntheta": 32,
  "R0": 1.0,
  "R1": 0.5,
  "UUID_init": null,
  "length_target": 5.0,
  "length_weight": 0.001,
  "max_\u03ba_threshold": 12.0,
  "max_\u03ba_weight": 1e-08,
  "msc_threshold": 5.0,
  "msc_weight": 0.0001,
  "cc_threshold": 0.083,
  "cc_weight": 1000.0,
  "cs_threshold": 0.166,
  "cs_weight": 1000.0,
  "force_threshold": 20000.0,
  "force_weight": 1e-10,
  "arclength_weight": 0.01,
  "JF": 3.0098755821022906e-06,
  "Jf": 2.738388300497317e-06,
  "gradient_norm": 3.243916895110486e-05,
  "linking_number": 0.00011898038975762219,
  "lengths": [
    5.002961795167297,
    4.6038616430221,
    4.6101455022538,
    3.986689441844898
  ],
  "max_length": 5.002961795167297,
  "max_\u03ba": [
    2.4146856698180024,
    2.7039765081931355,
    2.7267767936209433,
    2.6068048573043754
  ],
  "max_max_\u03ba": 2.7267767936209433,
  "MSCs": [
    2.705436811135306,
    3.7918750144222373,
    3.90957680375552,
    4.19794967908677
  ],
  "max_MSC": 4.19794967908677,
  "max_forces": [
    19984.52616909267,
    14879.121210580748,
    12906.090245857353,
    10291.624210766588
  ],
  "max_max_force": 19984.52616909267,
  "arclength_variances": [
    6.707859784610016e-06,
    1.0773073790324054e-05,
    2.6973288876659994e-06,
    6.53185416724599e-06
  ],
  "max_arclength_variance": 1.0773073790324054e-05,
  "BdotN": 0.0006506795208779899,
  "coil_coil_distance": 0.12870191030822098,
  "coil_surface_distance": 0.2502983327210864,
  "message": "STOP: TOTAL NO. of ITERATIONS REACHED LIMIT",
  "success": false,
  "iterations": 400,
  "function_evaluations": 441,
  "coil_currents": [
    100000.0,
    56226.681903664765,
    64238.94038106064,
    60587.17925661251
  ],
  "UUID": "0887d10c8d1f4c0d83b3ff653bc02445",
  "eval_time": 663.87357184
}