{
  "nfp": 2,
  "ncoils": 4,
  "order": 6,
  "nphi": 32,
  "ntheta": 32,
  "R0": 1.0,
  "R1": 0.3870850351431293,
  "UUID_init": null,
  "length_target": 5.96426104704758,
  "length_weight": 0.0003633760529610231,
  "max_\u03ba_threshold": 7.37679152002599,
  "max_\u03ba_weight": 2.401269121763685e-08,
  "msc_threshold": 4.9964929927613095,
  "msc_weight": 3.0501100456141054e-05,
  "cc_threshold": 0.11089960943088156,
  "cc_weight": 1110.9762263672724,
  "cs_threshold": 0.2567728600256629,
  "cs_weight": 0.9864991232263766,
  "force_threshold": 23066.838974234637,
  "force_weight": 5.89110644819229e-14,
  "arclength_weight": 0.01,
  "JF": 1.4096641642936528e-07,
  "Jf": 1.2553054546734374e-07,
  "gradient_norm": 8.45565135922811e-06,
  "linking_number": 4.118458608984626e-06,
  "lengths": [
    5.964611111578614,
    5.195650324395311,
    5.0091817735155315,
    4.888650632890028
  ],
  "max_length": 5.964611111578614,
  "max_\u03ba": [
    2.6500729969883725,
    3.081544108929708,
    2.5663262781995893,
    2.3754326546305413
  ],
  "max_max_\u03ba": 3.081544108929708,
  "MSCs": [
    2.455361948858521,
    3.47303055817489,
    3.284802940447768,
    3.238633073829729
  ],
  "max_MSC": 3.47303055817489,
  "max_forces": [
    23095.289437686155,
    16727.26655090552,
    16764.451190848424,
    16207.237997724542
  ],
  "max_max_force": 23095.289437686155,
  "arclength_variances": [
    4.4041443342820824e-07,
    6.180208195995282e-07,
    3.016105270152157e-07,
    1.661949634097509e-07
  ],
  "max_arclength_variance": 6.180208195995282e-07,
  "BdotN": 0.0001471284761980665,
  "coil_coil_distance": 0.13666124408125674,
  "coil_surface_distance": 0.2869676397518072,
  "message": "STOP: TOTAL NO. of ITERATIONS REACHED LIMIT",
  "success": false,
  "iterations": 400,
  "function_evaluations": 409,
  "coil_currents": [
    100000.0,
    62803.151987816054,
    77455.49839326898,
    79753.1895799631
  ],
  "UUID": "7dfbc274d74a45468d145580b9c02a9c",
  "eval_time": 1466.5727951969998
}