{
  "nfp": 2,
  "ncoils": 4,
  "order": 6,
  "nphi": 32,
  "ntheta": 32,
  "R0": 1.0,
  "R1": 0.6527955830664564,
  "UUID_init": null,
  "length_target": 4.879011712794485,
  "length_weight": 0.005143204448868687,
  "max_\u03ba_threshold": 8.887285479325056,
  "max_\u03ba_weight": 9.533789879061415e-09,
  "msc_threshold": 4.510466651825697,
  "msc_weight": 8.303739623772725e-05,
  "cc_threshold": 0.0976588662143846,
  "cc_weight": 215.5653077929479,
  "cs_threshold": 0.23469111099079,
  "cs_weight": 233.7025347229842,
  "force_threshold": 20718.586540631863,
  "force_weight": 2.2154147921231503e-14,
  "arclength_weight": 0.01,
  "JF": 8.812967459476626e-07,
  "Jf": 8.316572397099344e-07,
  "gradient_norm": 7.420649161405666e-05,
  "linking_number": 1.6158074634950044e-08,
  "lengths": [
    4.879311171732817,
    4.5623009945226665,
    4.5472223033969055,
    4.417288692833332
  ],
  "max_length": 4.879311171732817,
  "max_\u03ba": [
    3.0410029883388745,
    3.1654424454665473,
    2.9183250915207655,
    2.7554729186406717
  ],
  "max_max_\u03ba": 3.1654424454665473,
  "MSCs": [
    3.1800772211438955,
    4.2810982404791496,
    4.046390162746969,
    3.7350993702025375
  ],
  "max_MSC": 4.2810982404791496,
  "max_forces": [
    21044.284320642335,
    16916.131641734446,
    16380.870278307884,
    15207.484432265916
  ],
  "max_max_force": 21044.284320642335,
  "arclength_variances": [
    2.2560148789449263e-06,
    3.24321619823824e-07,
    3.5186424772498845e-07,
    9.131031835418936e-08
  ],
  "max_arclength_variance": 2.2560148789449263e-06,
  "BdotN": 0.00034638022557119906,
  "coil_coil_distance": 0.15616675460141774,
  "coil_surface_distance": 0.25681939330147974,
  "message": "STOP: TOTAL NO. of ITERATIONS REACHED LIMIT",
  "success": false,
  "iterations": 400,
  "function_evaluations": 415,
  "coil_currents": [
    100000.0,
    70717.55695510209,
    78200.13922854057,
    81808.32313606147
  ],
  "UUID": "333bd527ebaf46b194f5bd145269209c",
  "eval_time": 1444.2952270919998
}