{
  "nfp": 2,
  "ncoils": 4,
  "order": 6,
  "nphi": 32,
  "ntheta": 32,
  "R0": 1.0,
  "R1": 0.5335273832600612,
  "UUID_init": null,
  "length_target": 4.976720698293402,
  "length_weight": 0.006888848436285514,
  "max_\u03ba_threshold": 10.65344031967091,
  "max_\u03ba_weight": 3.0510269467703327e-08,
  "msc_threshold": 5.8677647655366485,
  "msc_weight": 9.64957094650106e-06,
  "cc_threshold": 0.08895754052788395,
  "cc_weight": 237.52608829233276,
  "cs_threshold": 0.23985192938054972,
  "cs_weight": 195.74228759580305,
  "force_threshold": 17507.31803388941,
  "force_weight": 5.762612347677768e-13,
  "arclength_weight": 0.01,
  "JF": 1.1514756170033156e-06,
  "Jf": 1.1119336722188685e-06,
  "gradient_norm": 9.680387243387176e-06,
  "linking_number": 7.236827098171765e-09,
  "lengths": [
    4.977064584250653,
    4.152802395872905,
    4.086080675964936,
    4.02055678854358
  ],
  "max_length": 4.977064584250653,
  "max_\u03ba": [
    2.936858276192747,
    3.283350252191588,
    3.083291638715711,
    2.938086165228379
  ],
  "max_max_\u03ba": 3.283350252191588,
  "MSCs": [
    3.017492653951539,
    4.724080799968658,
    4.524294194590217,
    4.365521545041258
  ],
  "max_MSC": 4.724080799968658,
  "max_forces": [
    17560.42425872161,
    12239.923326896433,
    11517.709486868993,
    10743.23603683944
  ],
  "max_max_force": 17560.42425872161,
  "arclength_variances": [
    1.5273424467525155e-06,
    1.3387784854910328e-06,
    2.282957759949877e-07,
    3.537595030868822e-07
  ],
  "max_arclength_variance": 1.5273424467525155e-06,
  "BdotN": 0.0003993187248857068,
  "coil_coil_distance": 0.16876261608588622,
  "coil_surface_distance": 0.24604445438048148,
  "message": "STOP: TOTAL NO. of ITERATIONS REACHED LIMIT",
  "success": false,
  "iterations": 400,
  "function_evaluations": 427,
  "coil_currents": [
    100000.0,
    57028.21536185875,
    64014.203816741654,
    66660.25752475337
  ],
  "UUID": "81665fdd0e7342c1869a188cca75b9b5",
  "eval_time": 1325.9406753420003
}