{
  "nfp": 2,
  "ncoils": 4,
  "order": 3,
  "nphi": 32,
  "ntheta": 32,
  "R0": 1.0,
  "R1": 0.537992648121301,
  "UUID_init": null,
  "length_target": 5.566342922574841,
  "length_weight": 0.0022913460742975604,
  "max_\u03ba_threshold": 5.8526531730692515,
  "max_\u03ba_weight": 9.67224784442052e-06,
  "msc_threshold": 5.227392820875599,
  "msc_weight": 4.1185060012102194e-05,
  "cc_threshold": 0.09118532971358599,
  "cc_weight": 53733.069990186676,
  "cs_threshold": 0.2869123920530012,
  "cs_weight": 0.27466324593154096,
  "force_threshold": 3278.9653244035712,
  "force_weight": 3.358031453321994e-12,
  "arclength_weight": 0.01,
  "JF": 0.0029808132543799153,
  "Jf": 0.000294581700489223,
  "gradient_norm": 0.0033322618797127584,
  "linking_number": 3.984689446884244,
  "lengths": [
    5.801628173130672,
    5.605058090129579,
    3.778019178926342,
    3.2032406216423412
  ],
  "max_length": 5.801628173130672,
  "max_\u03ba": [
    1.3984744688926884,
    1.87560178422962,
    2.804795306979712,
    3.4090358857247396
  ],
  "max_max_\u03ba": 3.4090358857247396,
  "MSCs": [
    1.2830250911889596,
    1.789094351079395,
    3.949214221056048,
    5.639472543812854
  ],
  "max_MSC": 5.639472543812854,
  "max_forces": [
    5426.330971690422,
    3662.3661129423444,
    737.9897160945972,
    38.99790819331215
  ],
  "max_max_force": 5426.330971690422,
  "arclength_variances": [
    0.0012813706924203615,
    0.0031229883727998224,
    0.0009364071879426828,
    0.0010048546043515958
  ],
  "max_arclength_variance": 0.0031229883727998224,
  "BdotN": 0.007307924493644264,
  "coil_coil_distance": 0.09123886320516823,
  "coil_surface_distance": 0.019059854121096346,
  "message": "ABNORMAL_TERMINATION_IN_LNSRCH",
  "success": false,
  "iterations": 104,
  "function_evaluations": 394,
  "coil_currents": [
    100000.0,
    -33876.906107176415,
    -21912.89950253385,
    -5920.590954854908
  ],
  "UUID": "d3c95c2827204b4cb62f175539494db5",
  "eval_time": 607.7206789560005
}