{
  "nfp": 2,
  "ncoils": 4,
  "order": 3,
  "nphi": 32,
  "ntheta": 32,
  "R0": 1.0,
  "R1": 0.463656416515855,
  "UUID_init": null,
  "length_target": 4.6660675053009975,
  "length_weight": 0.00015405424522502219,
  "max_\u03ba_threshold": 5.919497355526533,
  "max_\u03ba_weight": 5.028435962731647e-06,
  "msc_threshold": 5.618097571403997,
  "msc_weight": 1.0477794288558932e-06,
  "cc_threshold": 0.10586931393797738,
  "cc_weight": 9087.781841583339,
  "cs_threshold": 0.20948204021360123,
  "cs_weight": 120.0599712137939,
  "force_threshold": 49877.55324239613,
  "force_weight": 8.948024879030419e-11,
  "arclength_weight": 0.01,
  "JF": 2.7226174064713374e-05,
  "Jf": 2.386053949767388e-05,
  "gradient_norm": 0.00012427970284562234,
  "linking_number": 0.011039459782692355,
  "lengths": [
    4.762956147438719,
    4.678170746702648,
    3.695508988803022,
    3.654573533809853
  ],
  "max_length": 4.762956147438719,
  "max_\u03ba": [
    2.2575127684478815,
    2.578784573486171,
    2.388788902781124,
    2.4798026726013265
  ],
  "max_max_\u03ba": 2.578784573486171,
  "MSCs": [
    2.6944319646062813,
    3.628071587142253,
    5.003840885063714,
    5.430561918331243
  ],
  "max_MSC": 5.430561918331243,
  "max_forces": [
    21079.61263037534,
    7980.31045208614,
    8971.481610785224,
    8747.43405341719
  ],
  "max_max_force": 21079.61263037534,
  "arclength_variances": [
    0.00012658734419060709,
    2.434840737064428e-05,
    0.00010283824316094255,
    9.352593367760901e-06
  ],
  "max_arclength_variance": 0.00012658734419060709,
  "BdotN": 0.0019110686077256872,
  "coil_coil_distance": 0.10622806709481125,
  "coil_surface_distance": 0.22090219597154576,
  "message": "STOP: TOTAL NO. of ITERATIONS REACHED LIMIT",
  "success": false,
  "iterations": 400,
  "function_evaluations": 708,
  "coil_currents": [
    100000.0,
    40467.45523871444,
    46134.17434981298,
    51442.46542532148
  ],
  "UUID": "7ea7ac7e2dae4482bf34bc6a3e34f69a",
  "eval_time": 505.0936994419999
}