{
  "nfp": 2,
  "ncoils": 4,
  "order": 3,
  "nphi": 32,
  "ntheta": 32,
  "R0": 1.0,
  "R1": 0.4826782589040457,
  "UUID_init": null,
  "length_target": 4.857870664486121,
  "length_weight": 0.006005365901482825,
  "max_\u03ba_threshold": 8.607025916265005,
  "max_\u03ba_weight": 2.5691247126933625e-09,
  "msc_threshold": 5.202084750591196,
  "msc_weight": 2.5224694869307904e-07,
  "cc_threshold": 0.09231281905638423,
  "cc_weight": 339.7184508126397,
  "cs_threshold": 0.2712462533256956,
  "cs_weight": 35.20834146683975,
  "force_threshold": 19213.763109441334,
  "force_weight": 8.765770912252191e-11,
  "arclength_weight": 0.01,
  "JF": 3.1062534747772737e-05,
  "Jf": 2.5282794846339764e-05,
  "gradient_norm": 4.593600827393466e-05,
  "linking_number": 0.01284913577927329,
  "lengths": [
    4.860225304514966,
    3.385424876402686,
    4.450199164156161,
    4.037620080137574
  ],
  "max_length": 4.860225304514966,
  "max_\u03ba": [
    2.25782167085399,
    3.0049802619476806,
    2.6175661424509924,
    2.8047913029649085
  ],
  "max_max_\u03ba": 3.0049802619476806,
  "MSCs": [
    2.693028686569534,
    4.9877867091111945,
    3.671583411085164,
    4.211727532911831
  ],
  "max_MSC": 4.9877867091111945,
  "max_forces": [
    19214.645381140945,
    7991.669215184806,
    8219.811210489426,
    7433.043730694479
  ],
  "max_max_force": 19214.645381140945,
  "arclength_variances": [
    0.00014976849848628227,
    0.00017698274674643127,
    9.40836851212483e-05,
    0.00014872969567911266
  ],
  "max_arclength_variance": 0.00017698274674643127,
  "BdotN": 0.0019985620028011063,
  "coil_coil_distance": 0.09230897520829051,
  "coil_surface_distance": 0.26996560511069045,
  "message": "STOP: TOTAL NO. of ITERATIONS REACHED LIMIT",
  "success": false,
  "iterations": 400,
  "function_evaluations": 569,
  "coil_currents": [
    100000.0,
    30965.60624117692,
    54757.60031139182,
    50548.888698257564
  ],
  "UUID": "5b4db41798814841ba7e6af1c1774d61",
  "eval_time": 501.39254093599993
}