{
  "nfp": 2,
  "ncoils": 4,
  "order": 3,
  "nphi": 32,
  "ntheta": 32,
  "R0": 1.0,
  "R1": 0.3482395260527426,
  "UUID_init": null,
  "length_target": 4.83651050482459,
  "length_weight": 0.0002563035284972406,
  "max_\u03ba_threshold": 9.642433607376423,
  "max_\u03ba_weight": 1.0201812226868213e-07,
  "msc_threshold": 5.810043792484408,
  "msc_weight": 1.8520885809096463e-07,
  "cc_threshold": 0.10578562588414044,
  "cc_weight": 227.44810597246664,
  "cs_threshold": 0.21188196014474805,
  "cs_weight": 4.491127196597809,
  "force_threshold": 37204.9873531554,
  "force_weight": 3.049788258107536e-10,
  "arclength_weight": 0.01,
  "JF": 0.019543782220616646,
  "Jf": 7.149668512590343e-05,
  "gradient_norm": 0.0007977126444675078,
  "linking_number": 1.260391537356715e-05,
  "lengths": [
    2.4279864199560004,
    3.417224654629785,
    3.2131366487968904,
    4.857095128973188
  ],
  "max_length": 4.857095128973188,
  "max_\u03ba": [
    4.364105220366941,
    3.0335327962408787,
    3.1601155850842555,
    2.787794271396561
  ],
  "max_max_\u03ba": 4.364105220366941,
  "MSCs": [
    9.41767801311208,
    4.640018991158861,
    5.068576387415393,
    5.020784565968454
  ],
  "max_MSC": 9.41767801311208,
  "max_forces": [
    8164.806220999735,
    6567.613495709897,
    314.9088008193434,
    5332.717967230624
  ],
  "max_max_force": 8164.806220999735,
  "arclength_variances": [
    0.00022754396550302212,
    2.0862253043531002e-05,
    0.00029337315458583945,
    1.1457706608441615e-05
  ],
  "max_arclength_variance": 0.00029337315458583945,
  "BdotN": 0.002279750598562605,
  "coil_coil_distance": 0.1058534542923992,
  "coil_surface_distance": 0.032563211223864845,
  "message": "STOP: TOTAL NO. of ITERATIONS REACHED LIMIT",
  "success": false,
  "iterations": 400,
  "function_evaluations": 494,
  "coil_currents": [
    100000.0,
    -42387.04009913419,
    6900.346995261428,
    76683.27171771399
  ],
  "UUID": "bee6ab004943422d9c48067a62b18ec1",
  "eval_time": 411.7788990189997
}