{
  "nfp": 2,
  "ncoils": 4,
  "order": 3,
  "nphi": 32,
  "ntheta": 32,
  "R0": 1.0,
  "R1": 0.5167680307822133,
  "UUID_init": null,
  "length_target": 5.0,
  "length_weight": 0.0003140869577888744,
  "max_\u03ba_threshold": 5.27139375912539,
  "max_\u03ba_weight": 6.938839965966552e-06,
  "msc_threshold": 4.902145089449311,
  "msc_weight": 0.00036472921762989354,
  "cc_threshold": 0.0855541614026333,
  "cc_weight": 748.6490352654841,
  "cs_threshold": 0.22943246853236088,
  "cs_weight": 0.12479677819394883,
  "force_threshold": 15801.493980690146,
  "force_weight": 3.12593362499391e-10,
  "arclength_weight": 0.01,
  "JF": 0.025305325591674165,
  "Jf": 0.002449361974882245,
  "gradient_norm": 0.03759178602504109,
  "linking_number": 0.003667138353807595,
  "lengths": [
    3.9210998120766862,
    2.570085148632379,
    2.4921643405535736,
    3.3161284380026848
  ],
  "max_length": 3.9210998120766862,
  "max_\u03ba": [
    5.09790254242427,
    5.001422884583287,
    5.285790901807653,
    4.050443924417393
  ],
  "max_max_\u03ba": 5.285790901807653,
  "MSCs": [
    7.215906812606473,
    6.158301734875424,
    6.4111347910063765,
    6.903197627075673
  ],
  "max_MSC": 7.215906812606473,
  "max_forces": [
    15883.7416842056,
    1603.3090326097133,
    206.413974886224,
    5401.380674804317
  ],
  "max_max_force": 15883.7416842056,
  "arclength_variances": [
    0.6954253922529335,
    0.3592230942272317,
    0.34787508071065726,
    0.5389653771459811
  ],
  "max_arclength_variance": 0.6954253922529335,
  "BdotN": 0.011232231745353587,
  "coil_coil_distance": 0.08667006945226055,
  "coil_surface_distance": 0.023592213059944904,
  "message": "STOP: TOTAL NO. of ITERATIONS REACHED LIMIT",
  "success": false,
  "iterations": 400,
  "function_evaluations": 485,
  "coil_currents": [
    100000.0,
    11481.202404662325,
    4030.4895384558363,
    36904.408270652995
  ],
  "UUID": "b6680b9c344e4b6293ea60d63c3e89d3",
  "eval_time": 456.273507511
}