{
  "nfp": 2,
  "ncoils": 4,
  "order": 7,
  "nphi": 32,
  "ntheta": 32,
  "R0": 1.0,
  "R1": 0.4648252254861073,
  "UUID_init": null,
  "length_target": 4.63782721920873,
  "length_weight": 0.00707615557181975,
  "max_\u03ba_threshold": 5.519177662780795,
  "max_\u03ba_weight": 3.032585073409989e-09,
  "msc_threshold": 5.645397301510984,
  "msc_weight": 7.417578576229739e-06,
  "cc_threshold": 0.1159005242590464,
  "cc_weight": 8995.455819127812,
  "cs_threshold": 0.28197560303607266,
  "cs_weight": 0.7582871673832711,
  "force_threshold": 16290.222988518726,
  "force_weight": 7.003572585813655e-10,
  "arclength_weight": 0.01,
  "JF": 0.009408000373988545,
  "Jf": 6.325907231785793e-05,
  "gradient_norm": 0.002823731914736843,
  "linking_number": 3.922360552533549e-07,
  "lengths": [
    4.646015944249343,
    4.641710420148055,
    4.638552717426082,
    3.9497620231737596
  ],
  "max_length": 4.646015944249343,
  "max_\u03ba": [
    2.686095160760605,
    3.2831968422492492,
    3.785264750177564,
    4.5764099946104935
  ],
  "max_max_\u03ba": 4.5764099946104935,
  "MSCs": [
    3.2051993206714866,
    4.284547926396123,
    4.696695826615582,
    5.712590663452243
  ],
  "max_MSC": 5.712590663452243,
  "max_forces": [
    13563.699135057957,
    9463.780570084207,
    2659.2994323086427,
    1587.3074621735918
  ],
  "max_max_force": 13563.699135057957,
  "arclength_variances": [
    2.945208547434831e-05,
    1.7691907143861524e-05,
    0.0002148426691036912,
    9.336138966292652e-05
  ],
  "max_arclength_variance": 0.0002148426691036912,
  "BdotN": 0.003254954701550909,
  "coil_coil_distance": 0.11592599312775126,
  "coil_surface_distance": 0.017706997783657613,
  "message": "STOP: TOTAL NO. of ITERATIONS REACHED LIMIT",
  "success": false,
  "iterations": 400,
  "function_evaluations": 493,
  "coil_currents": [
    100000.0,
    64759.42356842049,
    16258.812230288646,
    13209.978944227405
  ],
  "UUID": "cef6b35525424b41a6287689c7d1745c",
  "eval_time": 1490.9632274219998
}