{
  "nfp": 2,
  "ncoils": 4,
  "order": 6,
  "nphi": 32,
  "ntheta": 32,
  "R0": 1.0,
  "R1": 0.3609530596807422,
  "UUID_init": null,
  "length_target": 4.979859954906127,
  "length_weight": 0.00028726539810877054,
  "max_\u03ba_threshold": 9.911785597248034,
  "max_\u03ba_weight": 1.189683894804636e-09,
  "msc_threshold": 5.236276901273147,
  "msc_weight": 2.423394596868033e-07,
  "cc_threshold": 0.10692571841013923,
  "cc_weight": 664.6003804350157,
  "cs_threshold": 0.23483819561022962,
  "cs_weight": 10.151210799999008,
  "force_threshold": 29722.82613953913,
  "force_weight": 5.5811429046529255e-12,
  "arclength_weight": 0.01,
  "JF": 0.049197006573771705,
  "Jf": 7.629806978005271e-05,
  "gradient_norm": 0.0006816852939812513,
  "linking_number": 3.259917927821434e-05,
  "lengths": [
    4.282882705568694,
    3.810674412143222,
    4.980332806439001,
    4.996974948234453
  ],
  "max_length": 4.996974948234453,
  "max_\u03ba": [
    4.825210588684626,
    4.358443073679918,
    2.9996540669377905,
    3.8745769739144587
  ],
  "max_max_\u03ba": 4.825210588684626,
  "MSCs": [
    8.275441408614435,
    7.343486836774238,
    3.227452663985434,
    5.801994322380172
  ],
  "max_MSC": 8.275441408614435,
  "max_forces": [
    24110.80264914521,
    1252.5600450363054,
    8113.193452847457,
    9927.979072205053
  ],
  "max_max_force": 24110.80264914521,
  "arclength_variances": [
    0.00011239338671088304,
    8.565258161079463e-05,
    2.4094584389556664e-05,
    1.1460092530855777e-05
  ],
  "max_arclength_variance": 0.00011239338671088304,
  "BdotN": 0.002441564189065877,
  "coil_coil_distance": 0.10757018099006653,
  "coil_surface_distance": 0.03155100026413012,
  "message": "STOP: TOTAL NO. of ITERATIONS REACHED LIMIT",
  "success": false,
  "iterations": 400,
  "function_evaluations": 503,
  "coil_currents": [
    100000.0,
    6289.867205260054,
    72673.4958345705,
    59472.1575170288
  ],
  "UUID": "984499424aca4ac1b405096f39533a1f",
  "eval_time": 1013.9802465329999
}