{
  "nfp": 2,
  "ncoils": 4,
  "order": 4,
  "nphi": 32,
  "ntheta": 32,
  "R0": 1.0,
  "R1": 0.5673179212901462,
  "UUID_init": null,
  "length_target": 4.961443396746559,
  "length_weight": 0.00031367360270259117,
  "max_\u03ba_threshold": 9.549406557492137,
  "max_\u03ba_weight": 1.4994157083937093e-08,
  "msc_threshold": 4.265120346819521,
  "msc_weight": 3.0705508172937315e-05,
  "cc_threshold": 0.11274838622895358,
  "cc_weight": 1495.5822574705562,
  "cs_threshold": 0.19877595261233155,
  "cs_weight": 8.432607605725819,
  "force_threshold": 28055.163884265756,
  "force_weight": 6.613965387904357e-10,
  "arclength_weight": 0.01,
  "JF": 0.008888452984541042,
  "Jf": 5.573586594699757e-05,
  "gradient_norm": 0.002865559946067346,
  "linking_number": 0.0026411208598459642,
  "lengths": [
    5.085449977952569,
    3.989026827509968,
    5.023874342899988,
    4.836452875437266
  ],
  "max_length": 5.085449977952569,
  "max_\u03ba": [
    2.455120199211922,
    3.044177485680197,
    2.517794201735493,
    2.6699606013316988
  ],
  "max_max_\u03ba": 3.044177485680197,
  "MSCs": [
    2.666424311685853,
    3.90580435413965,
    2.8072905725815085,
    3.7495304161622633
  ],
  "max_MSC": 3.90580435413965,
  "max_forces": [
    11893.700852977896,
    2975.8381407478873,
    8842.733223365814,
    1332.5425078759247
  ],
  "max_max_force": 11893.700852977896,
  "arclength_variances": [
    1.8593785245260027e-05,
    6.748877814871025e-05,
    3.840700030797492e-05,
    8.173479094099214e-06
  ],
  "max_arclength_variance": 6.748877814871025e-05,
  "BdotN": 0.002994090033884585,
  "coil_coil_distance": 0.11268839317583856,
  "coil_surface_distance": 0.036472978972235705,
  "message": "STOP: TOTAL NO. of ITERATIONS REACHED LIMIT",
  "success": false,
  "iterations": 400,
  "function_evaluations": 821,
  "coil_currents": [
    100000.0,
    -24103.217408555007,
    56463.057338816245,
    22995.31069038358
  ],
  "UUID": "3989ef89491b48c585121183565a547a",
  "eval_time": 2452.874152688002
}