{
  "nfp": 2,
  "ncoils": 4,
  "order": 6,
  "nphi": 32,
  "ntheta": 32,
  "R0": 1.0,
  "R1": 0.48233540989353474,
  "UUID_init": null,
  "length_target": 4.564735772747398,
  "length_weight": 0.003318184647257594,
  "max_\u03ba_threshold": 9.310204684108221,
  "max_\u03ba_weight": 4.1588915840295686e-08,
  "msc_threshold": 4.391180377264133,
  "msc_weight": 4.654700340243739e-05,
  "cc_threshold": 0.11380538290996439,
  "cc_weight": 298.05155488665577,
  "cs_threshold": 0.2968158337390946,
  "cs_weight": 3.8815901308764014,
  "force_threshold": 239.79143359637024,
  "force_weight": 8.668181245436605e-10,
  "arclength_weight": 0.01,
  "JF": 5.69846665439251,
  "Jf": 0.0025306419583892366,
  "gradient_norm": 7723.659396752125,
  "linking_number": 9.408846483479972e-06,
  "lengths": [
    4.464553176718375,
    8.330566262685176,
    6.89239624810343,
    6.642985901337152
  ],
  "max_length": 8.330566262685176,
  "max_\u03ba": [
    50.7998332270252,
    51.2027812829086,
    29.039585722461247,
    23.197389596276444
  ],
  "max_max_\u03ba": 51.2027812829086,
  "MSCs": [
    27.3534701813585,
    31.970174589434478,
    24.916026287507815,
    20.662353586460277
  ],
  "max_MSC": 31.970174589434478,
  "max_forces": [
    13869.091969028274,
    2847.2736289172803,
    1635.6344321062365,
    1080.634989210828
  ],
  "max_max_force": 13869.091969028274,
  "arclength_variances": [
    11.882538458451226,
    35.732690184958194,
    23.9482661916525,
    21.31978331555857
  ],
  "max_arclength_variance": 35.732690184958194,
  "BdotN": 0.01030067991677121,
  "coil_coil_distance": 0.2311114269032684,
  "coil_surface_distance": 0.06856563538192245,
  "message": "STOP: TOTAL NO. of ITERATIONS REACHED LIMIT",
  "success": false,
  "iterations": 400,
  "function_evaluations": 588,
  "coil_currents": [
    100000.0,
    -27195.574726150935,
    -19464.37645084668,
    -17432.046220416967
  ],
  "UUID": "d22be9b498fd49c19f549aec6fcf4a3b",
  "eval_time": 832.8295456809999
}