{
  "nfp": 2,
  "ncoils": 4,
  "order": 5,
  "nphi": 32,
  "ntheta": 32,
  "R0": 1.0,
  "R1": 0.5,
  "UUID_init": null,
  "length_target": 5.0,
  "length_weight": 0.001,
  "max_\u03ba_threshold": 12.0,
  "max_\u03ba_weight": 1e-08,
  "msc_threshold": 5.0,
  "msc_weight": 0.0001,
  "cc_threshold": 0.083,
  "cc_weight": 1000.0,
  "cs_threshold": 0.166,
  "cs_weight": 1000.0,
  "force_threshold": 20000.0,
  "force_weight": 1e-10,
  "arclength_weight": 0.01,
  "JF": 1.1800064557998004e-06,
  "Jf": 1.1465043347793593e-06,
  "gradient_norm": 5.7805381652965666e-05,
  "linking_number": 4.993611486276636e-07,
  "lengths": [
    5.001907902323574,
    4.444984067097907,
    4.485195631394834,
    4.407883276449657
  ],
  "max_length": 5.001907902323574,
  "max_\u03ba": [
    2.6458497772052563,
    2.883726181071021,
    2.638447475295824,
    2.586177818861645
  ],
  "max_max_\u03ba": 2.883726181071021,
  "MSCs": [
    3.0779072922119126,
    3.7345374028079967,
    3.7257755800831456,
    4.0095232030477534
  ],
  "max_MSC": 4.0095232030477534,
  "max_forces": [
    19978.24410662322,
    15648.509101318317,
    14699.321827368685,
    12237.141949816008
  ],
  "max_max_force": 19978.24410662322,
  "arclength_variances": [
    1.020431162643011e-07,
    1.3536418686023242e-06,
    1.0661731506938336e-06,
    6.463494026686731e-07
  ],
  "max_arclength_variance": 1.3536418686023242e-06,
  "BdotN": 0.0004034827164062529,
  "coil_coil_distance": 0.15437033321173468,
  "coil_surface_distance": 0.26560990434673143,
  "message": "STOP: TOTAL NO. of ITERATIONS REACHED LIMIT",
  "success": false,
  "iterations": 400,
  "function_evaluations": 429,
  "coil_currents": [
    100000.0,
    67550.49000542678,
    74538.70887922164,
    68752.0856387376
  ],
  "UUID": "8e3d109b576b4b6bae5ee867dd6f5f62",
  "eval_time": 688.13567283
}