{
  "nfp": 2,
  "ncoils": 4,
  "order": 12,
  "nphi": 32,
  "ntheta": 32,
  "R0": 1.0,
  "R1": 0.394617677263078,
  "UUID_init": null,
  "length_target": 4.507420604259996,
  "length_weight": 0.0008605356726412278,
  "max_\u03ba_threshold": 9.5667114375964,
  "max_\u03ba_weight": 2.2912355413493897e-09,
  "msc_threshold": 4.731696542546004,
  "msc_weight": 0.00024048108811768187,
  "cc_threshold": 0.10922155266506464,
  "cc_weight": 206.1648412819123,
  "cs_threshold": 0.2692032961331852,
  "cs_weight": 0.8340106818561056,
  "force_threshold": 32113.552091660367,
  "force_weight": 1.5722060805999537e-11,
  "arclength_weight": 0.01,
  "JF": 1.409130869530368e-06,
  "Jf": 1.3685422348529217e-06,
  "gradient_norm": 0.0001401814914754264,
  "linking_number": 5.461770532752977e-13,
  "lengths": [
    4.511564886617301,
    4.461106422105689,
    4.351349569464877,
    4.292479481640025
  ],
  "max_length": 4.511564886617301,
  "max_\u03ba": [
    3.2051643014278874,
    3.8993017820210394,
    3.491050627274352,
    3.69925441759174
  ],
  "max_max_\u03ba": 3.8993017820210394,
  "MSCs": [
    3.8253677229391383,
    4.478632517102256,
    4.310721320797086,
    4.3451367174417195
  ],
  "max_MSC": 4.478632517102256,
  "max_forces": [
    32098.675240463755,
    29379.235484845478,
    26354.90475335376,
    23671.657132324646
  ],
  "max_max_force": 32098.675240463755,
  "arclength_variances": [
    2.7895942583504053e-07,
    1.4719634294661922e-06,
    7.496188703792055e-07,
    8.193334520868619e-07
  ],
  "max_arclength_variance": 1.4719634294661922e-06,
  "BdotN": 0.00040875483866552694,
  "coil_coil_distance": 0.11486712357070755,
  "coil_surface_distance": 0.29326405039154363,
  "message": "STOP: TOTAL NO. of ITERATIONS REACHED LIMIT",
  "success": false,
  "iterations": 400,
  "function_evaluations": 425,
  "coil_currents": [
    100000.0,
    92350.5079671135,
    92568.36539024198,
    93121.93927977786
  ],
  "UUID": "d51c45ec47ab4cf39db62550060bb7e7",
  "eval_time": 83.42152228400005
}