{
  "nfp": 2,
  "ncoils": 4,
  "order": 8,
  "nphi": 32,
  "ntheta": 32,
  "R0": 1.0,
  "R1": 0.5782057447541762,
  "UUID_init": null,
  "length_target": 4.841961475644492,
  "length_weight": 0.0032386569155752414,
  "max_\u03ba_threshold": 9.137221437970467,
  "max_\u03ba_weight": 3.004338617119142e-06,
  "msc_threshold": 5.186714632091893,
  "msc_weight": 0.0004158945128380253,
  "cc_threshold": 0.091684759990405,
  "cc_weight": 47812.64928104062,
  "cs_threshold": 0.25791378650625707,
  "cs_weight": 690.9420568061189,
  "force_threshold": 18254.927859496594,
  "force_weight": 2.943485131511419e-12,
  "arclength_weight": 0.01,
  "JF": 1.3742226802352274e-06,
  "Jf": 1.3266235350101564e-06,
  "gradient_norm": 5.720072862006453e-05,
  "linking_number": 3.819782740495668e-12,
  "lengths": [
    4.842989663238202,
    4.3327831706366595,
    4.226957725226157,
    4.057579109323639
  ],
  "max_length": 4.842989663238202,
  "max_\u03ba": [
    2.9203632087303593,
    3.925810704563534,
    3.5030047156543707,
    3.194254426493055
  ],
  "max_max_\u03ba": 3.925810704563534,
  "MSCs": [
    3.269761356603493,
    5.110937375156271,
    4.832321276750341,
    4.361966491580927
  ],
  "max_MSC": 5.110937375156271,
  "max_forces": [
    18267.48145966407,
    13585.110429486524,
    13081.210725406929,
    11996.001807707784
  ],
  "max_max_force": 18267.48145966407,
  "arclength_variances": [
    2.1640580804235187e-06,
    1.46075843886019e-06,
    3.250954040061541e-07,
    4.860707292881646e-07
  ],
  "max_arclength_variance": 2.1640580804235187e-06,
  "BdotN": 0.0004458138456402041,
  "coil_coil_distance": 0.16659093498468336,
  "coil_surface_distance": 0.2578887314962279,
  "message": "STOP: TOTAL NO. of ITERATIONS REACHED LIMIT",
  "success": false,
  "iterations": 400,
  "function_evaluations": 419,
  "coil_currents": [
    100000.0,
    61239.53833908944,
    68663.29704048429,
    69850.61331848195
  ],
  "UUID": "68db3529189947648fb5be7bd305114b",
  "eval_time": 1872.1558892850007
}