{
  "nfp": 2,
  "ncoils": 4,
  "order": 7,
  "nphi": 32,
  "ntheta": 32,
  "R0": 1.0,
  "R1": 0.7049929504890526,
  "UUID_init": null,
  "length_target": 4.746022190618392,
  "length_weight": 0.0003009933511690612,
  "max_\u03ba_threshold": 10.650347081867661,
  "max_\u03ba_weight": 1.968343158731899e-06,
  "msc_threshold": 4.581618107763599,
  "msc_weight": 3.0055409196489704e-05,
  "cc_threshold": 0.08543222535864979,
  "cc_weight": 84552.65996240826,
  "cs_threshold": 0.25806701700208834,
  "cs_weight": 8210.911277329073,
  "force_threshold": 33261.21392923856,
  "force_weight": 1.076209672560902e-10,
  "arclength_weight": 0.01,
  "JF": 1.1787050312672772e-06,
  "Jf": 1.1244162571089352e-06,
  "gradient_norm": 0.000121932615846338,
  "linking_number": 1.6081734251142496e-05,
  "lengths": [
    4.751522046172965,
    4.747779352989684,
    4.746360743636755,
    4.686161523542685
  ],
  "max_length": 4.751522046172965,
  "max_\u03ba": [
    2.6926043825421884,
    3.7173964405561093,
    2.9436981474916477,
    2.7987557034355333
  ],
  "max_max_\u03ba": 3.7173964405561093,
  "MSCs": [
    3.636858955122928,
    4.558085164489835,
    4.292909833350814,
    3.6832365384691528
  ],
  "max_MSC": 4.558085164489835,
  "max_forces": [
    27195.488588817836,
    21834.613210023497,
    21820.08688848516,
    26549.581439079644
  ],
  "max_max_force": 27195.488588817836,
  "arclength_variances": [
    2.040090822581454e-06,
    1.7792627870627453e-06,
    7.804364797256407e-07,
    3.256661814091618e-07
  ],
  "max_arclength_variance": 2.040090822581454e-06,
  "BdotN": 0.0004067719446788187,
  "coil_coil_distance": 0.0870743692069587,
  "coil_surface_distance": 0.28673240390755284,
  "message": "STOP: TOTAL NO. of ITERATIONS REACHED LIMIT",
  "success": false,
  "iterations": 400,
  "function_evaluations": 457,
  "coil_currents": [
    100000.0,
    76863.11418242377,
    84006.9992212722,
    88652.21033632426
  ],
  "UUID": "2ab0a07cfa0e41c097862b546415e8c4",
  "eval_time": 2079.756485791999
}