{
  "nfp": 2,
  "ncoils": 4,
  "order": 5,
  "nphi": 32,
  "ntheta": 32,
  "R0": 1.0,
  "R1": 0.730699143163262,
  "UUID_init": null,
  "length_target": 4.939234694663323,
  "length_weight": 0.0045436659023772195,
  "max_\u03ba_threshold": 5.132420659600472,
  "max_\u03ba_weight": 7.42489138966098e-06,
  "msc_threshold": 4.116538593609501,
  "msc_weight": 6.608467366090824e-06,
  "cc_threshold": 0.09193777358859118,
  "cc_weight": 2442.1324677384287,
  "cs_threshold": 0.22064005916697677,
  "cs_weight": 79.98786544670344,
  "force_threshold": 36294.89371239217,
  "force_weight": 1.2258559324218213e-13,
  "arclength_weight": 0.01,
  "JF": 7.919328605114349e-07,
  "Jf": 7.55628011620851e-07,
  "gradient_norm": 7.06251169722498e-05,
  "linking_number": 0.0002117710728251503,
  "lengths": [
    4.939535975175648,
    4.934028082011414,
    4.939421625437047,
    4.788766613300123
  ],
  "max_length": 4.939535975175648,
  "max_\u03ba": [
    2.6199545652642304,
    2.7942062335408333,
    2.5606653540535205,
    2.4011477028609773
  ],
  "max_max_\u03ba": 2.7942062335408333,
  "MSCs": [
    3.1490689107379524,
    3.601939833470802,
    3.265805042102051,
    3.3409409010952666
  ],
  "max_MSC": 3.601939833470802,
  "max_forces": [
    33143.85572291887,
    29461.901187546715,
    25714.507457638272,
    22098.679264088296
  ],
  "max_max_force": 33143.85572291887,
  "arclength_variances": [
    2.6601988146103277e-07,
    1.7546596112114944e-06,
    1.0834083056223147e-06,
    4.978371832643411e-07
  ],
  "max_arclength_variance": 1.7546596112114944e-06,
  "BdotN": 0.0003522860204813477,
  "coil_coil_distance": 0.0919401301086791,
  "coil_surface_distance": 0.3136981254350712,
  "message": "STOP: TOTAL NO. of ITERATIONS REACHED LIMIT",
  "success": false,
  "iterations": 400,
  "function_evaluations": 536,
  "coil_currents": [
    100000.0,
    81780.28121596707,
    86447.30747400704,
    90100.06044843725
  ],
  "UUID": "828ec655aded4c3eb18b91ef4f12af86",
  "eval_time": 1653.0177311140005
}