{
  "nfp": 2,
  "ncoils": 4,
  "order": 7,
  "nphi": 32,
  "ntheta": 32,
  "R0": 1.0,
  "R1": 0.7068756116977171,
  "UUID_init": null,
  "length_target": 4.652569486122385,
  "length_weight": 0.0065689693132075086,
  "max_\u03ba_threshold": 8.530199682864229,
  "max_\u03ba_weight": 6.457946565697635e-07,
  "msc_threshold": 5.347866800572547,
  "msc_weight": 3.0229893529194636e-05,
  "cc_threshold": 0.11971420650861109,
  "cc_weight": 8993.861957039175,
  "cs_threshold": 0.19918411976783693,
  "cs_weight": 297.9118330523877,
  "force_threshold": 715.5256560560763,
  "force_weight": 6.257208086038394e-11,
  "arclength_weight": 0.01,
  "JF": 0.020983584066109708,
  "Jf": 0.0018997730064175206,
  "gradient_norm": 0.05278228338428149,
  "linking_number": 3.360029426742776e-06,
  "lengths": [
    4.354459263952365,
    4.904559716982232,
    5.303288901949741,
    5.056309708340963
  ],
  "max_length": 5.303288901949741,
  "max_\u03ba": [
    7.273851525511631,
    4.4438950387916165,
    3.198570327120987,
    5.14728776222333
  ],
  "max_max_\u03ba": 7.273851525511631,
  "MSCs": [
    5.9487478986996924,
    5.42432615294238,
    3.8166122293037237,
    8.178682516096696
  ],
  "max_MSC": 8.178682516096696,
  "max_forces": [
    2737.7278609250766,
    1487.3329118039708,
    1678.767008106415,
    2045.425053001111
  ],
  "max_max_force": 2737.7278609250766,
  "arclength_variances": [
    0.04400828743656785,
    0.013243780601090386,
    0.008805503506247333,
    0.006483299558699924
  ],
  "max_arclength_variance": 0.04400828743656785,
  "BdotN": 0.018013010173382825,
  "coil_coil_distance": 0.1182872922939097,
  "coil_surface_distance": 0.17674158746486432,
  "message": "STOP: TOTAL NO. of ITERATIONS REACHED LIMIT",
  "success": false,
  "iterations": 400,
  "function_evaluations": 477,
  "coil_currents": [
    100000.0,
    -18858.31131189588,
    -24863.676462977917,
    -31173.13665850647
  ],
  "UUID": "a97e6b102df541d5bd9e6037926f3047",
  "eval_time": 2039.0417413339992
}