{
  "nfp": 2,
  "ncoils": 4,
  "order": 4,
  "nphi": 32,
  "ntheta": 32,
  "R0": 1.0,
  "R1": 0.7275787702317094,
  "UUID_init": null,
  "length_target": 5.98813929422305,
  "length_weight": 0.00014945173493436027,
  "max_\u03ba_threshold": 11.727676130577091,
  "max_\u03ba_weight": 1.4933592316089364e-09,
  "msc_threshold": 4.278323888650612,
  "msc_weight": 4.331918819941204e-05,
  "cc_threshold": 0.08729371593958651,
  "cc_weight": 305.10557297848356,
  "cs_threshold": 0.2090413507983172,
  "cs_weight": 2.6178360364850315,
  "force_threshold": 38668.45840657176,
  "force_weight": 9.066929371348636e-10,
  "arclength_weight": 0.01,
  "JF": 0.003664011873106332,
  "Jf": 0.0001338673872288897,
  "gradient_norm": 0.0015180663524965862,
  "linking_number": 0.1251657610680644,
  "lengths": [
    5.755754944807519,
    6.0634772482923225,
    5.955350629566236,
    5.239749838198885
  ],
  "max_length": 6.0634772482923225,
  "max_\u03ba": [
    2.6557517737534675,
    2.1490481979430593,
    2.4559125760849954,
    2.8432823208010154
  ],
  "max_max_\u03ba": 2.8432823208010154,
  "MSCs": [
    3.070577523768118,
    2.356407436810091,
    3.579601906180509,
    3.6596377866584144
  ],
  "max_MSC": 3.6596377866584144,
  "max_forces": [
    29898.932644552893,
    18281.237544844804,
    24593.412882732653,
    18454.69074101503
  ],
  "max_max_force": 29898.932644552893,
  "arclength_variances": [
    0.0004303436302999851,
    0.00015333383529383818,
    0.0004762318403359884,
    9.873109438800177e-05
  ],
  "max_arclength_variance": 0.0004762318403359884,
  "BdotN": 0.004041570553053785,
  "coil_coil_distance": 0.08735138199268036,
  "coil_surface_distance": 0.0371502584711453,
  "message": "STOP: TOTAL NO. of ITERATIONS REACHED LIMIT",
  "success": false,
  "iterations": 400,
  "function_evaluations": 565,
  "coil_currents": [
    100000.0,
    73438.2888623351,
    69879.06190750323,
    69436.6072015435
  ],
  "UUID": "aabe7f3c15a74786bf34b12eae061bbc",
  "eval_time": 527.4906038449999
}