{
  "nfp": 2,
  "ncoils": 4,
  "order": 5,
  "nphi": 32,
  "ntheta": 32,
  "R0": 1.0,
  "R1": 0.41782919067861235,
  "UUID_init": null,
  "length_target": 4.771674228992614,
  "length_weight": 0.009431289690026828,
  "max_\u03ba_threshold": 5.691717151946124,
  "max_\u03ba_weight": 2.5729875401642476e-06,
  "msc_threshold": 5.965268939160314,
  "msc_weight": 0.00031689495059543583,
  "cc_threshold": 0.11242622271813701,
  "cc_weight": 503.34629608828516,
  "cs_threshold": 0.2178065706005576,
  "cs_weight": 0.1267866885802196,
  "force_threshold": 49026.34046068147,
  "force_weight": 1.7265585516742025e-14,
  "arclength_weight": 0.01,
  "JF": 6.287154824222329e-07,
  "Jf": 6.188449757993968e-07,
  "gradient_norm": 8.654465111698374e-05,
  "linking_number": 1.044592397590879e-05,
  "lengths": [
    4.771853105803503,
    4.743140914085835,
    4.770839484090054,
    4.730737032278875
  ],
  "max_length": 4.771853105803503,
  "max_\u03ba": [
    2.648328200721092,
    2.866588399967825,
    2.749577523645705,
    2.576634200069025
  ],
  "max_max_\u03ba": 2.866588399967825,
  "MSCs": [
    3.168683189956046,
    3.6617651474372854,
    3.4644996585832177,
    3.4249361333342723
  ],
  "max_MSC": 3.6617651474372854,
  "max_forces": [
    31647.412536814652,
    27418.032115262828,
    25356.922755617667,
    21685.693082050537
  ],
  "max_max_force": 31647.412536814652,
  "arclength_variances": [
    5.026787447896665e-07,
    1.4551364604276092e-07,
    8.676881217772746e-08,
    2.3507917435302772e-07
  ],
  "max_arclength_variance": 5.026787447896665e-07,
  "BdotN": 0.0003035375881958375,
  "coil_coil_distance": 0.11242405105071739,
  "coil_surface_distance": 0.29650839937614837,
  "message": "STOP: TOTAL NO. of ITERATIONS REACHED LIMIT",
  "success": false,
  "iterations": 400,
  "function_evaluations": 468,
  "coil_currents": [
    100000.0,
    88258.26176708585,
    90395.00402682109,
    91277.37459339411
  ],
  "UUID": "1e4b05e125664984bb0f6f3704a51bb7",
  "eval_time": 1228.937509332
}