{
  "nfp": 2,
  "ncoils": 4,
  "order": 7,
  "nphi": 32,
  "ntheta": 32,
  "R0": 1.0,
  "R1": 0.6661015195788591,
  "UUID_init": null,
  "length_target": 4.7528959108575215,
  "length_weight": 0.001906065764189437,
  "max_\u03ba_threshold": 8.735428270667493,
  "max_\u03ba_weight": 9.340627118743718e-06,
  "msc_threshold": 5.715391590123503,
  "msc_weight": 3.4829322105145394e-06,
  "cc_threshold": 0.09650105696256864,
  "cc_weight": 7661.535834508131,
  "cs_threshold": 0.1974766009593022,
  "cs_weight": 99.78424517498937,
  "force_threshold": 21465.498972862835,
  "force_weight": 8.093298511238715e-14,
  "arclength_weight": 0.01,
  "JF": 9.552029313351764e-07,
  "Jf": 8.900456581337848e-07,
  "gradient_norm": 3.095036619766158e-05,
  "linking_number": 1.6257283780471262e-10,
  "lengths": [
    4.753916884119312,
    4.649713823097444,
    4.616289363523352,
    4.425282552655817
  ],
  "max_length": 4.753916884119312,
  "max_\u03ba": [
    3.005026935531079,
    3.6384275740548895,
    3.6844660253245523,
    2.9801897929054846
  ],
  "max_max_\u03ba": 3.6844660253245523,
  "MSCs": [
    3.412931804569137,
    4.455279122548846,
    4.397159753070441,
    3.8755974130053232
  ],
  "max_MSC": 4.455279122548846,
  "max_forces": [
    21560.549910231573,
    18179.132293822095,
    17428.498791151247,
    16330.545175621417
  ],
  "max_max_force": 21560.549910231573,
  "arclength_variances": [
    2.868044833981183e-06,
    1.6097679593361939e-06,
    8.277728030440702e-07,
    6.170146304012944e-07
  ],
  "max_arclength_variance": 2.868044833981183e-06,
  "BdotN": 0.00035470845560239177,
  "coil_coil_distance": 0.15994584291092068,
  "coil_surface_distance": 0.256878028770948,
  "message": "STOP: TOTAL NO. of ITERATIONS REACHED LIMIT",
  "success": false,
  "iterations": 400,
  "function_evaluations": 404,
  "coil_currents": [
    100000.0,
    75432.98780954538,
    81697.7774772909,
    84779.93456361823
  ],
  "UUID": "a97e7285adc6423cbca4eb505a0a31bd",
  "eval_time": 1142.4545435350005
}