{
  "nfp": 2,
  "ncoils": 4,
  "order": 7,
  "nphi": 32,
  "ntheta": 32,
  "R0": 1.0,
  "R1": 0.5791855382573798,
  "UUID_init": null,
  "length_target": 5.559241876697243,
  "length_weight": 0.0033335978939272298,
  "max_\u03ba_threshold": 8.524160428345194,
  "max_\u03ba_weight": 8.4847292146597e-08,
  "msc_threshold": 4.039891971530027,
  "msc_weight": 2.3723329267409556e-06,
  "cc_threshold": 0.11585478987173281,
  "cc_weight": 4745.166902985729,
  "cs_threshold": 0.2828501698617217,
  "cs_weight": 0.6836620552317597,
  "force_threshold": 28832.428735156445,
  "force_weight": 1.1934472696322179e-11,
  "arclength_weight": 0.01,
  "JF": 3.658693655530513e-06,
  "Jf": 3.132081975158661e-06,
  "gradient_norm": 0.0002934525042028694,
  "linking_number": 7.867386402822604e-07,
  "lengths": [
    5.550455371673982,
    5.560590687678364,
    5.555555057111367,
    3.807929847836642
  ],
  "max_length": 5.560590687678364,
  "max_\u03ba": [
    2.8499676347948,
    3.6756130596738763,
    3.5390391942241846,
    2.9245199186968343
  ],
  "max_max_\u03ba": 3.6756130596738763,
  "MSCs": [
    2.8873304381631972,
    4.496835538987168,
    4.4423553938161,
    3.9925431101320545
  ],
  "max_MSC": 4.496835538987168,
  "max_forces": [
    20987.677305205376,
    16946.92092962573,
    16523.367152856677,
    4433.425710808314
  ],
  "max_max_force": 20987.677305205376,
  "arclength_variances": [
    3.2318782952573757e-06,
    2.112405776666513e-06,
    2.38646476245564e-06,
    6.471842351589831e-07
  ],
  "max_arclength_variance": 3.2318782952573757e-06,
  "BdotN": 0.0007394173607920375,
  "coil_coil_distance": 0.11661979459378675,
  "coil_surface_distance": 0.29056670837819853,
  "message": "STOP: TOTAL NO. of ITERATIONS REACHED LIMIT",
  "success": false,
  "iterations": 400,
  "function_evaluations": 576,
  "coil_currents": [
    100000.0,
    76181.94504726633,
    89110.66188411199,
    18504.904341730125
  ],
  "UUID": "92653fc3eead4a9da5a942ebad490613",
  "eval_time": 1876.032012911
}