{
  "nfp": 2,
  "ncoils": 4,
  "order": 1,
  "nphi": 32,
  "ntheta": 32,
  "R0": 1.0,
  "R1": 0.5746412502130448,
  "UUID_init": null,
  "length_target": 4.796065161514115,
  "length_weight": 0.0001545680771537191,
  "max_\u03ba_threshold": 5.149821236776788,
  "max_\u03ba_weight": 2.3983437659058326e-09,
  "msc_threshold": 4.552622281070345,
  "msc_weight": 1.461323451832474e-05,
  "cc_threshold": 0.11960043794534125,
  "cc_weight": 2414.804100357214,
  "cs_threshold": 0.2457767575871231,
  "cs_weight": 493.2919139546902,
  "force_threshold": 36038.09729644882,
  "force_weight": 3.705820215219127e-11,
  "arclength_weight": 0.01,
  "JF": 4.4438170371783253e-10,
  "Jf": 4.4393888429099337e-10,
  "gradient_norm": 1.0756553652565746e-07,
  "linking_number": 0.6612672024890961,
  "lengths": [
    4.464670290239174,
    4.46529485104495,
    4.240698226607434,
    3.5605912163683517
  ],
  "max_length": 4.46529485104495,
  "max_\u03ba": [
    1.4073188996121226,
    1.4071209879532434,
    1.481640466649655,
    1.7646489673730563
  ],
  "max_max_\u03ba": 1.7646489673730563,
  "MSCs": [
    1.9805278418456669,
    1.9799738477131472,
    2.195255123752859,
    3.1139777450365296
  ],
  "max_MSC": 3.1139777450365296,
  "max_forces": [
    413.84021345887066,
    364.94711587342204,
    1.8158133189316175,
    0.0006886971393921952
  ],
  "max_max_force": 413.84021345887066,
  "arclength_variances": [
    2.5153014885947843e-11,
    1.7259851765476966e-11,
    5.918933183325516e-13,
    1.277182714159567e-12
  ],
  "max_arclength_variance": 2.5153014885947843e-11,
  "BdotN": 5.709196724598578e-06,
  "coil_coil_distance": 0.11960244462308517,
  "coil_surface_distance": 0.24577722451200598,
  "message": "STOP: TOTAL NO. of ITERATIONS REACHED LIMIT",
  "success": false,
  "iterations": 400,
  "function_evaluations": 1108,
  "coil_currents": [
    100000.0,
    -100078.42403043821,
    65.18303444789268,
    -7.408391607546672
  ],
  "UUID": "00837929f299414dbe9a8675f2c08485",
  "eval_time": 67.417997618
}