{
  "nfp": 2,
  "ncoils": 4,
  "order": 4,
  "nphi": 32,
  "ntheta": 32,
  "R0": 1.0,
  "R1": 0.4952182997995599,
  "UUID_init": null,
  "length_target": 4.519552285717256,
  "length_weight": 0.0063813807499154915,
  "max_\u03ba_threshold": 5.483254097821932,
  "max_\u03ba_weight": 2.197445367337945e-07,
  "msc_threshold": 4.784198326132415,
  "msc_weight": 3.976911786796938e-05,
  "cc_threshold": 0.09941746859507393,
  "cc_weight": 63884.21780765365,
  "cs_threshold": 0.1852973332232847,
  "cs_weight": 0.4299562992621036,
  "force_threshold": 32615.969150297886,
  "force_weight": 1.854313631689714e-13,
  "arclength_weight": 0.01,
  "JF": 4.004374283363361e-06,
  "Jf": 3.523511983349921e-06,
  "gradient_norm": 3.8494082524044565e-05,
  "linking_number": 0.0001465440696185437,
  "lengths": [
    4.520271717085114,
    4.457166606343674,
    4.429003289048477,
    4.390539370482948
  ],
  "max_length": 4.520271717085114,
  "max_\u03ba": [
    2.901935763096944,
    2.7628401732251406,
    2.6409065426240383,
    2.4399836200132943
  ],
  "max_max_\u03ba": 2.901935763096944,
  "MSCs": [
    3.621108423678637,
    4.001675427072883,
    3.975422558171481,
    3.938792157277356
  ],
  "max_MSC": 4.001675427072883,
  "max_forces": [
    31768.681595237944,
    24016.89894252254,
    24440.697500147537,
    22041.127062798194
  ],
  "max_max_force": 31768.681595237944,
  "arclength_variances": [
    1.1854282891248738e-05,
    1.1103880634453323e-05,
    1.3063039743127282e-05,
    1.189988250369906e-05
  ],
  "max_arclength_variance": 1.3063039743127282e-05,
  "BdotN": 0.0007151516491246514,
  "coil_coil_distance": 0.09941968994294469,
  "coil_surface_distance": 0.28397622596222494,
  "message": "STOP: TOTAL NO. of ITERATIONS REACHED LIMIT",
  "success": false,
  "iterations": 400,
  "function_evaluations": 676,
  "coil_currents": [
    100000.0,
    79660.91435233584,
    89374.91514268763,
    93297.42322444086
  ],
  "UUID": "05d3e5e2467c469889494d572972da76",
  "eval_time": 554.7021783689997
}