{
  "nfp": 2,
  "ncoils": 4,
  "order": 7,
  "nphi": 32,
  "ntheta": 32,
  "R0": 1.0,
  "R1": 0.7086355408000662,
  "UUID_init": null,
  "length_target": 5.170368922655358,
  "length_weight": 0.00012384078159175202,
  "max_\u03ba_threshold": 8.42621976165328,
  "max_\u03ba_weight": 6.386299783449389e-09,
  "msc_threshold": 5.767592404175419,
  "msc_weight": 1.3436535670510903e-05,
  "cc_threshold": 0.0871611579241337,
  "cc_weight": 11391.365690801265,
  "cs_threshold": 0.21579489581405054,
  "cs_weight": 611.4058513207143,
  "force_threshold": 12637.225723297974,
  "force_weight": 3.7007632708936986e-11,
  "arclength_weight": 0.01,
  "JF": 4.477955380397498e-06,
  "Jf": 4.122962314122464e-06,
  "gradient_norm": 0.00012509297855914977,
  "linking_number": 1.388602875934934e-10,
  "lengths": [
    5.23091568873809,
    4.601731800690152,
    4.470100892873312,
    4.532281642462813
  ],
  "max_length": 5.23091568873809,
  "max_\u03ba": [
    2.8456136473878657,
    4.069170145622294,
    4.023981914979133,
    3.5111618967077063
  ],
  "max_max_\u03ba": 4.069170145622294,
  "MSCs": [
    2.7192154272639737,
    5.777886818543411,
    4.960880318066236,
    4.549001872482163
  ],
  "max_MSC": 5.777886818543411,
  "max_forces": [
    12641.522451263929,
    5999.205293544396,
    6532.522780562351,
    6787.724473247178
  ],
  "max_max_force": 12641.522451263929,
  "arclength_variances": [
    7.555712969086806e-06,
    1.1834929496194086e-06,
    1.320697531505754e-06,
    2.4446879134893735e-06
  ],
  "max_arclength_variance": 7.555712969086806e-06,
  "BdotN": 0.0007403683343044121,
  "coil_coil_distance": 0.1630651944193978,
  "coil_surface_distance": 0.21578119513690153,
  "message": "STOP: TOTAL NO. of ITERATIONS REACHED LIMIT",
  "success": false,
  "iterations": 400,
  "function_evaluations": 415,
  "coil_currents": [
    100000.0,
    30288.55614886308,
    44519.72483872061,
    54498.87535203398
  ],
  "UUID": "b3251e1df2884dde851889842a11c8d2",
  "eval_time": 1476.58270331
}