{
  "nfp": 2,
  "ncoils": 4,
  "order": 3,
  "nphi": 32,
  "ntheta": 32,
  "R0": 1.0,
  "R1": 0.6908417938595899,
  "UUID_init": null,
  "length_target": 5.823347585362795,
  "length_weight": 0.0006206513566224714,
  "max_\u03ba_threshold": 6.691255060444006,
  "max_\u03ba_weight": 9.441787339484957e-06,
  "msc_threshold": 5.35256044352378,
  "msc_weight": 5.909582419937696e-05,
  "cc_threshold": 0.1022131277168543,
  "cc_weight": 1841.0095301765277,
  "cs_threshold": 0.21062654726704128,
  "cs_weight": 331.50272422044543,
  "force_threshold": 11907.587922461682,
  "force_weight": 2.307880025343313e-13,
  "arclength_weight": 0.01,
  "JF": 2.0402973713007975e-05,
  "Jf": 1.788131245933057e-05,
  "gradient_norm": 0.00010698775149682114,
  "linking_number": 0.0013294298315784004,
  "lengths": [
    5.833812203459603,
    3.562204769100515,
    3.6231436581769407,
    3.691727104158625
  ],
  "max_length": 5.833812203459603,
  "max_\u03ba": [
    1.9441020866823366,
    3.1430169605080907,
    2.473179616880992,
    2.469156386449004
  ],
  "max_max_\u03ba": 3.1430169605080907,
  "MSCs": [
    2.0033956957205694,
    5.258127196096686,
    5.371364211359291,
    5.364309275549112
  ],
  "max_MSC": 5.371364211359291,
  "max_forces": [
    12396.412815250576,
    3575.5827619181046,
    4519.1804721416165,
    5110.663726909374
  ],
  "max_max_force": 12396.412815250576,
  "arclength_variances": [
    0.000175848096495503,
    3.258405300678349e-05,
    9.70307024057447e-06,
    7.134065527189665e-06
  ],
  "max_arclength_variance": 0.000175848096495503,
  "BdotN": 0.0016939382990626896,
  "coil_coil_distance": 0.10221723312729747,
  "coil_surface_distance": 0.21066763846798836,
  "message": "STOP: TOTAL NO. of ITERATIONS REACHED LIMIT",
  "success": false,
  "iterations": 400,
  "function_evaluations": 500,
  "coil_currents": [
    100000.0,
    20075.065299659553,
    29777.016116000465,
    40731.327038399584
  ],
  "UUID": "ef8a9f22270d40a6aac8a86342c3321f",
  "eval_time": 306.0032529349992
}