{
  "nfp": 2,
  "ncoils": 4,
  "order": 6,
  "nphi": 32,
  "ntheta": 32,
  "R0": 1.0,
  "R1": 0.4382607360189167,
  "UUID_init": null,
  "length_target": 4.932294216872853,
  "length_weight": 0.001800142973049542,
  "max_\u03ba_threshold": 10.43782829675035,
  "max_\u03ba_weight": 6.350494927483004e-08,
  "msc_threshold": 4.634349016014395,
  "msc_weight": 1.5185892097030568e-05,
  "cc_threshold": 0.09760442727882543,
  "cc_weight": 95139.42693778466,
  "cs_threshold": 0.2866855796925596,
  "cs_weight": 4.867643079277857,
  "force_threshold": 31239.68081100512,
  "force_weight": 2.0818156903892357e-14,
  "arclength_weight": 0.01,
  "JF": 3.631767515658496e-07,
  "Jf": 3.530352567276167e-07,
  "gradient_norm": 8.423778257605966e-06,
  "linking_number": 7.637987293277355e-06,
  "lengths": [
    4.932722897728872,
    4.789311423128926,
    4.724482511126686,
    4.632952062749044
  ],
  "max_length": 4.932722897728872,
  "max_\u03ba": [
    2.579728045271084,
    2.6914497467158744,
    2.684800363604597,
    2.570922632128255
  ],
  "max_max_\u03ba": 2.6914497467158744,
  "MSCs": [
    3.1346861130720587,
    3.472396670696011,
    3.7103537222590677,
    3.6399792601744814
  ],
  "max_MSC": 3.7103537222590677,
  "max_forces": [
    31336.595927738097,
    29319.995021148665,
    26818.22729371596,
    22580.242795412807
  ],
  "max_max_force": 31336.595927738097,
  "arclength_variances": [
    2.849923983701285e-07,
    2.3501736729957724e-07,
    2.779343474631276e-07,
    1.29938943635339e-07
  ],
  "max_arclength_variance": 2.849923983701285e-07,
  "BdotN": 0.0002365423523466948,
  "coil_coil_distance": 0.09814635478466265,
  "coil_surface_distance": 0.3021466195943868,
  "message": "STOP: TOTAL NO. of ITERATIONS REACHED LIMIT",
  "success": false,
  "iterations": 400,
  "function_evaluations": 586,
  "coil_currents": [
    100000.0,
    89504.05144058676,
    90619.54277588324,
    92161.880223995
  ],
  "UUID": "a1a4a595dfdd44d19627fd47fa8e34a9",
  "eval_time": 1403.4690594169997
}