{
  "nfp": 2,
  "ncoils": 4,
  "order": 3,
  "nphi": 32,
  "ntheta": 32,
  "R0": 1.0,
  "R1": 0.724454399086047,
  "UUID_init": null,
  "length_target": 5.326186038524085,
  "length_weight": 0.000826011505380536,
  "max_\u03ba_threshold": 9.57504493385136,
  "max_\u03ba_weight": 2.2234305334844393e-08,
  "msc_threshold": 4.30099706091705,
  "msc_weight": 4.402919016300712e-06,
  "cc_threshold": 0.09451059755242347,
  "cc_weight": 10236.382762494295,
  "cs_threshold": 0.19671462595262534,
  "cs_weight": 1.0745532048252642,
  "force_threshold": 23130.840451728098,
  "force_weight": 5.879085384709324e-13,
  "arclength_weight": 0.01,
  "JF": 2.3163121621785324e-05,
  "Jf": 2.1357684694362773e-05,
  "gradient_norm": 9.89320049539637e-05,
  "linking_number": 0.016775809907866236,
  "lengths": [
    5.335095036624383,
    4.8471979437017545,
    4.3226521551296395,
    4.274886565161632
  ],
  "max_length": 5.335095036624383,
  "max_\u03ba": [
    2.0843758785006483,
    2.49278843619854,
    2.1229169441899325,
    2.251020240646493
  ],
  "max_max_\u03ba": 2.49278843619854,
  "MSCs": [
    2.300189376468986,
    3.3965786343840674,
    3.9489141816092674,
    4.442279119243372
  ],
  "max_MSC": 4.442279119243372,
  "max_forces": [
    20183.45778855466,
    9055.625961475296,
    11055.322417402635,
    11095.933950134104
  ],
  "max_max_force": 20183.45778855466,
  "arclength_variances": [
    0.00012619454873839388,
    7.644412803968685e-06,
    2.7350672653368902e-05,
    1.168177201009673e-05
  ],
  "max_arclength_variance": 0.00012619454873839388,
  "BdotN": 0.0018916864001425632,
  "coil_coil_distance": 0.0945235692611948,
  "coil_surface_distance": 0.22026271514457446,
  "message": "STOP: TOTAL NO. of ITERATIONS REACHED LIMIT",
  "success": false,
  "iterations": 400,
  "function_evaluations": 982,
  "coil_currents": [
    100000.0,
    33338.046521456155,
    49341.14608924933,
    57604.38769677447
  ],
  "UUID": "a97bb6d8c05f4c21b1acdc607fe2b305",
  "eval_time": 474.25941618000024
}