{
  "nfp": 2,
  "ncoils": 4,
  "order": 3,
  "nphi": 32,
  "ntheta": 32,
  "R0": 1.0,
  "R1": 0.4342443917287258,
  "UUID_init": null,
  "length_target": 5.603535247250272,
  "length_weight": 0.000510078941193042,
  "max_\u03ba_threshold": 6.833796376454109,
  "max_\u03ba_weight": 7.67148958100595e-09,
  "msc_threshold": 4.615765162641833,
  "msc_weight": 1.2670159790977518e-07,
  "cc_threshold": 0.09812122886005985,
  "cc_weight": 19958.214625867808,
  "cs_threshold": 0.1673987132747088,
  "cs_weight": 3505.226988240338,
  "force_threshold": 1465.0962119915346,
  "force_weight": 8.285905044646974e-13,
  "arclength_weight": 0.01,
  "JF": 0.0010408728673150585,
  "Jf": 0.00018633579304326266,
  "gradient_norm": 0.0016791690911569263,
  "linking_number": 0.009055347718501566,
  "lengths": [
    5.852022760768321,
    4.765153606652021,
    4.020311954889465,
    3.0860145515411426
  ],
  "max_length": 5.852022760768321,
  "max_\u03ba": [
    1.5765693033721724,
    1.8981274102606256,
    1.9133923024152553,
    2.908126959077496
  ],
  "max_max_\u03ba": 2.908126959077496,
  "MSCs": [
    1.4744672601661915,
    1.9940641726937445,
    2.623534266860379,
    4.87734089917082
  ],
  "max_MSC": 4.87734089917082,
  "max_forces": [
    5805.0483503192845,
    2900.8844771859694,
    966.8108565410525,
    127.16455997238025
  ],
  "max_max_force": 5805.0483503192845,
  "arclength_variances": [
    0.001065754691760293,
    0.00016061928107349976,
    3.5197383971223254e-05,
    1.3069593036111244e-05
  ],
  "max_arclength_variance": 0.001065754691760293,
  "BdotN": 0.005526367002385493,
  "coil_coil_distance": 0.09816591447732659,
  "coil_surface_distance": 0.2280363842697591,
  "message": "ABNORMAL_TERMINATION_IN_LNSRCH",
  "success": false,
  "iterations": 146,
  "function_evaluations": 493,
  "coil_currents": [
    100000.0,
    -22110.548477070697,
    -17575.833168888075,
    -7679.451492375167
  ],
  "UUID": "ffdd400b8b3f4033a6fcdaf772076637",
  "eval_time": 490.1189392460001
}