{
  "nfp": 2,
  "ncoils": 4,
  "order": 9,
  "nphi": 32,
  "ntheta": 32,
  "R0": 1.0,
  "R1": 0.5453391924537174,
  "UUID_init": null,
  "length_target": 4.860986665471533,
  "length_weight": 0.0007833802689462332,
  "max_\u03ba_threshold": 9.266666296166992,
  "max_\u03ba_weight": 8.313336710936605e-08,
  "msc_threshold": 5.107446522107685,
  "msc_weight": 2.1074759161149506e-07,
  "cc_threshold": 0.1074666094305031,
  "cc_weight": 2091.6453419513537,
  "cs_threshold": 0.2453785377122298,
  "cs_weight": 1595.3894014216764,
  "force_threshold": 26546.230648513592,
  "force_weight": 1.4605061835397432e-10,
  "arclength_weight": 0.01,
  "JF": 1.1422041406593902e-06,
  "Jf": 1.067632342557355e-06,
  "gradient_norm": 0.00015839478056259312,
  "linking_number": 1.4476364990713082e-11,
  "lengths": [
    4.8632341409292295,
    4.650841113279699,
    4.409292664131022,
    4.218742329363516
  ],
  "max_length": 4.8632341409292295,
  "max_\u03ba": [
    3.6320435157730717,
    3.7290060912571565,
    3.817614285249206,
    3.605439729369499
  ],
  "max_max_\u03ba": 3.817614285249206,
  "MSCs": [
    4.576838682625607,
    4.36366627058703,
    5.108445560549587,
    4.706319931440925
  ],
  "max_MSC": 5.108445560549587,
  "max_forces": [
    26369.934465705057,
    23076.801457161513,
    21697.007054189267,
    21434.41825768296
  ],
  "max_max_force": 26369.934465705057,
  "arclength_variances": [
    1.1275071265237038e-06,
    2.247590125921943e-06,
    1.3426483547423972e-06,
    2.5415752829186926e-06
  ],
  "max_arclength_variance": 2.5415752829186926e-06,
  "BdotN": 0.0004238814712526569,
  "coil_coil_distance": 0.13572520990327813,
  "coil_surface_distance": 0.2604529311505262,
  "message": "STOP: TOTAL NO. of ITERATIONS REACHED LIMIT",
  "success": false,
  "iterations": 400,
  "function_evaluations": 425,
  "coil_currents": [
    100000.0,
    87895.93411350218,
    90058.01801560528,
    90249.0722630543
  ],
  "UUID": "0a96329609bb43b78c7c0ddb6eea507b",
  "eval_time": 3216.844993981
}