{
  "nfp": 2,
  "ncoils": 4,
  "order": 5,
  "nphi": 32,
  "ntheta": 32,
  "R0": 1.0,
  "R1": 0.3705903581648484,
  "UUID_init": null,
  "length_target": 4.57800031203991,
  "length_weight": 0.0051849651357136145,
  "max_\u03ba_threshold": 7.820702055918787,
  "max_\u03ba_weight": 2.0039125006902285e-06,
  "msc_threshold": 5.303881968272592,
  "msc_weight": 0.00038892625429598574,
  "cc_threshold": 0.10313547876396642,
  "cc_weight": 4355.972691405617,
  "cs_threshold": 0.27675399547856894,
  "cs_weight": 129.92881300645843,
  "force_threshold": 19496.921745507785,
  "force_weight": 4.417667673294269e-12,
  "arclength_weight": 0.01,
  "JF": 3.0940424957325895e-06,
  "Jf": 3.0371495167247804e-06,
  "gradient_norm": 2.5230135668689842e-05,
  "linking_number": 2.653294919735291e-05,
  "lengths": [
    4.579214299681993,
    4.09019131833995,
    4.057543105947783,
    4.081001707522835
  ],
  "max_length": 4.579214299681993,
  "max_\u03ba": [
    2.683070193265846,
    3.210778789791884,
    2.8684660022246953,
    2.745819242156643
  ],
  "max_max_\u03ba": 3.210778789791884,
  "MSCs": [
    3.309392740373385,
    4.477497273862201,
    4.438408224539273,
    4.492185375398411
  ],
  "max_MSC": 4.492185375398411,
  "max_forces": [
    19507.89302691428,
    15684.665528996062,
    14119.459702786251,
    13041.280674497446
  ],
  "max_max_force": 19507.89302691428,
  "arclength_variances": [
    1.1167369850549947e-06,
    2.577678804016228e-06,
    1.2495801119596884e-06,
    1.273275112928687e-07
  ],
  "max_arclength_variance": 2.577678804016228e-06,
  "BdotN": 0.0006515164027923508,
  "coil_coil_distance": 0.10389024568544009,
  "coil_surface_distance": 0.27669401125412246,
  "message": "STOP: TOTAL NO. of ITERATIONS REACHED LIMIT",
  "success": false,
  "iterations": 400,
  "function_evaluations": 484,
  "coil_currents": [
    100000.0,
    64430.19969437713,
    69644.77737969422,
    66677.92440030134
  ],
  "UUID": "9c45ebced68846edb6e32ccc7e0aea79",
  "eval_time": 535.8563393999975
}