{
  "nfp": 2,
  "ncoils": 4,
  "order": 4,
  "nphi": 32,
  "ntheta": 32,
  "R0": 1.0,
  "R1": 0.4241302232894731,
  "UUID_init": null,
  "length_target": 5.580538827090171,
  "length_weight": 0.004610014168784472,
  "max_\u03ba_threshold": 5.6340845230121435,
  "max_\u03ba_weight": 1.5249551131331797e-08,
  "msc_threshold": 4.504486272403121,
  "msc_weight": 0.0001373860198936502,
  "cc_threshold": 0.09407334029945567,
  "cc_weight": 69165.89158369396,
  "cs_threshold": 0.20202652198857046,
  "cs_weight": 3517.0691123195925,
  "force_threshold": 34240.47268815323,
  "force_weight": 1.618216966650654e-12,
  "arclength_weight": 0.01,
  "JF": 0.00019889619066836174,
  "Jf": 0.00017081358039780574,
  "gradient_norm": 0.003839935627930438,
  "linking_number": 1.9987837823368064,
  "lengths": [
    4.257845753938044,
    4.194687244052634,
    4.956976425624949,
    4.774933772577972
  ],
  "max_length": 4.956976425624949,
  "max_\u03ba": [
    2.815326939888785,
    2.8245951757266208,
    2.634186667378641,
    3.0220020523843187
  ],
  "max_max_\u03ba": 3.0220020523843187,
  "MSCs": [
    3.885077492256801,
    4.029088361327602,
    3.527958848185451,
    4.5825011022601245
  ],
  "max_MSC": 4.5825011022601245,
  "max_forces": [
    28093.95270038927,
    34563.29584370442,
    23470.104477499677,
    30034.584906426517
  ],
  "max_max_force": 34563.29584370442,
  "arclength_variances": [
    8.700779592869563e-05,
    3.370484489486194e-05,
    0.0005403808945286473,
    0.002057855825040296
  ],
  "max_arclength_variance": 0.002057855825040296,
  "BdotN": 0.005748084380073798,
  "coil_coil_distance": 0.09412350629853344,
  "coil_surface_distance": 0.24368527385507396,
  "message": "ABNORMAL_TERMINATION_IN_LNSRCH",
  "success": false,
  "iterations": 113,
  "function_evaluations": 390,
  "coil_currents": [
    100000.0,
    88576.73360628249,
    87773.86163121555,
    90322.18236220762
  ],
  "UUID": "b3c672558db74950ade415ad59892294",
  "eval_time": 888.1141913920001
}