{
  "nfp": 2,
  "ncoils": 4,
  "order": 3,
  "nphi": 32,
  "ntheta": 32,
  "R0": 1.0,
  "R1": 0.533898841222827,
  "UUID_init": null,
  "length_target": 5.411261741421097,
  "length_weight": 0.002117503988017438,
  "max_\u03ba_threshold": 11.3655621672551,
  "max_\u03ba_weight": 8.259612663141934e-08,
  "msc_threshold": 4.697484835967389,
  "msc_weight": 0.0003401081506121762,
  "cc_threshold": 0.11534712812466172,
  "cc_weight": 223.40913529700182,
  "cs_threshold": 0.2867168544975784,
  "cs_weight": 476.9956502857295,
  "force_threshold": 14087.474032585356,
  "force_weight": 2.086634464980929e-10,
  "arclength_weight": 0.01,
  "JF": 3.479500730352091e-05,
  "Jf": 2.466992469279551e-05,
  "gradient_norm": 0.00011043866475895557,
  "linking_number": 4.75673119407585e-05,
  "lengths": [
    5.4165064080572645,
    3.65218046390676,
    3.593184199459697,
    3.7250258628917003
  ],
  "max_length": 5.4165064080572645,
  "max_\u03ba": [
    2.0736750348399227,
    2.955094286959368,
    2.8620750064410605,
    2.8889524646274523
  ],
  "max_max_\u03ba": 2.955094286959368,
  "MSCs": [
    2.276337766894223,
    4.700866328352585,
    4.7026548096339456,
    4.701377274076821
  ],
  "max_MSC": 4.7026548096339456,
  "max_forces": [
    14087.831410721401,
    4418.622216008421,
    5219.8912973721035,
    5285.745834107813
  ],
  "max_max_force": 14087.831410721401,
  "arclength_variances": [
    0.00018311007761682315,
    0.00015174492674880876,
    0.0002555195789880416,
    0.00041807017986730826
  ],
  "max_arclength_variance": 0.00041807017986730826,
  "BdotN": 0.002048369447662183,
  "coil_coil_distance": 0.1158567397747236,
  "coil_surface_distance": 0.28666301913972336,
  "message": "STOP: TOTAL NO. of ITERATIONS REACHED LIMIT",
  "success": false,
  "iterations": 400,
  "function_evaluations": 469,
  "coil_currents": [
    100000.0,
    20955.607557762796,
    37317.6021233482,
    44278.45798240402
  ],
  "UUID": "dd0aac919d2e4ff08ea627c1bebbe3af",
  "eval_time": 419.5928531469999
}