{
  "nfp": 2,
  "ncoils": 4,
  "order": 7,
  "nphi": 32,
  "ntheta": 32,
  "R0": 1.0,
  "R1": 0.41571237562772834,
  "UUID_init": null,
  "length_target": 4.536512209323247,
  "length_weight": 0.007458530344349171,
  "max_\u03ba_threshold": 5.917228267346921,
  "max_\u03ba_weight": 2.227166640340547e-08,
  "msc_threshold": 4.454195980800451,
  "msc_weight": 3.9278170291122765e-06,
  "cc_threshold": 0.0877949058138242,
  "cc_weight": 13229.588908546775,
  "cs_threshold": 0.178316902821316,
  "cs_weight": 38.09063074734034,
  "force_threshold": 41945.319818207674,
  "force_weight": 3.3066021395906366e-10,
  "arclength_weight": 0.01,
  "JF": 1.4458654281254748e-06,
  "Jf": 1.4128763049015284e-06,
  "gradient_norm": 0.00017548135581778331,
  "linking_number": 8.583408432557002e-06,
  "lengths": [
    4.5370297741821455,
    4.5349531848372795,
    4.536627628297935,
    4.453738355327867
  ],
  "max_length": 4.5370297741821455,
  "max_\u03ba": [
    2.887111030323313,
    2.932532681642053,
    3.076573614278561,
    2.8299156841933817
  ],
  "max_max_\u03ba": 3.076573614278561,
  "MSCs": [
    3.602388999040827,
    4.212802663903528,
    4.223502787242006,
    3.954360458515467
  ],
  "max_MSC": 4.223502787242006,
  "max_forces": [
    32991.138010098526,
    39098.71174261379,
    36781.79559961353,
    25386.943666713094
  ],
  "max_max_force": 39098.71174261379,
  "arclength_variances": [
    1.1743768909526043e-06,
    7.94666973890925e-07,
    5.561643329959037e-07,
    6.688390813045417e-07
  ],
  "max_arclength_variance": 1.1743768909526043e-06,
  "BdotN": 0.00044136446930485374,
  "coil_coil_distance": 0.08780227564910652,
  "coil_surface_distance": 0.2738550283840577,
  "message": "STOP: TOTAL NO. of ITERATIONS REACHED LIMIT",
  "success": false,
  "iterations": 400,
  "function_evaluations": 606,
  "coil_currents": [
    100000.0,
    88405.64956042991,
    91889.80505856259,
    92962.78937433919
  ],
  "UUID": "e84777ddee4543bf8bad83e387873e54",
  "eval_time": 1765.0369060790008
}