{
  "nfp": 2,
  "ncoils": 4,
  "order": 4,
  "nphi": 32,
  "ntheta": 32,
  "R0": 1.0,
  "R1": 0.5155929346307843,
  "UUID_init": null,
  "length_target": 4.644060678947117,
  "length_weight": 0.0005660299657212461,
  "max_\u03ba_threshold": 9.653307995328857,
  "max_\u03ba_weight": 2.104980430591873e-09,
  "msc_threshold": 4.158069841759188,
  "msc_weight": 3.407153385708951e-05,
  "cc_threshold": 0.10232825320433084,
  "cc_weight": 255.56198142416895,
  "cs_threshold": 0.2770577012220875,
  "cs_weight": 24.406423930175773,
  "force_threshold": 30664.213224274295,
  "force_weight": 2.3326433398883887e-13,
  "arclength_weight": 0.01,
  "JF": 3.5360193048277026e-06,
  "Jf": 3.088164340451164e-06,
  "gradient_norm": 5.828877782132092e-05,
  "linking_number": 0.00017223750540484292,
  "lengths": [
    4.650223143430932,
    4.47604531186863,
    4.47053196925136,
    4.496682064435564
  ],
  "max_length": 4.650223143430932,
  "max_\u03ba": [
    2.8532172976172587,
    2.7530039914521782,
    2.62552128046482,
    2.385553826201861
  ],
  "max_max_\u03ba": 2.8532172976172587,
  "MSCs": [
    3.4916118405265157,
    3.988837675985333,
    3.9620091042205083,
    3.8116383272098386
  ],
  "max_MSC": 3.988837675985333,
  "max_forces": [
    30365.57061223907,
    21596.96878575064,
    22581.27860902341,
    20606.381686684235
  ],
  "max_max_force": 30365.57061223907,
  "arclength_variances": [
    1.2153899191088178e-05,
    8.227531012628951e-06,
    1.2413098412539453e-05,
    1.0916187523164347e-05
  ],
  "max_arclength_variance": 1.2413098412539453e-05,
  "BdotN": 0.0006649311805638099,
  "coil_coil_distance": 0.10232809965400647,
  "coil_surface_distance": 0.2834129629926926,
  "message": "STOP: TOTAL NO. of ITERATIONS REACHED LIMIT",
  "success": false,
  "iterations": 400,
  "function_evaluations": 480,
  "coil_currents": [
    100000.0,
    75115.02590787696,
    84786.1156903807,
    89705.60428025093
  ],
  "UUID": "a775425078d24636bd1d42b693e58b86",
  "eval_time": 679.2406853459997
}