{
  "nfp": 2,
  "ncoils": 4,
  "order": 8,
  "nphi": 32,
  "ntheta": 32,
  "R0": 1.0,
  "R1": 0.36665340146511094,
  "UUID_init": null,
  "length_target": 4.902361881951032,
  "length_weight": 0.00046478213617646215,
  "max_\u03ba_threshold": 10.28417195313099,
  "max_\u03ba_weight": 4.9190100286237584e-08,
  "msc_threshold": 5.532793536675245,
  "msc_weight": 0.00019476550625940715,
  "cc_threshold": 0.09076907679229078,
  "cc_weight": 17400.55319402936,
  "cs_threshold": 0.18295514220341574,
  "cs_weight": 4794.630818301663,
  "force_threshold": 23348.822269210163,
  "force_weight": 3.292979717349486e-13,
  "arclength_weight": 0.01,
  "JF": 6.832019280957736e-07,
  "Jf": 6.310479792447706e-07,
  "gradient_norm": 0.00011315576543907006,
  "linking_number": 3.3935420089661697e-09,
  "lengths": [
    4.905666625101793,
    4.69437698375796,
    4.630313396284183,
    4.571374120413371
  ],
  "max_length": 4.905666625101793,
  "max_\u03ba": [
    3.1238568690952775,
    3.1889725550086263,
    3.499766039238905,
    3.2022419137562483
  ],
  "max_max_\u03ba": 3.499766039238905,
  "MSCs": [
    3.4781876538580145,
    4.059364494436498,
    4.477521290096357,
    4.664281936314001
  ],
  "max_MSC": 4.664281936314001,
  "max_forces": [
    23373.695195579654,
    21502.547555791683,
    21227.820981013465,
    17668.797795413946
  ],
  "max_max_force": 23373.695195579654,
  "arclength_variances": [
    1.1953497341730618e-06,
    3.3774494721883303e-07,
    2.0864547754837187e-06,
    1.236404287215441e-06
  ],
  "max_arclength_variance": 2.0864547754837187e-06,
  "BdotN": 0.0003332209484929069,
  "coil_coil_distance": 0.11951434174120856,
  "coil_surface_distance": 0.2569589776400099,
  "message": "STOP: TOTAL NO. of ITERATIONS REACHED LIMIT",
  "success": false,
  "iterations": 400,
  "function_evaluations": 406,
  "coil_currents": [
    100000.0,
    86973.59194484966,
    87729.08380715993,
    86670.23654179285
  ],
  "UUID": "55206d98241c41ca811b6186c953183c",
  "eval_time": 1810.0953100940005
}