{
  "nfp": 2,
  "ncoils": 4,
  "order": 1,
  "nphi": 32,
  "ntheta": 32,
  "R0": 1.0,
  "R1": 0.6904853396873804,
  "UUID_init": null,
  "length_target": 4.65878708299444,
  "length_weight": 0.00023394661444573405,
  "max_\u03ba_threshold": 10.971677188988053,
  "max_\u03ba_weight": 3.5166871441982004e-07,
  "msc_threshold": 5.012895231043421,
  "msc_weight": 0.00012897575448051258,
  "cc_threshold": 0.10496930957521408,
  "cc_weight": 6104.353459653918,
  "cs_threshold": 0.1742639790285106,
  "cs_weight": 0.4311671084653783,
  "force_threshold": 22490.342515416396,
  "force_weight": 3.0347984348168005e-10,
  "arclength_weight": 0.01,
  "JF": 0.0005902779339776431,
  "Jf": 0.0002151191222548138,
  "gradient_norm": 0.00015146074623274944,
  "linking_number": 1.3467343658893223,
  "lengths": [
    2.7997768546277975,
    4.725529551683896,
    4.261535074614111,
    4.3878335064620995
  ],
  "max_length": 4.725529551683896,
  "max_\u03ba": [
    2.2811709213968028,
    1.331746378661837,
    1.4749591814078893,
    1.4331788845369193
  ],
  "max_max_\u03ba": 2.2811709213968028,
  "MSCs": [
    5.036991667343156,
    1.7679066592642605,
    2.1738402921637343,
    2.050499278297247
  ],
  "max_MSC": 5.036991667343156,
  "max_forces": [
    9315.60645434189,
    2290.3365698090997,
    218.73177276681187,
    105.4113322793819
  ],
  "max_max_force": 9315.60645434189,
  "arclength_variances": [
    0.00011698604228954745,
    3.209808989804263e-06,
    1.4844767508944045e-07,
    8.099364398692813e-07
  ],
  "max_arclength_variance": 0.00011698604228954745,
  "BdotN": 0.005475410806782158,
  "coil_coil_distance": 0.10497087530521305,
  "coil_surface_distance": 0.07841680428746993,
  "message": "ABNORMAL_TERMINATION_IN_LNSRCH",
  "success": false,
  "iterations": 243,
  "function_evaluations": 848,
  "coil_currents": [
    100000.0,
    10828.803560613575,
    -11961.996392292176,
    3561.2271160274727
  ],
  "UUID": "75bfb6f25848458c81c525717635cc39",
  "eval_time": 133.339570178
}