{
  "nfp": 2,
  "ncoils": 4,
  "order": 14,
  "nphi": 32,
  "ntheta": 32,
  "R0": 1.0,
  "R1": 0.4313319713980839,
  "UUID_init": null,
  "length_target": 4.887435220537636,
  "length_weight": 0.00022942275052551783,
  "max_\u03ba_threshold": 11.450816114617833,
  "max_\u03ba_weight": 2.5470736616364296e-07,
  "msc_threshold": 4.327986648375246,
  "msc_weight": 0.00014906154566944992,
  "cc_threshold": 0.09902123978420256,
  "cc_weight": 8680.196379643281,
  "cs_threshold": 0.2125015492446182,
  "cs_weight": 45.533301290916604,
  "force_threshold": 40704.59633961419,
  "force_weight": 1.384594159289331e-10,
  "arclength_weight": 0.01,
  "JF": 2.1977408519497766e-06,
  "Jf": 2.1445513733161367e-06,
  "gradient_norm": 0.0002739816886710897,
  "linking_number": 3.339466838479809e-12,
  "lengths": [
    4.89858513329793,
    4.557573798970065,
    4.417065768334862,
    4.350471688256024
  ],
  "max_length": 4.89858513329793,
  "max_\u03ba": [
    4.011677463755843,
    3.395365361934461,
    3.7338119487105,
    3.1686817584695235
  ],
  "max_max_\u03ba": 4.011677463755843,
  "MSCs": [
    4.2432935958330535,
    4.213066969899506,
    4.270614192602606,
    4.170867890720869
  ],
  "max_MSC": 4.270614192602606,
  "max_forces": [
    39970.33008770157,
    39925.521051792,
    27716.41163591747,
    29516.232581903474
  ],
  "max_max_force": 39970.33008770157,
  "arclength_variances": [
    1.5250653853481802e-06,
    8.334234864257261e-07,
    7.966211671515181e-07,
    7.377396457131372e-07
  ],
  "max_arclength_variance": 1.5250653853481802e-06,
  "BdotN": 0.0005199997153648497,
  "coil_coil_distance": 0.09902151989018491,
  "coil_surface_distance": 0.29886491912734703,
  "message": "STOP: TOTAL NO. of ITERATIONS REACHED LIMIT",
  "success": false,
  "iterations": 400,
  "function_evaluations": 479,
  "coil_currents": [
    100000.0,
    92719.06071789419,
    92243.192838459,
    93279.3262576971
  ],
  "UUID": "90754ef761834cca99cba93e6d032729",
  "eval_time": 107.09526842900001
}