{
  "nfp": 2,
  "ncoils": 4,
  "order": 6,
  "nphi": 32,
  "ntheta": 32,
  "R0": 1.0,
  "R1": 0.4709576092397415,
  "UUID_init": null,
  "length_target": 4.751570761904909,
  "length_weight": 0.004978246944265653,
  "max_\u03ba_threshold": 5.763964694538923,
  "max_\u03ba_weight": 3.230033914029395e-09,
  "msc_threshold": 5.802243256116032,
  "msc_weight": 3.280732405545305e-05,
  "cc_threshold": 0.11258594067841238,
  "cc_weight": 1782.5573579131412,
  "cs_threshold": 0.17028259528696704,
  "cs_weight": 1106.1489920296813,
  "force_threshold": 9815.835681653174,
  "force_weight": 6.068158086071031e-14,
  "arclength_weight": 0.01,
  "JF": 1.5642285383226135e-05,
  "Jf": 1.268728393739277e-05,
  "gradient_norm": 9.78727810769756e-05,
  "linking_number": 9.302730616613782e-13,
  "lengths": [
    4.756305100737456,
    3.5030199257597032,
    3.484855119401703,
    3.489391132784326
  ],
  "max_length": 4.756305100737456,
  "max_\u03ba": [
    2.731909642143507,
    3.9272275281543405,
    3.7347379483410146,
    3.7404990541257077
  ],
  "max_max_\u03ba": 3.9272275281543405,
  "MSCs": [
    2.897877406381927,
    5.831542451915038,
    5.8102448707067635,
    5.516988380864749
  ],
  "max_MSC": 5.831542451915038,
  "max_forces": [
    11194.542632148603,
    4280.940723305539,
    4813.813446839091,
    4923.82120167182
  ],
  "max_max_force": 11194.542632148603,
  "arclength_variances": [
    4.5230125353380305e-06,
    3.301738715099906e-07,
    9.154733075842511e-07,
    4.324917399334376e-07
  ],
  "max_arclength_variance": 4.5230125353380305e-06,
  "BdotN": 0.0012983229588667104,
  "coil_coil_distance": 0.19812811731200303,
  "coil_surface_distance": 0.17705861108978665,
  "message": "STOP: TOTAL NO. of ITERATIONS REACHED LIMIT",
  "success": false,
  "iterations": 400,
  "function_evaluations": 410,
  "coil_currents": [
    100000.0,
    25630.588579960928,
    38031.62495564576,
    45293.88944655752
  ],
  "UUID": "efad1a51bbef4fd191764333a445a69e",
  "eval_time": 1353.519662904
}