{
  "nfp": 2,
  "ncoils": 4,
  "order": 5,
  "nphi": 32,
  "ntheta": 32,
  "R0": 1.0,
  "R1": 0.39786871035283045,
  "UUID_init": null,
  "length_target": 4.808780354764104,
  "length_weight": 0.0009506304677274358,
  "max_\u03ba_threshold": 5.544853305321329,
  "max_\u03ba_weight": 1.5710845918349451e-06,
  "msc_threshold": 4.147964304210653,
  "msc_weight": 2.780596608203178e-07,
  "cc_threshold": 0.10673127293950241,
  "cc_weight": 5629.877973366366,
  "cs_threshold": 0.27906923991867555,
  "cs_weight": 4548.00249207143,
  "force_threshold": 23248.518282726993,
  "force_weight": 5.270981340614677e-12,
  "arclength_weight": 0.01,
  "JF": 6.223161380248872e-06,
  "Jf": 4.564652808692994e-06,
  "gradient_norm": 0.0002353750237002671,
  "linking_number": 4.000170901161714,
  "lengths": [
    4.778486221185339,
    4.211677713478331,
    4.4494210519965725,
    4.701717409987031
  ],
  "max_length": 4.778486221185339,
  "max_\u03ba": [
    2.6247163323480596,
    3.0832574134671646,
    3.926179605878481,
    2.945838964698747
  ],
  "max_max_\u03ba": 3.926179605878481,
  "MSCs": [
    3.285947845900456,
    4.360327553106287,
    5.4730303415857815,
    4.096539400494977
  ],
  "max_MSC": 5.4730303415857815,
  "max_forces": [
    22370.592506809717,
    18021.278808618263,
    18481.902889012,
    14859.010008327921
  ],
  "max_max_force": 22370.592506809717,
  "arclength_variances": [
    1.1412496141643006e-05,
    3.2476148636084397e-06,
    0.00011420704243692953,
    1.1945847235228487e-05
  ],
  "max_arclength_variance": 0.00011420704243692953,
  "BdotN": 0.0009332480155666912,
  "coil_coil_distance": 0.10673340951008438,
  "coil_surface_distance": 0.2791753320081157,
  "message": "STOP: TOTAL NO. of ITERATIONS REACHED LIMIT",
  "success": false,
  "iterations": 400,
  "function_evaluations": 632,
  "coil_currents": [
    100000.0,
    69656.89892228929,
    70534.3517107098,
    76226.61371892953
  ],
  "UUID": "587d6e3a583f4a7589ff0c7050b37669",
  "eval_time": 1045.514811854
}