{
  "nfp": 2,
  "ncoils": 4,
  "order": 8,
  "nphi": 32,
  "ntheta": 32,
  "R0": 1.0,
  "R1": 0.37053076750769226,
  "UUID_init": null,
  "length_target": 4.789871734806239,
  "length_weight": 0.0004951932403804394,
  "max_\u03ba_threshold": 7.048121780831204,
  "max_\u03ba_weight": 3.950751881087429e-08,
  "msc_threshold": 4.038977456862472,
  "msc_weight": 4.358504243773968e-05,
  "cc_threshold": 0.11214699978470755,
  "cc_weight": 20539.523909674608,
  "cs_threshold": 0.26766508038867776,
  "cs_weight": 5.202279687479386,
  "force_threshold": 49123.62373945225,
  "force_weight": 4.4435382354361096e-13,
  "arclength_weight": 0.01,
  "JF": 0.059429846928958474,
  "Jf": 0.009248863710106926,
  "gradient_norm": 0.281048177752735,
  "linking_number": 6.360362932693152e-07,
  "lengths": [
    5.244002603353759,
    4.860149230921399,
    4.794357568942059,
    4.859835463176509
  ],
  "max_length": 5.244002603353759,
  "max_\u03ba": [
    11.522622187765517,
    9.27930335737825,
    14.90957911019978,
    11.100815669174287
  ],
  "max_max_\u03ba": 14.90957911019978,
  "MSCs": [
    8.957303037378061,
    8.686644594776897,
    9.856705570923179,
    8.921587206901584
  ],
  "max_MSC": 9.856705570923179,
  "max_forces": [
    24538.656883044554,
    28549.48447975622,
    26855.882371078736,
    27967.098012366565
  ],
  "max_max_force": 28549.48447975622,
  "arclength_variances": [
    0.11623262188024051,
    0.051388647886062254,
    0.12202522844616714,
    0.09119400784428053
  ],
  "max_arclength_variance": 0.12202522844616714,
  "BdotN": 0.03252053396897304,
  "coil_coil_distance": 0.11198714265785603,
  "coil_surface_distance": 0.005780228888288363,
  "message": "STOP: TOTAL NO. of ITERATIONS REACHED LIMIT",
  "success": false,
  "iterations": 400,
  "function_evaluations": 558,
  "coil_currents": [
    100000.0,
    85368.48539480224,
    87132.40542804245,
    86541.37637720267
  ],
  "UUID": "a00dfa4efe29445fada2dc1b4a41e63e",
  "eval_time": 1754.1439088579998
}